seq_id	class	organism	mtrA_score	mtoA_score	desc
TPE57692.1	Shewanella_DmsE	Shewanella sp. LC2	705.2	284.2	TPE57692.1 DmsE family decaheme c-type cytochrome [Shewanella sp. LC2]
QQK60605.1	Shewanella_DmsE	Shewanella sp. LC6	705.2	284.2	QQK60605.1 DmsE family decaheme c-type cytochrome [Shewanella sp. LC6]
QYJ70054.1	Shewanella_DmsE	Shewanella sp. FJAT-51649	704.7	282.2	QYJ70054.1 DmsE family decaheme c-type cytochrome [Shewanella sp. FJAT-51649]
WP_220053401.1	Shewanella_DmsE	Shewanella sp. FJAT-51649	704.7	282.2	WP_220053401.1 DmsE family decaheme c-type cytochrome [Shewanella sp. FJAT-51649]
PZP34831.1	Shewanella_DmsE	Shewanella oneidensis	704.7	284.1	PZP34831.1 MAG: DmsE family decaheme c-type cytochrome [Shewanella oneidensis]
PWH02810.1	Shewanella_DmsE	Shewanella xiamenensis	704.7	284.1	PWH02810.1 DmsE family decaheme c-type cytochrome [Shewanella xiamenensis]
QRK78175.1	Shewanella_DmsE	Shewanella sp. LZH-2	704.7	284.1	QRK78175.1 DmsE family decaheme c-type cytochrome [Shewanella sp. LZH-2]
WP_416921377.1	Shewanella_DmsE	Shewanella sp.	704.4	285.3	WP_416921377.1 DmsE family decaheme c-type cytochrome [Shewanella sp.]
RBP82876.1	Shewanella_DmsE	Shewanella putrefaciens	703.7	289.2	RBP82876.1 DmsE family decaheme c-type cytochrome [Shewanella putrefaciens]
UVW63471.1	Shewanella_DmsE	Shewanella baltica	703.2	289.7	UVW63471.1 DmsE family decaheme c-type cytochrome [Shewanella baltica]
AEG11995.1	Shewanella_DmsE	Shewanella baltica BA175	703.2	289.7	AEG11995.1 decaheme c-type cytochrome, DmsE family [Shewanella baltica BA175]
EHQ14469.1	Shewanella_DmsE	Shewanella baltica OS183	703.2	289.7	EHQ14469.1 decaheme c-type cytochrome, DmsE family [Shewanella baltica OS183]
ADT93822.1	Shewanella_DmsE	Shewanella baltica OS678	703.2	289.7	ADT93822.1 decaheme c-type cytochrome, DmsE family [Shewanella baltica OS678]
EHC07048.1	Shewanella_DmsE	Shewanella baltica OS625	703.2	289.7	EHC07048.1 decaheme c-type cytochrome, DmsE family [Shewanella baltica OS625]
WP_249555802.1	Shewanella_DmsE	Shewanella	702.9	281.2	WP_249555802.1 MULTISPECIES: DmsE family decaheme c-type cytochrome [Shewanella]
WP_374896346.1	Shewanella_DmsE	Shewanella mangrovisoli	702.9	279.9	WP_374896346.1 DmsE family decaheme c-type cytochrome [Shewanella mangrovisoli]
QKG96445.1	Shewanella_DmsE	Shewanella oneidensis MR-1	702.8	284.7	QKG96445.1 DmsE family decaheme c-type cytochrome [Shewanella oneidensis MR-1]
WP_208659294.1	Shewanella_DmsE	Shewanella decolorationis	702.6	281.4	WP_208659294.1 DmsE family decaheme c-type cytochrome [Shewanella decolorationis]
QDZ91537.1	Shewanella_DmsE	Shewanella decolorationis	702.6	281.4	QDZ91537.1 DmsE family decaheme c-type cytochrome [Shewanella decolorationis]
WP_133180526.1	Shewanella_DmsE	Shewanella decolorationis	702.5	281.2	WP_133180526.1 DmsE family decaheme c-type cytochrome [Shewanella decolorationis]
AEH13453.1	Shewanella_DmsE	Shewanella baltica OS117	701.2	290.3	AEH13453.1 decaheme c-type cytochrome, DmsE family [Shewanella baltica OS117]
SIQ86977.1	Shewanella_DmsE	Shewanella morhuae	696.8	279.8	SIQ86977.1 decaheme c-type cytochrome, DmsE family [Shewanella morhuae]
QSE50740.1	Shewanella_DmsE	Shewanella putrefaciens	695.2	286.7	QSE50740.1 DmsE family decaheme c-type cytochrome [Shewanella putrefaciens]
WP_011789903.1	Shewanella_DmsE	Shewanella	695.2	286.7	WP_011789903.1 MULTISPECIES: DmsE family decaheme c-type cytochrome [Shewanella]
QYX74150.1	Shewanella_DmsE	Shewanella putrefaciens	695.2	286.7	QYX74150.1 DmsE family decaheme c-type cytochrome [Shewanella putrefaciens]
WP_310186591.1	Shewanella_DmsE	Shewanella putrefaciens	695.1	286.4	WP_310186591.1 DmsE family decaheme c-type cytochrome [Shewanella putrefaciens]
UXK07304.1	Shewanella_DmsE	Shewanella putrefaciens	695.0	286.9	UXK07304.1 DmsE family decaheme c-type cytochrome [Shewanella putrefaciens]
WP_261761759.1	Shewanella_DmsE	Shewanella putrefaciens	695.0	286.9	WP_261761759.1 DmsE family decaheme c-type cytochrome [Shewanella putrefaciens]
WP_115015390.1	Shewanella_DmsE	Shewanella putrefaciens	694.4	286.3	WP_115015390.1 DmsE family decaheme c-type cytochrome [Shewanella putrefaciens]
UPO36688.1	Shewanella_DmsE	Shewanella sp. JNE7	693.6	286.0	UPO36688.1 DmsE family decaheme c-type cytochrome [Shewanella sp. JNE7]
WP_248084997.1	Shewanella_DmsE	unclassified Shewanella	693.6	286.0	WP_248084997.1 MULTISPECIES: DmsE family decaheme c-type cytochrome [unclassified Shewanella]
UPO25703.1	Shewanella_DmsE	Shewanella sp. JNE10-2	693.6	286.0	UPO25703.1 DmsE family decaheme c-type cytochrome [Shewanella sp. JNE10-2]
QYJ77728.1	Shewanella_DmsE	Shewanella acanthi	692.1	288.9	QYJ77728.1 DmsE family decaheme c-type cytochrome [Shewanella acanthi]
WP_220049357.1	Shewanella_DmsE	Shewanella acanthi	692.1	288.9	WP_220049357.1 DmsE family decaheme c-type cytochrome [Shewanella acanthi]
WP_039033873.1	Shewanella_DmsE	Shewanella	691.6	290.2	WP_039033873.1 MULTISPECIES: DmsE family decaheme c-type cytochrome [Shewanella]
WP_404829466.1	Shewanella_DmsE	Shewanella chilikensis	691.6	289.8	WP_404829466.1 DmsE family decaheme c-type cytochrome [Shewanella chilikensis]
QWL04675.1	Shewanella_DmsE	Shewanella indica	691.6	289.9	QWL04675.1 DmsE family decaheme c-type cytochrome [Shewanella indica]
WP_464790215.1	Shewanella_DmsE	Shewanella algae	691.4	292.0	WP_464790215.1 DmsE family decaheme c-type cytochrome [Shewanella algae]
WP_096141310.1	Shewanella_DmsE	Shewanella algae	691.3	294.0	WP_096141310.1 DmsE family decaheme c-type cytochrome [Shewanella algae]
WP_371872910.1	Shewanella_DmsE	Shewanella algae	691.2	292.9	WP_371872910.1 DmsE family decaheme c-type cytochrome [Shewanella algae]
WP_412496848.1	Shewanella_DmsE	Shewanella algae	691.2	290.4	WP_412496848.1 DmsE family decaheme c-type cytochrome [Shewanella algae]
AYV13349.1	Shewanella_DmsE	Shewanella algae	690.9	293.3	AYV13349.1 DmsE family decaheme c-type cytochrome [Shewanella algae]
WP_123116108.1	Shewanella_DmsE	Shewanella algae	690.9	293.3	WP_123116108.1 DmsE family decaheme c-type cytochrome [Shewanella algae]
QXP31687.1	Shewanella_DmsE	Shewanella algae	690.8	292.6	QXP31687.1 DmsE family decaheme c-type cytochrome [Shewanella algae]
QXP35052.1	Shewanella_DmsE	Shewanella algae	690.8	292.6	QXP35052.1 DmsE family decaheme c-type cytochrome [Shewanella algae]
XAG87318.1	other	bacterium 19CA01SA08	690.8	292.6	XAG87318.1 DmsE family decaheme c-type cytochrome [bacterium 19CA01SA08]
QTE80754.1	Shewanella_DmsE	Shewanella algae	690.8	292.6	QTE80754.1 DmsE family decaheme c-type cytochrome [Shewanella algae]
QTE79597.1	Shewanella_DmsE	Shewanella algae	690.8	292.6	QTE79597.1 DmsE family decaheme c-type cytochrome [Shewanella algae]
QTE85102.1	Shewanella_DmsE	Shewanella algae	690.8	292.6	QTE85102.1 DmsE family decaheme c-type cytochrome [Shewanella algae]
QXP37135.1	Shewanella_DmsE	Shewanella algae	690.8	292.6	QXP37135.1 DmsE family decaheme c-type cytochrome [Shewanella algae]
UYA15372.1	Shewanella_DmsE	Shewanella algae	690.8	292.6	UYA15372.1 DmsE family decaheme c-type cytochrome [Shewanella algae]
QNV05100.1	Shewanella_DmsE	Shewanella algae	690.8	292.6	QNV05100.1 DmsE family decaheme c-type cytochrome [Shewanella algae]
XAG44072.1	Shewanella_DmsE	Shewanella algae	690.8	292.6	XAG44072.1 DmsE family decaheme c-type cytochrome [Shewanella algae]
QNH98614.1	Shewanella_DmsE	Shewanella algae	690.8	292.6	QNH98614.1 DmsE family decaheme c-type cytochrome [Shewanella algae]
WP_093983290.1	Shewanella_DmsE	Shewanella	690.8	292.6	WP_093983290.1 MULTISPECIES: DmsE family decaheme c-type cytochrome [Shewanella]
WKC43408.1	Shewanella_DmsE	Shewanella algae	690.8	292.6	WKC43408.1 DmsE family decaheme c-type cytochrome [Shewanella algae]
XAG79646.1	other	bacterium 19NY03SH02	690.8	292.6	XAG79646.1 DmsE family decaheme c-type cytochrome [bacterium 19NY03SH02]
QWL08469.1	Shewanella_DmsE	Shewanella algae	690.8	292.6	QWL08469.1 DmsE family decaheme c-type cytochrome [Shewanella algae]
XQK10966.1	Shewanella_DmsE	Shewanella algae	690.8	292.6	XQK10966.1 DmsE family decaheme c-type cytochrome [Shewanella algae]
QHD55504.1	Shewanella_DmsE	Shewanella algae	690.8	292.6	QHD55504.1 DmsE family decaheme c-type cytochrome [Shewanella algae]
QXP18390.1	Shewanella_DmsE	Shewanella algae	690.8	292.6	QXP18390.1 DmsE family decaheme c-type cytochrome [Shewanella algae]
QTE92282.1	Shewanella_DmsE	Shewanella algae	690.8	292.6	QTE92282.1 DmsE family decaheme c-type cytochrome [Shewanella algae]
QGS60463.1	Shewanella_DmsE	Shewanella algae	690.8	292.6	QGS60463.1 DmsE family decaheme c-type cytochrome [Shewanella algae]
WP_145838822.1	Shewanella_DmsE	Shewanella algae	690.4	293.2	WP_145838822.1 DmsE family decaheme c-type cytochrome [Shewanella algae]
WP_208140179.1	Shewanella_DmsE	Shewanella algae	690.1	293.7	WP_208140179.1 DmsE family decaheme c-type cytochrome [Shewanella algae]
WP_345861283.1	Shewanella_DmsE	Shewanella algae	689.8	292.0	WP_345861283.1 DmsE family decaheme c-type cytochrome [Shewanella algae]
QQO83274.1	Shewanella_DmsE	Shewanella algae	689.8	292.0	QQO83274.1 DmsE family decaheme c-type cytochrome [Shewanella algae]
WP_475626890.1	Shewanella_DmsE	Shewanella algae	689.8	292.6	WP_475626890.1 DmsE family decaheme c-type cytochrome [Shewanella algae]
WP_208191654.1	Shewanella_DmsE	Shewanella algae	689.4	292.1	WP_208191654.1 DmsE family decaheme c-type cytochrome [Shewanella algae]
WP_099049509.1	Shewanella_DmsE	Shewanella	689.3	292.2	WP_099049509.1 MULTISPECIES: DmsE family decaheme c-type cytochrome [Shewanella]
WP_248952759.1	Shewanella_DmsE	Shewanella sp.	689.2	289.8	WP_248952759.1 DmsE family decaheme c-type cytochrome [Shewanella sp.]
UZD60110.1	Shewanella_DmsE	Shewanella algae	689.2	289.8	UZD60110.1 DmsE family decaheme c-type cytochrome [Shewanella algae]
WP_406818632.1	Shewanella_DmsE	Shewanella	689.2	290.0	WP_406818632.1 MULTISPECIES: DmsE family decaheme c-type cytochrome [Shewanella]
PYE59428.1	Shewanella_DmsE	Shewanella chilikensis	689.1	290.2	PYE59428.1 DmsE family decaheme c-type cytochrome [Shewanella chilikensis]
WP_101053332.1	Shewanella_DmsE	Shewanella sp.	689.1	290.2	WP_101053332.1 DmsE family decaheme c-type cytochrome [Shewanella sp.]
WP_373296799.1	Shewanella_DmsE	Shewanella	689.1	290.4	WP_373296799.1 MULTISPECIES: DmsE family decaheme c-type cytochrome [Shewanella]
QIJ05195.1	Shewanella_DmsE	Shewanella chilikensis	689.1	290.2	QIJ05195.1 DmsE family decaheme c-type cytochrome [Shewanella chilikensis]
XQK07070.1	Shewanella_DmsE	Shewanella chilikensis	689.1	290.4	XQK07070.1 DmsE family decaheme c-type cytochrome [Shewanella chilikensis]
PWF92873.1	Shewanella_DmsE	Shewanella algae	689.1	290.2	PWF92873.1 DmsE family decaheme c-type cytochrome [Shewanella algae]
WYI87316.1	Shewanella_DmsE	Shewanella chilikensis	689.1	290.2	WYI87316.1 DmsE family decaheme c-type cytochrome [Shewanella chilikensis]
WP_475629906.1	Shewanella_DmsE	Shewanella algae	688.8	292.6	WP_475629906.1 DmsE family decaheme c-type cytochrome [Shewanella algae]
WP_234523059.1	Shewanella_DmsE	Shewanella algae	688.8	294.3	WP_234523059.1 DmsE family decaheme c-type cytochrome [Shewanella algae]
QTE96492.1	Shewanella_DmsE	Shewanella algae	688.7	292.4	QTE96492.1 DmsE family decaheme c-type cytochrome [Shewanella algae]
WP_371872581.1	Shewanella_DmsE	Shewanella	688.7	292.7	WP_371872581.1 MULTISPECIES: DmsE family decaheme c-type cytochrome [Shewanella]
WP_208124499.1	Shewanella_DmsE	Shewanella algae	688.7	292.4	WP_208124499.1 DmsE family decaheme c-type cytochrome [Shewanella algae]
WP_146508747.1	Shewanella_DmsE	Shewanella algae	688.6	294.0	WP_146508747.1 DmsE family decaheme c-type cytochrome [Shewanella algae]
WP_475618262.1	Shewanella_DmsE	Shewanella algae	688.1	293.1	WP_475618262.1 DmsE family decaheme c-type cytochrome [Shewanella algae]
WP_447018237.1	Shewanella_DmsE	Shewanella algae	687.9	291.3	WP_447018237.1 DmsE family decaheme c-type cytochrome [Shewanella algae]
WP_282633807.1	Shewanella_DmsE	Shewanella xiamenensis	687.8	287.1	WP_282633807.1 DmsE family decaheme c-type cytochrome [Shewanella xiamenensis]
WP_234596843.1	Shewanella_DmsE	Shewanella chilikensis	687.7	290.0	WP_234596843.1 DmsE family decaheme c-type cytochrome [Shewanella chilikensis]
WP_438675102.1	Shewanella_DmsE	Shewanella sp.	687.2	286.8	WP_438675102.1 DmsE family decaheme c-type cytochrome [Shewanella sp.]
CAM3152323.1	Shewanella_DmsE	Shewanella algae	686.8	288.1	CAM3152323.1 DmsE family decaheme c-type cytochrome [Shewanella algae]
WP_221051374.1	Shewanella_DmsE	Shewanella algae	686.8	288.1	WP_221051374.1 DmsE family decaheme c-type cytochrome [Shewanella algae]
WP_438679794.1	Shewanella_DmsE	Shewanella sp.	686.7	287.0	WP_438679794.1 DmsE family decaheme c-type cytochrome [Shewanella sp.]
WP_208149284.1	Shewanella_DmsE	Shewanella algae	686.5	294.5	WP_208149284.1 DmsE family decaheme c-type cytochrome [Shewanella algae]
WP_221049431.1	Shewanella_DmsE	Shewanella carassii	686.3	295.1	WP_221049431.1 DmsE family decaheme c-type cytochrome [Shewanella carassii]
WP_100145458.1	Shewanella_DmsE	Shewanella carassii	686.2	292.2	WP_100145458.1 DmsE family decaheme c-type cytochrome [Shewanella carassii]
WP_422917904.1	Shewanella_DmsE	Shewanella algae	684.5	285.4	WP_422917904.1 DmsE family decaheme c-type cytochrome [Shewanella algae]
WP_248988703.1	Shewanella_DmsE	Shewanella gelidimarina	675.7	286.9	WP_248988703.1 DmsE family decaheme c-type cytochrome [Shewanella gelidimarina]
WP_101093613.1	Shewanella_DmsE	unclassified Shewanella	675.2	283.6	WP_101093613.1 MULTISPECIES: DmsE family decaheme c-type cytochrome [unclassified Shewanella]
QQX78872.1	Shewanella_DmsE	Shewanella sp. KX20019	674.6	280.9	QQX78872.1 DmsE family decaheme c-type cytochrome [Shewanella sp. KX20019]
WP_202285430.1	Shewanella_DmsE	Shewanella sp. KX20019	674.6	280.9	WP_202285430.1 DmsE family decaheme c-type cytochrome [Shewanella sp. KX20019]
WP_220108024.1	Shewanella_DmsE	Shewanella nanhaiensis	674.2	285.3	WP_220108024.1 DmsE family decaheme c-type cytochrome [Shewanella nanhaiensis]
CAM2859101.1	Shewanella_DmsE	Shewanella loihica	673.9	283.4	CAM2859101.1 DmsE family decaheme c-type cytochrome [Shewanella loihica]
WP_011866323.1	Shewanella_DmsE	Shewanella loihica	673.9	283.4	WP_011866323.1 DmsE family decaheme c-type cytochrome [Shewanella loihica]
WP_160793692.1	Shewanella_DmsE	Shewanella insulae	673.5	284.2	WP_160793692.1 DmsE family decaheme c-type cytochrome [Shewanella insulae]
WP_239844011.1	Shewanella_DmsE	Shewanella sp. Isolate11	673.3	282.0	WP_239844011.1 DmsE family decaheme c-type cytochrome [Shewanella sp. Isolate11]
WP_345847664.1	Shewanella_DmsE	Shewanella algae	673.1	284.7	WP_345847664.1 DmsE family decaheme c-type cytochrome [Shewanella algae]
WP_012325733.1	Shewanella_DmsE	Shewanella woodyi	673.0	286.9	WP_012325733.1 DmsE family decaheme c-type cytochrome [Shewanella woodyi]
QYJ81218.1	Shewanella_DmsE	Shewanella aegiceratis	672.9	284.1	QYJ81218.1 DmsE family decaheme c-type cytochrome [Shewanella aegiceratis]
WP_220071835.1	Shewanella_DmsE	Shewanella aegiceratis	672.9	284.1	WP_220071835.1 DmsE family decaheme c-type cytochrome [Shewanella aegiceratis]
WP_144040039.1	Shewanella_DmsE	Shewanella hanedai	672.7	282.8	WP_144040039.1 DmsE family decaheme c-type cytochrome [Shewanella hanedai]
TRY14423.1	Shewanella_DmsE	Shewanella hanedai	672.7	282.8	TRY14423.1 DmsE family decaheme c-type cytochrome [Shewanella hanedai]
WP_239870536.1	Shewanella_DmsE	Shewanella insulae	672.5	281.0	WP_239870536.1 DmsE family decaheme c-type cytochrome [Shewanella insulae]
QYJ92574.1	Shewanella_DmsE	Shewanella spartinae	672.4	284.1	QYJ92574.1 DmsE family decaheme c-type cytochrome [Shewanella spartinae]
QYK11705.1	Shewanella_DmsE	Shewanella rhizosphaerae	672.4	284.1	QYK11705.1 DmsE family decaheme c-type cytochrome [Shewanella rhizosphaerae]
WP_220078676.1	Shewanella_DmsE	Shewanella	672.4	284.1	WP_220078676.1 MULTISPECIES: DmsE family decaheme c-type cytochrome [Shewanella]
WP_281212614.1	Shewanella_DmsE	Shewanella insulae	672.2	281.1	WP_281212614.1 DmsE family decaheme c-type cytochrome [Shewanella insulae]
WP_394200462.1	Shewanella_DmsE	Shewanella waksmanii	672.1	280.1	WP_394200462.1 DmsE family decaheme c-type cytochrome [Shewanella waksmanii]
WP_144200463.1	Shewanella_DmsE	Shewanella sp. KCT	671.7	284.0	WP_144200463.1 DmsE family decaheme c-type cytochrome [Shewanella sp. KCT]
WP_248980457.1	Shewanella_DmsE	Shewanella abyssi	671.5	284.0	WP_248980457.1 DmsE family decaheme c-type cytochrome [Shewanella abyssi]
WP_041509369.1	Shewanella_DmsE	Shewanella	671.4	283.1	WP_041509369.1 MULTISPECIES: DmsE family decaheme c-type cytochrome [Shewanella]
CAM3898923.1	Shewanella_DmsE	Shewanella aquimarina	671.4	283.1	CAM3898923.1 DmsE family decaheme c-type cytochrome [Shewanella aquimarina]
WP_160794617.1	Shewanella_DmsE	Shewanella insulae	671.4	281.1	WP_160794617.1 DmsE family decaheme c-type cytochrome [Shewanella insulae]
WP_394388133.1	Shewanella_DmsE	Shewanella woodyi	671.4	285.4	WP_394388133.1 DmsE family decaheme c-type cytochrome [Shewanella woodyi]
WP_065108400.1	Shewanella_DmsE	Shewanella sp. MMG014	671.1	274.7	WP_065108400.1 DmsE family decaheme c-type cytochrome [Shewanella sp. MMG014]
WP_299788002.1	Shewanella_DmsE	Shewanella atlantica	671.0	283.2	WP_299788002.1 DmsE family decaheme c-type cytochrome [Shewanella atlantica]
QYJ91321.1	Shewanella_DmsE	Shewanella halotolerans	670.6	281.8	QYJ91321.1 DmsE family decaheme c-type cytochrome [Shewanella halotolerans]
WP_220060368.1	Shewanella_DmsE	Shewanella halotolerans	670.6	281.8	WP_220060368.1 DmsE family decaheme c-type cytochrome [Shewanella halotolerans]
WBJ93703.1	Shewanella_DmsE	Shewanella sp. MTB7	670.3	278.7	WBJ93703.1 DmsE family decaheme c-type cytochrome [Shewanella sp. MTB7]
WP_269967331.1	Shewanella_DmsE	unclassified Shewanella	670.3	278.7	WP_269967331.1 MULTISPECIES: DmsE family decaheme c-type cytochrome [unclassified Shewanella]
WP_239851405.1	Shewanella_DmsE	Shewanella sp. Isolate8	670.1	284.2	WP_239851405.1 DmsE family decaheme c-type cytochrome [Shewanella sp. Isolate8]
WP_239883135.1	Shewanella_DmsE	Shewanella sp. Isolate7	669.8	282.5	WP_239883135.1 DmsE family decaheme c-type cytochrome [Shewanella sp. Isolate7]
WP_220042866.1	Shewanella_DmsE	Shewanella alkalitolerans	669.7	282.5	WP_220042866.1 DmsE family decaheme c-type cytochrome [Shewanella alkalitolerans]
QYJ96457.1	Shewanella_DmsE	Shewanella alkalitolerans	669.7	282.5	QYJ96457.1 DmsE family decaheme c-type cytochrome [Shewanella alkalitolerans]
WP_028763572.1	Shewanella_DmsE	Shewanella colwelliana	669.3	281.3	WP_028763572.1 DmsE family decaheme c-type cytochrome [Shewanella colwelliana]
QFU22008.1	Shewanella_DmsE	Shewanella sp. YLB-09	669.2	284.9	QFU22008.1 DmsE family decaheme c-type cytochrome [Shewanella sp. YLB-09]
QPG57297.1	Shewanella_DmsE	Shewanella eurypsychrophilus	669.2	284.9	QPG57297.1 DmsE family decaheme c-type cytochrome [Shewanella eurypsychrophilus]
WP_142872660.1	Shewanella_DmsE	Shewanella	669.2	284.9	WP_142872660.1 MULTISPECIES: DmsE family decaheme c-type cytochrome [Shewanella]
WP_248982914.1	Shewanella_DmsE	Shewanella olleyana	669.0	274.3	WP_248982914.1 DmsE family decaheme c-type cytochrome [Shewanella olleyana]
WP_420833163.1	Shewanella_DmsE	Shewanella gaetbuli	668.5	285.5	WP_420833163.1 DmsE family decaheme c-type cytochrome [Shewanella gaetbuli]
AQS37064.1	Shewanella_DmsE	Shewanella psychrophila	668.3	282.7	AQS37064.1 decaheme c-type cytochrome, DmsE family [Shewanella psychrophila]
WP_077752281.1	Shewanella_DmsE	Shewanella psychrophila	668.3	282.7	WP_077752281.1 DmsE family decaheme c-type cytochrome [Shewanella psychrophila]
WP_144047295.1	Shewanella_DmsE	Shewanella	667.3	282.9	WP_144047295.1 MULTISPECIES: DmsE family decaheme c-type cytochrome [Shewanella]
QDO84949.1	Shewanella_DmsE	Shewanella psychropiezotolerans	667.3	282.9	QDO84949.1 DmsE family decaheme c-type cytochrome [Shewanella psychropiezotolerans]
WP_220063715.1	Shewanella_DmsE	Shewanella mesophila	666.9	281.8	WP_220063715.1 DmsE family decaheme c-type cytochrome [Shewanella mesophila]
QYJ87386.1	Shewanella_DmsE	Shewanella mesophila	666.9	281.8	QYJ87386.1 DmsE family decaheme c-type cytochrome [Shewanella mesophila]
WP_220070680.1	Shewanella_DmsE	Shewanella psychrotolerans	666.4	283.6	WP_220070680.1 DmsE family decaheme c-type cytochrome [Shewanella psychrotolerans]
QYK02603.1	Shewanella_DmsE	Shewanella psychrotolerans	666.4	283.6	QYK02603.1 DmsE family decaheme c-type cytochrome [Shewanella psychrotolerans]
WP_012141871.1	Shewanella_DmsE	Shewanella sediminis	666.3	281.9	WP_012141871.1 DmsE family decaheme c-type cytochrome [Shewanella sediminis]
WP_193631019.1	Shewanella_DmsE	Shewanella benthica	666.2	287.9	WP_193631019.1 DmsE family decaheme c-type cytochrome [Shewanella benthica]
WP_226414417.1	Shewanella_DmsE	Shewanella glacialimarina	666.1	280.5	WP_226414417.1 DmsE family decaheme c-type cytochrome [Shewanella glacialimarina]
WP_011919066.1	Shewanella_DmsE	Shewanella putrefaciens	666.1	289.1	WP_011919066.1 DmsE family decaheme c-type cytochrome [Shewanella putrefaciens]
QGS50356.1	Shewanella_DmsE	Shewanella putrefaciens	666.1	289.1	QGS50356.1 DmsE family decaheme c-type cytochrome [Shewanella putrefaciens]
UCX04101.1	Shewanella_DmsE	Shewanella glacialimarina	666.1	280.5	UCX04101.1 DmsE family decaheme c-type cytochrome [Shewanella glacialimarina]
WP_126503520.1	Shewanella_DmsE	Shewanella atlantica	666.0	282.1	WP_126503520.1 DmsE family decaheme c-type cytochrome [Shewanella atlantica]
RTR34359.1	Shewanella_DmsE	Shewanella atlantica	666.0	282.1	RTR34359.1 DmsE family decaheme c-type cytochrome [Shewanella atlantica]
WP_005502187.1	Shewanella_DmsE	Shewanella benthica	666.0	281.3	WP_005502187.1 DmsE family decaheme c-type cytochrome [Shewanella benthica]
QLE84959.1	Shewanella_DmsE	Shewanella sp. Scap07	665.8	275.0	QLE84959.1 DmsE family decaheme c-type cytochrome [Shewanella sp. Scap07]
WP_179024228.1	Shewanella_DmsE	Shewanella sp. Scap07	665.8	275.0	WP_179024228.1 DmsE family decaheme c-type cytochrome [Shewanella sp. Scap07]
WP_126520794.1	Shewanella_DmsE	Shewanella canadensis	665.6	283.0	WP_126520794.1 DmsE family decaheme c-type cytochrome [Shewanella canadensis]
RTR38557.1	Shewanella_DmsE	Shewanella canadensis	665.6	283.0	RTR38557.1 DmsE family decaheme c-type cytochrome [Shewanella canadensis]
WP_287947212.1	Shewanella_DmsE	Shewanella	665.5	287.5	WP_287947212.1 MULTISPECIES: DmsE family decaheme c-type cytochrome [Shewanella]
WP_484349768.1	Shewanella_DmsE	Shewanella sp.	665.3	281.3	WP_484349768.1 DmsE family decaheme c-type cytochrome [Shewanella sp.]
WP_033537650.1	Shewanella_DmsE	Shewanella	665.3	283.7	WP_033537650.1 MULTISPECIES: DmsE family decaheme c-type cytochrome [Shewanella]
QDF74818.1	Shewanella_DmsE	Shewanella marisflavi	665.3	283.7	QDF74818.1 DmsE family decaheme c-type cytochrome [Shewanella marisflavi]
XXI23813.1	Shewanella_DmsE	Shewanella sp. HL-SH4	665.1	279.4	XXI23813.1 DmsE family decaheme c-type cytochrome [Shewanella sp. HL-SH4]
WP_434951079.1	Shewanella_DmsE	Shewanella sp. HL-SH4	665.1	279.4	WP_434951079.1 DmsE family decaheme c-type cytochrome [Shewanella sp. HL-SH4]
UPO32597.1	Shewanella_DmsE	Shewanella sp. JNE2	664.9	286.6	UPO32597.1 DmsE family decaheme c-type cytochrome [Shewanella sp. JNE2]
WP_248066399.1	Shewanella_DmsE	unclassified Shewanella	664.9	286.6	WP_248066399.1 MULTISPECIES: DmsE family decaheme c-type cytochrome [unclassified Shewanella]
WP_220755525.1	Shewanella_DmsE	uncultured Shewanella sp.	664.8	273.5	WP_220755525.1 DmsE family decaheme c-type cytochrome [uncultured Shewanella sp.]
WP_371931124.1	Shewanella_DmsE	Shewanella	664.6	277.0	WP_371931124.1 MULTISPECIES: DmsE family decaheme c-type cytochrome [Shewanella]
WP_373290875.1	Shewanella_DmsE	Shewanella aestuarii	664.6	278.0	WP_373290875.1 DmsE family decaheme c-type cytochrome [Shewanella aestuarii]
XXI27364.1	Shewanella_DmsE	Shewanella sp. HL-SH2	664.5	279.6	XXI27364.1 DmsE family decaheme c-type cytochrome [Shewanella sp. HL-SH2]
XXI21780.1	Shewanella_DmsE	Shewanella sp. HL-SH5	664.5	279.6	XXI21780.1 DmsE family decaheme c-type cytochrome [Shewanella sp. HL-SH5]
WP_434926676.1	Shewanella_DmsE	unclassified Shewanella	664.5	279.6	WP_434926676.1 MULTISPECIES: DmsE family decaheme c-type cytochrome [unclassified Shewanella]
WP_418076016.1	Shewanella_DmsE	Shewanella	664.4	283.9	WP_418076016.1 MULTISPECIES: DmsE family decaheme c-type cytochrome [Shewanella]
WP_144214024.1	Shewanella_DmsE	Shewanella donghaensis	664.2	271.0	WP_144214024.1 DmsE family decaheme c-type cytochrome [Shewanella donghaensis]
WP_420876304.1	Shewanella_DmsE	Shewanella japonica	664.2	269.6	WP_420876304.1 DmsE family decaheme c-type cytochrome [Shewanella japonica]
WP_434938487.1	Shewanella_DmsE	Shewanella sp. HL-SH8	663.9	279.7	WP_434938487.1 DmsE family decaheme c-type cytochrome [Shewanella sp. HL-SH8]
XXI30856.1	Shewanella_DmsE	Shewanella sp. HL-SH8	663.9	279.7	XXI30856.1 DmsE family decaheme c-type cytochrome [Shewanella sp. HL-SH8]
WP_153915485.1	Shewanella_DmsE	Shewanella sp. TC10	663.9	275.1	WP_153915485.1 DmsE family decaheme c-type cytochrome [Shewanella sp. TC10]
WP_295032776.1	Shewanella_DmsE	Shewanella sp.	663.7	284.0	WP_295032776.1 DmsE family decaheme c-type cytochrome [Shewanella sp.]
WP_102528603.1	Shewanella_DmsE	Shewanella sp. 10N.286.51.B7	663.5	276.7	WP_102528603.1 DmsE family decaheme c-type cytochrome [Shewanella sp. 10N.286.51.B7]
WP_418077762.1	Shewanella_DmsE	Shewanella marisflavi	663.3	284.3	WP_418077762.1 DmsE family decaheme c-type cytochrome [Shewanella marisflavi]
WP_478404643.1	Shewanella_DmsE	Shewanella glacialimarina	663.3	280.2	WP_478404643.1 DmsE family decaheme c-type cytochrome [Shewanella glacialimarina]
WP_412550079.1	Shewanella_DmsE	Shewanella	662.8	269.8	WP_412550079.1 MULTISPECIES: DmsE family decaheme c-type cytochrome [Shewanella]
WP_248973702.1	Shewanella_DmsE	Shewanella kaireitica	662.7	283.9	WP_248973702.1 DmsE family decaheme c-type cytochrome [Shewanella kaireitica]
WP_028772335.1	Shewanella_DmsE	Shewanella waksmanii	662.7	276.0	WP_028772335.1 DmsE family decaheme c-type cytochrome [Shewanella waksmanii]
WP_220736724.1	Shewanella_DmsE	Shewanella sp. c952	662.7	283.7	WP_220736724.1 DmsE family decaheme c-type cytochrome [Shewanella sp. c952]
WP_229369859.1	Shewanella_DmsE	unclassified Shewanella	662.7	276.0	WP_229369859.1 MULTISPECIES: DmsE family decaheme c-type cytochrome [unclassified Shewanella]
WP_102476372.1	Shewanella_DmsE	unclassified Shewanella	662.6	274.1	WP_102476372.1 MULTISPECIES: DmsE family decaheme c-type cytochrome [unclassified Shewanella]
WP_088904284.1	Shewanella_DmsE	Shewanella marisflavi	662.5	283.8	WP_088904284.1 DmsE family decaheme c-type cytochrome [Shewanella marisflavi]
WP_372030923.1	Shewanella_DmsE	Shewanella sp. 10N.286.45.A1	662.5	283.5	WP_372030923.1 DmsE family decaheme c-type cytochrome [Shewanella sp. 10N.286.45.A1]
WP_484362793.1	Shewanella_DmsE	Shewanella sp.	662.4	282.8	WP_484362793.1 DmsE family decaheme c-type cytochrome [Shewanella sp.]
WP_371990579.1	Shewanella_DmsE	Shewanella sp. 10N.286.54.B9	662.2	282.3	WP_371990579.1 DmsE family decaheme c-type cytochrome [Shewanella sp. 10N.286.54.B9]
WP_303445679.1	Shewanella_DmsE	unclassified Shewanella	661.9	273.3	WP_303445679.1 MULTISPECIES: DmsE family decaheme c-type cytochrome [unclassified Shewanella]
QIR14124.1	Shewanella_DmsE	Shewanella aestuarii	661.8	279.0	QIR14124.1 DmsE family decaheme c-type cytochrome [Shewanella aestuarii]
WP_102519788.1	Shewanella_DmsE	Shewanella sp. 10N.286.48.A6	661.5	273.2	WP_102519788.1 DmsE family decaheme c-type cytochrome [Shewanella sp. 10N.286.48.A6]
WP_020913333.1	Shewanella_DmsE	Shewanella piezotolerans	661.3	281.6	WP_020913333.1 DmsE family decaheme c-type cytochrome [Shewanella piezotolerans]
WP_443019928.1	Shewanella_DmsE	Shewanella sp. OMA3-2	660.6	277.7	WP_443019928.1 DmsE family decaheme c-type cytochrome [Shewanella sp. OMA3-2]
WP_338592528.1	Shewanella_DmsE	Shewanella khirikhana	660.3	286.8	WP_338592528.1 DmsE family decaheme c-type cytochrome [Shewanella khirikhana]
WP_432280147.1	Shewanella_DmsE	Shewanella aestuarii	660.3	278.0	WP_432280147.1 DmsE family decaheme c-type cytochrome [Shewanella aestuarii]
WWL38369.1	Shewanella_DmsE	Shewanella khirikhana	660.3	286.8	WWL38369.1 DmsE family decaheme c-type cytochrome [Shewanella khirikhana]
WP_303459887.1	Shewanella_DmsE	Shewanella sp. 3_MG-2023	660.2	273.1	WP_303459887.1 DmsE family decaheme c-type cytochrome [Shewanella sp. 3_MG-2023]
WP_372037964.1	Shewanella_DmsE	unclassified Shewanella	660.1	265.5	WP_372037964.1 MULTISPECIES: DmsE family decaheme c-type cytochrome [unclassified Shewanella]
WP_406681940.1	Shewanella_DmsE	Shewanella subflava	658.6	275.0	WP_406681940.1 DmsE family decaheme c-type cytochrome [Shewanella subflava]
WP_303501638.1	Shewanella_DmsE	Shewanella sp. 6_MG-2023	658.0	276.1	WP_303501638.1 DmsE family decaheme c-type cytochrome [Shewanella sp. 6_MG-2023]
WP_076537046.1	Shewanella_DmsE	Shewanella sp. UCD-KL21	657.4	270.4	WP_076537046.1 DmsE family decaheme c-type cytochrome [Shewanella sp. UCD-KL21]
WP_447163534.1	Shewanella_DmsE	Shewanella	656.7	287.9	WP_447163534.1 MULTISPECIES: DmsE family decaheme c-type cytochrome [Shewanella]
WP_234198754.1	Shewanella_DmsE	Shewanella sp. AS1	656.7	279.1	WP_234198754.1 DmsE family decaheme c-type cytochrome [Shewanella sp. AS1]
WP_189615919.1	Shewanella_DmsE	Shewanella sp. 4t3-1-2LB	656.5	291.8	WP_189615919.1 DmsE family decaheme c-type cytochrome [Shewanella sp. 4t3-1-2LB]
TCN90322.1	Shewanella_DmsE	Shewanella fodinae	656.5	291.8	TCN90322.1 DmsE family decaheme c-type cytochrome [Shewanella fodinae]
WP_411986401.1	Shewanella_DmsE	Shewanella mytili	656.4	279.9	WP_411986401.1 DmsE family decaheme c-type cytochrome [Shewanella mytili]
WP_447161577.1	Shewanella_DmsE	unclassified Shewanella	656.4	287.6	WP_447161577.1 MULTISPECIES: DmsE family decaheme c-type cytochrome [unclassified Shewanella]
CAM3344296.1	Shewanella_DmsE	Shewanella pealeana	655.5	286.4	CAM3344296.1 DmsE family decaheme c-type cytochrome [Shewanella pealeana]
WP_012155925.1	Shewanella_DmsE	Shewanella pealeana	655.5	286.4	WP_012155925.1 DmsE family decaheme c-type cytochrome [Shewanella pealeana]
WP_475517005.1	Shewanella_DmsE	Shewanella sp. QJM3NY_23	655.4	285.2	WP_475517005.1 DmsE family decaheme c-type cytochrome [Shewanella sp. QJM3NY_23]
WP_299806642.1	Shewanella_DmsE	uncultured Shewanella sp.	654.6	287.0	WP_299806642.1 DmsE family decaheme c-type cytochrome [uncultured Shewanella sp.]
WP_248950255.1	Shewanella_DmsE	Shewanella pneumatophori	654.2	284.5	WP_248950255.1 DmsE family decaheme c-type cytochrome [Shewanella pneumatophori]
WP_249000428.1	Shewanella_DmsE	Shewanella	654.1	284.3	WP_249000428.1 MULTISPECIES: DmsE family decaheme c-type cytochrome [Shewanella]
WP_248469424.1	Shewanella_DmsE	Shewanella sp. 1CM18E	653.9	283.7	WP_248469424.1 DmsE family decaheme c-type cytochrome [Shewanella sp. 1CM18E]
WP_447165136.1	Shewanella_DmsE	Shewanella sp. 125m-7	653.6	287.0	WP_447165136.1 DmsE family decaheme c-type cytochrome [Shewanella sp. 125m-7]
WP_220768211.1	Shewanella_DmsE	Shewanella sp. MBTL60-007	653.6	286.9	WP_220768211.1 DmsE family decaheme c-type cytochrome [Shewanella sp. MBTL60-007]
WP_220760396.1	Shewanella_DmsE	unclassified Shewanella	653.5	286.3	WP_220760396.1 MULTISPECIES: DmsE family decaheme c-type cytochrome [unclassified Shewanella]
WP_373295242.1	Shewanella_DmsE	Shewanella	653.1	291.4	WP_373295242.1 MULTISPECIES: DmsE family decaheme c-type cytochrome [Shewanella]
WP_239890274.1	Shewanella_DmsE	Shewanella sp. Isolate13	652.8	288.6	WP_239890274.1 DmsE family decaheme c-type cytochrome [Shewanella sp. Isolate13]
WP_371996804.1	Shewanella_DmsE	Shewanella	652.7	270.1	WP_371996804.1 MULTISPECIES: DmsE family decaheme c-type cytochrome [Shewanella]
WP_202721541.1	Shewanella_DmsE	Shewanella schlegeliana	652.3	287.0	WP_202721541.1 DmsE family decaheme c-type cytochrome [Shewanella schlegeliana]
WP_076408524.1	Shewanella_DmsE	Shewanella sp. UCD-KL12	651.8	284.1	WP_076408524.1 DmsE family decaheme c-type cytochrome [Shewanella sp. UCD-KL12]
WP_428847878.1	Shewanella_DmsE	Shewanella dokdonensis	651.7	290.8	WP_428847878.1 DmsE family decaheme c-type cytochrome [Shewanella dokdonensis]
QYK06471.1	Shewanella_DmsE	Shewanella zhangzhouensis	651.4	291.4	QYK06471.1 DmsE family decaheme c-type cytochrome [Shewanella zhangzhouensis]
QYJ76551.1	Shewanella_DmsE	Shewanella sp. FJAT-52076	651.2	291.5	QYJ76551.1 DmsE family decaheme c-type cytochrome [Shewanella sp. FJAT-52076]
WP_220780568.1	Shewanella_DmsE	Shewanella sairae	651.2	285.3	WP_220780568.1 DmsE family decaheme c-type cytochrome [Shewanella sairae]
CAM2780014.1	Shewanella_DmsE	Shewanella amazonensis	650.5	290.7	CAM2780014.1 DmsE family decaheme c-type cytochrome [Shewanella amazonensis]
WP_012277866.1	Shewanella_DmsE	Shewanella halifaxensis	650.5	288.6	WP_012277866.1 DmsE family decaheme c-type cytochrome [Shewanella halifaxensis]
WP_394132830.1	Shewanella_DmsE	Shewanella maritima	650.4	274.2	WP_394132830.1 DmsE family decaheme c-type cytochrome [Shewanella maritima]
QRH02944.1	Shewanella_DmsE	Shewanella litorisediminis	650.3	285.9	QRH02944.1 DmsE family decaheme c-type cytochrome [Shewanella litorisediminis]
WP_413211446.1	Shewanella_DmsE	Shewanella sp. 10N.286.48.B5	650.1	267.8	WP_413211446.1 DmsE family decaheme c-type cytochrome [Shewanella sp. 10N.286.48.B5]
WP_112352364.1	Shewanella_DmsE	Shewanella benthica	650.1	288.7	WP_112352364.1 DmsE family decaheme c-type cytochrome [Shewanella benthica]
WP_028768205.1	Shewanella_DmsE	Shewanella	649.7	283.8	WP_028768205.1 MULTISPECIES: DmsE family decaheme c-type cytochrome [Shewanella]
WP_473681624.1	Shewanella_DmsE	Shewanella sp. GJ50-10	649.5	269.8	WP_473681624.1 DmsE family decaheme c-type cytochrome [Shewanella sp. GJ50-10]
WP_025820064.1	Shewanella_DmsE	Shewanella marina	649.3	276.3	WP_025820064.1 DmsE family decaheme c-type cytochrome [Shewanella marina]
WP_238106371.1	Shewanella_DmsE	Shewanella metallivivens	648.7	287.2	WP_238106371.1 DmsE family decaheme c-type cytochrome [Shewanella metallivivens]
WP_420854417.1	Shewanella_DmsE	Shewanella zhuhaiensis	648.6	281.8	WP_420854417.1 DmsE family decaheme c-type cytochrome [Shewanella zhuhaiensis]
UJF23507.1	Shewanella_DmsE	Shewanella sp. OMA3-2	648.4	271.5	UJF23507.1 DmsE family decaheme c-type cytochrome [Shewanella sp. OMA3-2]
WP_374758529.1	Shewanella_DmsE	Shewanella	648.0	269.0	WP_374758529.1 MULTISPECIES: DmsE family decaheme c-type cytochrome [Shewanella]
WP_424531011.1	Shewanella_DmsE	Shewanella sp.	647.9	287.1	WP_424531011.1 DmsE family decaheme c-type cytochrome [Shewanella sp.]
WOT04103.1	Shewanella_DmsE	Shewanella youngdeokensis	647.1	274.3	WOT04103.1 DmsE family decaheme c-type cytochrome [Shewanella youngdeokensis]
WP_310471732.1	Shewanella_DmsE	Shewanella youngdeokensis	647.1	274.3	WP_310471732.1 DmsE family decaheme c-type cytochrome [Shewanella youngdeokensis]
WP_188919253.1	Shewanella_DmsE	Shewanella saliphila	646.9	286.0	WP_188919253.1 DmsE family decaheme c-type cytochrome [Shewanella saliphila]
WP_418856602.1	Shewanella_DmsE	Shewanella khirikhana	646.5	278.8	WP_418856602.1 DmsE family decaheme c-type cytochrome [Shewanella khirikhana]
WP_188924949.1	Shewanella_DmsE	Shewanella algicola	646.4	286.8	WP_188924949.1 DmsE family decaheme c-type cytochrome [Shewanella algicola]
WP_124016377.1	Shewanella_DmsE	Shewanella	645.8	282.9	WP_124016377.1 MULTISPECIES: DmsE family decaheme c-type cytochrome [Shewanella]
UJL43100.1	Shewanella_DmsE	Shewanella vesiculosa	645.8	282.9	UJL43100.1 DmsE family decaheme c-type cytochrome [Shewanella vesiculosa]
RPA51229.1	Shewanella_DmsE	Shewanella vesiculosa	645.8	282.9	RPA51229.1 DmsE family decaheme c-type cytochrome [Shewanella vesiculosa]
WP_248970550.1	Shewanella_DmsE	Shewanella	645.7	281.1	WP_248970550.1 MULTISPECIES: DmsE family decaheme c-type cytochrome [Shewanella]
WP_445777867.1	Shewanella_DmsE	Shewanella sp.	645.6	280.2	WP_445777867.1 DmsE family decaheme c-type cytochrome [Shewanella sp.]
WP_137221641.1	Shewanella_DmsE	Shewanella sp. MEBiC00475	645.5	286.3	WP_137221641.1 DmsE family decaheme c-type cytochrome [Shewanella sp. MEBiC00475]
WP_273057522.1	Shewanella_DmsE	Shewanella	645.0	283.0	WP_273057522.1 MULTISPECIES: DmsE family decaheme c-type cytochrome [Shewanella]
WP_110456637.1	Shewanella_DmsE	Shewanella algidipiscicola	644.8	290.7	WP_110456637.1 DmsE family decaheme c-type cytochrome [Shewanella algidipiscicola]
WP_456041676.1	Shewanella_DmsE	unclassified Shewanella	644.0	281.9	WP_456041676.1 MULTISPECIES: DmsE family decaheme c-type cytochrome [unclassified Shewanella]
XPI96887.1	Shewanella_DmsE	Shewanella basaltis	643.9	277.9	XPI96887.1 DmsE family decaheme c-type cytochrome [Shewanella basaltis]
WP_119977069.1	Shewanella_DmsE	Shewanella algidipiscicola	643.9	291.0	WP_119977069.1 DmsE family decaheme c-type cytochrome [Shewanella algidipiscicola]
WP_418357153.1	Shewanella_DmsE	Shewanella basaltis	643.9	277.9	WP_418357153.1 DmsE family decaheme c-type cytochrome [Shewanella basaltis]
XBJ49779.1	Shewanella_DmsE	Shewanella sp. H8	643.8	285.1	XBJ49779.1 DmsE family decaheme c-type cytochrome [Shewanella sp. H8]
WP_445775972.1	Shewanella_DmsE	Shewanella sp.	643.7	277.9	WP_445775972.1 DmsE family decaheme c-type cytochrome [Shewanella sp.]
WP_232280541.1	Shewanella_DmsE	Shewanella amazonensis	642.8	281.8	WP_232280541.1 DmsE family decaheme c-type cytochrome [Shewanella amazonensis]
WP_282109661.1	Shewanella_DmsE	Shewanella algicola	642.7	286.0	WP_282109661.1 DmsE family decaheme c-type cytochrome [Shewanella algicola]
WP_188739807.1	Shewanella_DmsE	Shewanella inventionis	642.6	290.5	WP_188739807.1 DmsE family decaheme c-type cytochrome [Shewanella inventionis]
WP_239002138.1	Shewanella_DmsE	Shewanella litorisediminis	642.0	278.9	WP_239002138.1 DmsE family decaheme c-type cytochrome [Shewanella litorisediminis]
WP_188954747.1	Shewanella_DmsE	Shewanella ulleungensis	641.9	280.3	WP_188954747.1 DmsE family decaheme c-type cytochrome [Shewanella ulleungensis]
WP_258405526.1	Shewanella_DmsE	Shewanella	641.7	281.6	WP_258405526.1 MULTISPECIES: DmsE family decaheme c-type cytochrome [Shewanella]
WP_432653779.1	Shewanella_DmsE	Shewanella jiangmenensis	640.8	283.8	WP_432653779.1 DmsE family decaheme c-type cytochrome [Shewanella jiangmenensis]
WP_167870196.1	Shewanella_DmsE	Shewanella sp. WXL01	640.7	279.1	WP_167870196.1 DmsE family decaheme c-type cytochrome [Shewanella sp. WXL01]
QDE30685.1	Shewanella_DmsE	Shewanella polaris	640.4	286.8	QDE30685.1 DmsE family decaheme c-type cytochrome [Shewanella polaris]
WP_140233790.1	Shewanella_DmsE	Shewanella polaris	640.4	286.8	WP_140233790.1 DmsE family decaheme c-type cytochrome [Shewanella polaris]
QBF84126.1	Shewanella_DmsE	Shewanella maritima	640.1	279.7	QBF84126.1 DmsE family decaheme c-type cytochrome [Shewanella maritima]
WP_130601925.1	Shewanella_DmsE	Shewanella maritima	640.1	279.7	WP_130601925.1 DmsE family decaheme c-type cytochrome [Shewanella maritima]
WP_479637421.1	Shewanella_DmsE	Shewanella sp. ISS20	639.9	285.7	WP_479637421.1 DmsE family decaheme c-type cytochrome [Shewanella sp. ISS20]
WP_223418253.1	Shewanella_DmsE	Shewanella inventionis	639.2	286.9	WP_223418253.1 DmsE family decaheme c-type cytochrome [Shewanella inventionis]
UAL42391.1	Shewanella_DmsE	Shewanella inventionis	639.2	286.9	UAL42391.1 DmsE family decaheme c-type cytochrome [Shewanella inventionis]
WP_153662334.1	Shewanella_DmsE	Shewanella intestini	638.9	271.8	WP_153662334.1 DmsE family decaheme c-type cytochrome [Shewanella intestini]
WP_432405086.1	Shewanella_DmsE	Shewanella sp. MF05960	637.6	283.4	WP_432405086.1 DmsE family decaheme c-type cytochrome [Shewanella sp. MF05960]
WP_140932174.1	Shewanella_DmsE	Shewanella sp. SNU WT4	637.5	286.2	WP_140932174.1 DmsE family decaheme c-type cytochrome [Shewanella sp. SNU WT4]
QDF66655.1	Shewanella_DmsE	Shewanella sp. SNU WT4	637.5	286.2	QDF66655.1 DmsE family decaheme c-type cytochrome [Shewanella sp. SNU WT4]
WP_160053383.1	Shewanella_DmsE	Shewanella litoralis	637.2	281.0	WP_160053383.1 DmsE family decaheme c-type cytochrome [Shewanella litoralis]
WP_095506167.1	other	Paraferrimonas sedimenticola	637.2	262.1	WP_095506167.1 DmsE family decaheme c-type cytochrome [Paraferrimonas sedimenticola]
WP_233132600.1	other	Paraferrimonas haliotis	636.6	273.7	WP_233132600.1 DmsE family decaheme c-type cytochrome [Paraferrimonas haliotis]
WP_256261018.1	Shewanella_DmsE	Shewanella sp. NIFS-20-20	636.4	288.2	WP_256261018.1 DmsE family decaheme c-type cytochrome [Shewanella sp. NIFS-20-20]
WP_432529130.1	Shewanella_DmsE	Shewanella sp. GXUN23E	636.0	288.7	WP_432529130.1 DmsE family decaheme c-type cytochrome [Shewanella sp. GXUN23E]
WP_435804538.1	Shewanella_DmsE	Shewanella psychromarinicola	635.3	285.4	WP_435804538.1 DmsE family decaheme c-type cytochrome [Shewanella psychromarinicola]
RPA62043.1	Shewanella_DmsE	Shewanella frigidimarina	634.9	282.1	RPA62043.1 DmsE family decaheme c-type cytochrome [Shewanella frigidimarina]
RPA35620.1	Shewanella_DmsE	Shewanella frigidimarina	634.9	282.1	RPA35620.1 DmsE family decaheme c-type cytochrome [Shewanella frigidimarina]
WP_392343091.1	Shewanella_DmsE	uncultured Shewanella sp.	634.9	282.6	WP_392343091.1 DmsE family decaheme c-type cytochrome [uncultured Shewanella sp.]
WP_011638088.1	Shewanella_DmsE	Shewanella	634.9	282.1	WP_011638088.1 MULTISPECIES: DmsE family decaheme c-type cytochrome [Shewanella]
WP_101030281.1	Shewanella_DmsE	Shewanella	634.8	282.0	WP_101030281.1 MULTISPECIES: DmsE family decaheme c-type cytochrome [Shewanella]
WP_101087790.1	Shewanella_DmsE	Shewanella sp.	634.6	281.5	WP_101087790.1 DmsE family decaheme c-type cytochrome [Shewanella sp.]
WP_124730293.1	Shewanella_DmsE	Shewanella livingstonensis	634.5	285.2	WP_124730293.1 DmsE family decaheme c-type cytochrome [Shewanella livingstonensis]
CAM4189290.1	Shewanella_DmsE	Shewanella livingstonensis	634.5	285.2	CAM4189290.1 DmsE family decaheme c-type cytochrome [Shewanella livingstonensis]
AZG72717.1	Shewanella_DmsE	Shewanella livingstonensis	634.5	285.2	AZG72717.1 DmsE family decaheme c-type cytochrome [Shewanella livingstonensis]
WP_059745437.1	Shewanella_DmsE	Shewanella frigidimarina	634.4	283.5	WP_059745437.1 DmsE family decaheme c-type cytochrome [Shewanella frigidimarina]
WP_432366956.1	Shewanella_DmsE	Shewanella frigidimarina	634.4	283.6	WP_432366956.1 DmsE family decaheme c-type cytochrome [Shewanella frigidimarina]
AZG35667.1	Shewanella_DmsE	Shewanella psychromarinicola	634.3	281.4	AZG35667.1 DmsE family decaheme c-type cytochrome [Shewanella psychromarinicola]
RPA30410.1	Shewanella_DmsE	Shewanella psychromarinicola	634.3	281.4	RPA30410.1 DmsE family decaheme c-type cytochrome [Shewanella psychromarinicola]
WP_124013405.1	Shewanella_DmsE	Shewanella	634.3	281.4	WP_124013405.1 MULTISPECIES: DmsE family decaheme c-type cytochrome [Shewanella]
WP_182773031.1	Shewanella_DmsE	Shewanella sp. SG41-4	633.8	281.5	WP_182773031.1 DmsE family decaheme c-type cytochrome [Shewanella sp. SG41-4]
WP_371833633.1	Shewanella_DmsE	Shewanella sp. H8	633.2	282.0	WP_371833633.1 DmsE family decaheme c-type cytochrome [Shewanella sp. H8]
WP_283106393.1	Shewanella_DmsE	Shewanella submarina	629.8	270.9	WP_283106393.1 DmsE family decaheme c-type cytochrome [Shewanella submarina]
WP_283164234.1	Shewanella_DmsE	Shewanella corallii	629.3	267.3	WP_283164234.1 DmsE family decaheme c-type cytochrome [Shewanella corallii]
QHS12871.1	Shewanella_DmsE	Shewanella sp. Arc9-LZ	628.5	279.7	QHS12871.1 DmsE family decaheme c-type cytochrome [Shewanella sp. Arc9-LZ]
WP_162022706.1	Shewanella_DmsE	Shewanella sp. Arc9-LZ	628.5	279.7	WP_162022706.1 DmsE family decaheme c-type cytochrome [Shewanella sp. Arc9-LZ]
WP_350996411.1	Shewanella_DmsE	unclassified Shewanella	627.8	277.1	WP_350996411.1 MULTISPECIES: DmsE family decaheme c-type cytochrome [unclassified Shewanella]
WP_242445197.1	Shewanella_DmsE	unclassified Shewanella	627.1	277.1	WP_242445197.1 MULTISPECIES: DmsE family decaheme c-type cytochrome [unclassified Shewanella]
WP_432308283.1	Shewanella_DmsE	Shewanella frigidimarina	626.0	275.2	WP_432308283.1 DmsE family decaheme c-type cytochrome [Shewanella frigidimarina]
WP_350976798.1	Shewanella_DmsE	Shewanella sp. AC34-MNA-CIBAN-0136	625.5	276.5	WP_350976798.1 DmsE family decaheme c-type cytochrome [Shewanella sp. AC34-MNA-CIBAN-0136]
WP_095505338.1	other	Paraferrimonas sedimenticola	622.9	255.2	WP_095505338.1 DmsE family decaheme c-type cytochrome [Paraferrimonas sedimenticola]
WP_275483508.1	Shewanella_DmsE	Shewanella sp. A32	615.2	284.9	WP_275483508.1 DmsE family decaheme c-type cytochrome [Shewanella sp. A32]
QUN07555.1	Shewanella_DmsE	Shewanella yunxiaonensis	613.2	285.0	QUN07555.1 DmsE family decaheme c-type cytochrome [Shewanella yunxiaonensis]
WP_207356082.1	Shewanella_DmsE	Shewanella avicenniae	610.7	288.1	WP_207356082.1 DmsE family decaheme c-type cytochrome [Shewanella avicenniae]
QSX34885.1	Shewanella_DmsE	Shewanella avicenniae	610.7	288.1	QSX34885.1 DmsE family decaheme c-type cytochrome [Shewanella avicenniae]
WP_407695795.1	Shewanella_DmsE	Shewanella yunxiaonensis	610.5	284.6	WP_407695795.1 DmsE family decaheme c-type cytochrome [Shewanella yunxiaonensis]
WP_238894899.1	Shewanella_DmsE	Shewanella electrica	608.9	283.1	WP_238894899.1 DmsE family decaheme c-type cytochrome [Shewanella electrica]
WP_222466948.1	other	Ferrimonas balearica	604.1	265.4	WP_222466948.1 DmsE family decaheme c-type cytochrome [Ferrimonas balearica]
WP_417761999.1	Shewanella_DmsE	Shewanella sp.	604.0	279.4	WP_417761999.1 DmsE family decaheme c-type cytochrome [Shewanella sp.]
WP_219175431.1	other	Ferrimonas balearica	604.0	264.5	WP_219175431.1 DmsE family decaheme c-type cytochrome [Ferrimonas balearica]
WP_013344866.1	other	Ferrimonas balearica	603.2	263.9	WP_013344866.1 DmsE family decaheme c-type cytochrome [Ferrimonas balearica]
ADN75560.1	other	Ferrimonas balearica DSM 9799	603.2	263.9	ADN75560.1 decaheme c-type cytochrome, DmsE family [Ferrimonas balearica DSM 9799]
WP_156104033.1	Shewanella_DmsE	Shewanella mangrovi	603.2	293.4	WP_156104033.1 DmsE family decaheme c-type cytochrome [Shewanella mangrovi]
WP_222487335.1	other	Ferrimonas balearica	603.1	264.6	WP_222487335.1 DmsE family decaheme c-type cytochrome [Ferrimonas balearica]
WP_219172363.1	other	Ferrimonas balearica	602.6	264.5	WP_219172363.1 DmsE family decaheme c-type cytochrome [Ferrimonas balearica]
WP_188918629.1	Shewanella_DmsE	Shewanella gelidii	599.4	274.5	WP_188918629.1 DmsE family decaheme c-type cytochrome [Shewanella gelidii]
WP_261389960.1	other	Ferrimonas balearica	594.2	269.3	WP_261389960.1 DmsE family decaheme c-type cytochrome [Ferrimonas balearica]
WP_222542314.1	other	Ferrimonas balearica	578.6	267.4	WP_222542314.1 DmsE family decaheme c-type cytochrome [Ferrimonas balearica]
WP_261922239.1	Shewanella_DmsE	Shewanella sp. NFH-SH190041	559.0	277.7	WP_261922239.1 DmsE family decaheme c-type cytochrome [Shewanella sp. NFH-SH190041]
WP_447165143.1	Shewanella_DmsE	Shewanella sp. 125m-7	553.0	263.1	WP_447165143.1 DmsE family decaheme c-type cytochrome [Shewanella sp. 125m-7]
WP_373316314.1	Shewanella_DmsE	Shewanella schlegeliana	552.5	265.2	WP_373316314.1 DmsE family decaheme c-type cytochrome [Shewanella schlegeliana]
WP_394200468.1	Shewanella_DmsE	Shewanella waksmanii	552.1	260.0	WP_394200468.1 DmsE family decaheme c-type cytochrome [Shewanella waksmanii]
WP_220780563.1	Shewanella_DmsE	Shewanella sairae	551.7	263.7	WP_220780563.1 DmsE family decaheme c-type cytochrome [Shewanella sairae]
WP_076409888.1	Shewanella_DmsE	Shewanella sp. UCD-KL12	551.5	262.5	WP_076409888.1 DmsE family decaheme c-type cytochrome [Shewanella sp. UCD-KL12]
QQX82578.1	Shewanella_DmsE	Shewanella sp. KX20019	550.9	259.7	QQX82578.1 DmsE family decaheme c-type cytochrome [Shewanella sp. KX20019]
WP_126503508.1	Shewanella_DmsE	Shewanella atlantica	550.8	261.4	WP_126503508.1 DmsE family decaheme c-type cytochrome [Shewanella atlantica]
RTR34353.1	Shewanella_DmsE	Shewanella atlantica	550.8	261.4	RTR34353.1 DmsE family decaheme c-type cytochrome [Shewanella atlantica]
WP_232775199.1	Shewanella_DmsE	Shewanella	550.1	263.0	WP_232775199.1 MULTISPECIES: DmsE family decaheme c-type cytochrome [Shewanella]
WP_413484112.1	Shewanella_DmsE	Shewanella baltica	549.9	269.2	WP_413484112.1 DmsE family decaheme c-type cytochrome [Shewanella baltica]
RTR38637.1	Shewanella_DmsE	Shewanella canadensis	549.4	262.3	RTR38637.1 DmsE family decaheme c-type cytochrome [Shewanella canadensis]
WP_257982742.1	Shewanella_DmsE	Shewanella sp. GutDb-MelDb	549.2	262.8	WP_257982742.1 DmsE family decaheme c-type cytochrome [Shewanella sp. GutDb-MelDb]
WP_439332661.1	Shewanella_DmsE	Shewanella canadensis	549.2	262.3	WP_439332661.1 DmsE family decaheme c-type cytochrome [Shewanella canadensis]
WP_220053396.1	Shewanella_DmsE	Shewanella	549.0	264.3	WP_220053396.1 MULTISPECIES: DmsE family decaheme c-type cytochrome [Shewanella]
QYJ70049.1	Shewanella_DmsE	Shewanella sp. FJAT-51649	549.0	264.3	QYJ70049.1 DmsE family decaheme c-type cytochrome [Shewanella sp. FJAT-51649]
WP_392446906.1	Shewanella_DmsE	Shewanella mangrovisoli	548.8	264.3	WP_392446906.1 DmsE family decaheme c-type cytochrome [Shewanella mangrovisoli]
WP_282678963.1	Shewanella_DmsE	Shewanella xiamenensis	548.7	264.8	WP_282678963.1 DmsE family decaheme c-type cytochrome [Shewanella xiamenensis]
WP_012088809.1	Shewanella_DmsE	Shewanella baltica	548.6	267.5	WP_012088809.1 DmsE family decaheme c-type cytochrome [Shewanella baltica]
WP_374896341.1	Shewanella_DmsE	Shewanella mangrovisoli	548.4	262.7	WP_374896341.1 DmsE family decaheme c-type cytochrome [Shewanella mangrovisoli]
WP_374924237.1	Shewanella_DmsE	Shewanella mangrovisoli	548.2	262.9	WP_374924237.1 DmsE family decaheme c-type cytochrome [Shewanella mangrovisoli]
QYK07831.1	Shewanella_DmsE	Shewanella mangrovisoli	548.0	264.5	QYK07831.1 DmsE family decaheme c-type cytochrome [Shewanella mangrovisoli]
WP_011717557.1	Shewanella_DmsE	Shewanella	548.0	264.5	WP_011717557.1 MULTISPECIES: DmsE family decaheme c-type cytochrome [Shewanella]
WP_109285609.1	Shewanella_DmsE	Shewanella sp. BC20	547.6	264.1	WP_109285609.1 DmsE family decaheme c-type cytochrome [Shewanella sp. BC20]
WP_089067492.1	Shewanella_DmsE	Shewanella bicestrii	547.6	263.8	WP_089067492.1 DmsE family decaheme c-type cytochrome [Shewanella bicestrii]
WP_144345834.1	Shewanella_DmsE	Shewanella	547.6	265.1	WP_144345834.1 MULTISPECIES: DmsE family decaheme c-type cytochrome [Shewanella]
WP_406675906.1	Shewanella_DmsE	Shewanella benthica	547.6	265.4	WP_406675906.1 DmsE family decaheme c-type cytochrome [Shewanella benthica]
WHF54286.1	Shewanella_DmsE	Shewanella xiamenensis	547.6	265.1	WHF54286.1 DmsE family decaheme c-type cytochrome [Shewanella xiamenensis]
WP_413490770.1	Shewanella_DmsE	Shewanella baltica	547.6	269.8	WP_413490770.1 DmsE family decaheme c-type cytochrome [Shewanella baltica]
QRK78170.1	Shewanella_DmsE	Shewanella sp. LZH-2	547.6	265.1	QRK78170.1 DmsE family decaheme c-type cytochrome [Shewanella sp. LZH-2]
UWH40732.1	Shewanella_DmsE	Shewanella xiamenensis	547.6	265.1	UWH40732.1 DmsE family decaheme c-type cytochrome [Shewanella xiamenensis]
WP_249555324.1	Shewanella_DmsE	Shewanella	547.5	264.5	WP_249555324.1 MULTISPECIES: DmsE family decaheme c-type cytochrome [Shewanella]
WP_330131164.1	Shewanella_DmsE	Shewanella xiamenensis	547.5	263.3	WP_330131164.1 DmsE family decaheme c-type cytochrome [Shewanella xiamenensis]
WP_311899942.1	Shewanella_DmsE	Shewanella scandinavica	547.4	271.4	WP_311899942.1 DmsE family decaheme c-type cytochrome [Shewanella scandinavica]
WP_416921367.1	Shewanella_DmsE	Shewanella sp.	547.4	264.0	WP_416921367.1 DmsE family decaheme c-type cytochrome [Shewanella sp.]
WP_011623258.1	Shewanella_DmsE	Shewanella sp. MR-4	547.3	264.7	WP_011623258.1 DmsE family decaheme c-type cytochrome [Shewanella sp. MR-4]
WP_088585765.1	Shewanella_DmsE	unclassified Shewanella	547.2	264.0	WP_088585765.1 MULTISPECIES: DmsE family decaheme c-type cytochrome [unclassified Shewanella]
TPE57687.1	Shewanella_DmsE	Shewanella sp. LC2	547.2	264.0	TPE57687.1 DmsE family decaheme c-type cytochrome [Shewanella sp. LC2]
AQS37058.1	Shewanella_DmsE	Shewanella psychrophila	547.2	265.8	AQS37058.1 decaheme c-type cytochrome, DmsE family [Shewanella psychrophila]
PWH02805.1	Shewanella_DmsE	Shewanella xiamenensis	547.2	264.1	PWH02805.1 DmsE family decaheme c-type cytochrome [Shewanella xiamenensis]
WP_418346769.1	Shewanella_DmsE	Shewanella psychrophila	547.2	265.9	WP_418346769.1 DmsE family decaheme c-type cytochrome [Shewanella psychrophila]
UWG66160.1	Shewanella_DmsE	Shewanella xiamenensis	547.2	264.1	UWG66160.1 DmsE family decaheme c-type cytochrome [Shewanella xiamenensis]
WP_086024018.1	Shewanella_DmsE	Shewanella	547.2	264.1	WP_086024018.1 MULTISPECIES: DmsE family decaheme c-type cytochrome [Shewanella]
QQK60600.1	Shewanella_DmsE	Shewanella sp. LC6	547.2	264.0	QQK60600.1 DmsE family decaheme c-type cytochrome [Shewanella sp. LC6]
WP_374905988.1	Shewanella_DmsE	Shewanella xiamenensis	547.1	264.5	WP_374905988.1 DmsE family decaheme c-type cytochrome [Shewanella xiamenensis]
WP_099457895.1	Shewanella_DmsE	Shewanella xiamenensis	547.1	264.6	WP_099457895.1 DmsE family decaheme c-type cytochrome [Shewanella xiamenensis]
WP_156312285.1	Shewanella_DmsE	Shewanella	547.1	263.9	WP_156312285.1 MULTISPECIES: DmsE family decaheme c-type cytochrome [Shewanella]
QFU22013.1	Shewanella_DmsE	Shewanella sp. YLB-09	547.0	262.2	QFU22013.1 DmsE family decaheme c-type cytochrome [Shewanella sp. YLB-09]
QXN26393.1	Shewanella_DmsE	Shewanella putrefaciens	546.8	264.7	QXN26393.1 DmsE family decaheme c-type cytochrome [Shewanella putrefaciens]
QPG57303.2	Shewanella_DmsE	Shewanella eurypsychrophilus	546.8	262.2	QPG57303.2 DmsE family decaheme c-type cytochrome [Shewanella eurypsychrophilus]
WP_185965790.1	Shewanella_DmsE	Shewanella	546.8	262.2	WP_185965790.1 MULTISPECIES: DmsE family decaheme c-type cytochrome [Shewanella]
WP_086902555.1	Shewanella_DmsE	unclassified Shewanella	546.8	264.7	WP_086902555.1 MULTISPECIES: DmsE family decaheme c-type cytochrome [unclassified Shewanella]
WP_319000223.1	Shewanella_DmsE	Shewanella sp. SR1	546.7	268.7	WP_319000223.1 DmsE family decaheme c-type cytochrome [Shewanella sp. SR1]
WP_407695668.1	Shewanella_DmsE	Shewanella	546.7	264.9	WP_407695668.1 MULTISPECIES: DmsE family decaheme c-type cytochrome [Shewanella]
QDO84943.1	Shewanella_DmsE	Shewanella psychropiezotolerans	546.7	264.9	QDO84943.1 DmsE family decaheme c-type cytochrome [Shewanella psychropiezotolerans]
WWY11075.1	Shewanella_DmsE	Shewanella baltica	546.6	269.2	WWY11075.1 DmsE family decaheme c-type cytochrome [Shewanella baltica]
UML92365.1	Shewanella_DmsE	Shewanella xiamenensis	546.6	264.3	UML92365.1 DmsE family decaheme c-type cytochrome [Shewanella xiamenensis]
WP_310795271.1	Shewanella_DmsE	Shewanella baltica	546.6	269.2	WP_310795271.1 DmsE family decaheme c-type cytochrome [Shewanella baltica]
WP_330149671.1	Shewanella_DmsE	Shewanella xiamenensis	546.6	265.7	WP_330149671.1 DmsE family decaheme c-type cytochrome [Shewanella xiamenensis]
WP_063883153.1	Shewanella_DmsE	Shewanella baltica	546.6	268.7	WP_063883153.1 DmsE family decaheme c-type cytochrome [Shewanella baltica]
WP_347672583.1	Shewanella_DmsE	Shewanella baltica	546.6	268.8	WP_347672583.1 DmsE family decaheme c-type cytochrome [Shewanella baltica]
WP_240292194.1	Shewanella_DmsE	Shewanella xiamenensis	546.6	264.3	WP_240292194.1 DmsE family decaheme c-type cytochrome [Shewanella xiamenensis]
WP_342174608.1	Shewanella_DmsE	Shewanella xiamenensis	546.5	262.5	WP_342174608.1 DmsE family decaheme c-type cytochrome [Shewanella xiamenensis]
WP_342897240.1	Shewanella_DmsE	Shewanella scandinavica	546.5	269.5	WP_342897240.1 DmsE family decaheme c-type cytochrome [Shewanella scandinavica]
WP_330081629.1	Shewanella_DmsE	Shewanella xiamenensis	546.5	264.6	WP_330081629.1 DmsE family decaheme c-type cytochrome [Shewanella xiamenensis]
WP_374907885.1	Shewanella_DmsE	Shewanella xiamenensis	546.5	262.8	WP_374907885.1 DmsE family decaheme c-type cytochrome [Shewanella xiamenensis]
WP_133180516.1	Shewanella_DmsE	Shewanella decolorationis	546.5	264.8	WP_133180516.1 DmsE family decaheme c-type cytochrome [Shewanella decolorationis]
WP_310795180.1	Shewanella_DmsE	Shewanella baltica	546.5	268.5	WP_310795180.1 DmsE family decaheme c-type cytochrome [Shewanella baltica]
WP_107402185.1	Shewanella_DmsE	Shewanella baltica	546.5	269.2	WP_107402185.1 DmsE family decaheme c-type cytochrome [Shewanella baltica]
WP_374922008.1	Shewanella_DmsE	Shewanella mangrovisoli	546.4	264.6	WP_374922008.1 DmsE family decaheme c-type cytochrome [Shewanella mangrovisoli]
WP_342200681.1	Shewanella_DmsE	Shewanella mangrovisoli	546.4	264.8	WP_342200681.1 DmsE family decaheme c-type cytochrome [Shewanella mangrovisoli]
WP_297894330.1	Shewanella_DmsE	Shewanella sp.	546.2	271.4	WP_297894330.1 DmsE family decaheme c-type cytochrome [Shewanella sp.]
WP_253988355.1	Shewanella_DmsE	Shewanella sp. KJ2020	546.1	272.0	WP_253988355.1 DmsE family decaheme c-type cytochrome [Shewanella sp. KJ2020]
WP_427650173.1	Shewanella_DmsE	Shewanella baltica	546.1	268.6	WP_427650173.1 DmsE family decaheme c-type cytochrome [Shewanella baltica]
WP_427723638.1	Shewanella_DmsE	Shewanella baltica	546.1	269.6	WP_427723638.1 DmsE family decaheme c-type cytochrome [Shewanella baltica]
WP_432326015.1	Shewanella_DmsE	Shewanella baltica	546.1	267.4	WP_432326015.1 DmsE family decaheme c-type cytochrome [Shewanella baltica]
WP_126492276.1	Shewanella_DmsE	Shewanella	546.1	269.6	WP_126492276.1 MULTISPECIES: DmsE family decaheme c-type cytochrome [Shewanella]
WP_374918716.1	Shewanella_DmsE	Shewanella seohaensis	546.0	264.6	WP_374918716.1 DmsE family decaheme c-type cytochrome [Shewanella seohaensis]
WP_299806760.1	Shewanella_DmsE	uncultured Shewanella sp.	546.0	266.4	WP_299806760.1 DmsE family decaheme c-type cytochrome [uncultured Shewanella sp.]
WP_012196861.1	Shewanella_DmsE	Shewanella baltica	546.0	267.7	WP_012196861.1 DmsE family decaheme c-type cytochrome [Shewanella baltica]
ADT93828.1	Shewanella_DmsE	Shewanella baltica OS678	545.9	267.7	ADT93828.1 decaheme c-type cytochrome, DmsE family [Shewanella baltica OS678]
QDZ91532.1	Shewanella_DmsE	Shewanella decolorationis	545.9	264.8	QDZ91532.1 DmsE family decaheme c-type cytochrome [Shewanella decolorationis]
WP_023267512.1	Shewanella_DmsE	Shewanella decolorationis	545.9	264.8	WP_023267512.1 DmsE family decaheme c-type cytochrome [Shewanella decolorationis]
WP_446693503.1	Shewanella_DmsE	Shewanella sp. Koi 1	545.8	264.1	WP_446693503.1 DmsE family decaheme c-type cytochrome [Shewanella sp. Koi 1]
WP_311999230.1	Shewanella_DmsE	Shewanella sp. SP1S1-7	545.8	268.0	WP_311999230.1 DmsE family decaheme c-type cytochrome [Shewanella sp. SP1S1-7]
WP_282446575.1	Shewanella_DmsE	Shewanella sp. 1CM18E	545.7	266.6	WP_282446575.1 DmsE family decaheme c-type cytochrome [Shewanella sp. 1CM18E]
WP_279255069.1	Shewanella_DmsE	Shewanella xiamenensis	545.7	264.6	WP_279255069.1 DmsE family decaheme c-type cytochrome [Shewanella xiamenensis]
EHQ14475.1	Shewanella_DmsE	Shewanella baltica OS183	545.7	269.4	EHQ14475.1 decaheme c-type cytochrome, DmsE family [Shewanella baltica OS183]
WP_310796159.1	Shewanella_DmsE	Shewanella baltica	545.7	268.7	WP_310796159.1 DmsE family decaheme c-type cytochrome [Shewanella baltica]
AEG11989.1	Shewanella_DmsE	Shewanella baltica BA175	545.7	269.4	AEG11989.1 decaheme c-type cytochrome, DmsE family [Shewanella baltica BA175]
WP_086010627.1	Shewanella_DmsE	Shewanella	545.7	269.1	WP_086010627.1 MULTISPECIES: DmsE family decaheme c-type cytochrome [Shewanella]
WP_310796521.1	Shewanella_DmsE	Shewanella	545.6	266.5	WP_310796521.1 MULTISPECIES: DmsE family decaheme c-type cytochrome [Shewanella]
WP_374917540.1	Shewanella_DmsE	Shewanella seohaensis	545.5	266.9	WP_374917540.1 DmsE family decaheme c-type cytochrome [Shewanella seohaensis]
WP_283105296.1	Shewanella_DmsE	Shewanella seohaensis	545.4	264.4	WP_283105296.1 DmsE family decaheme c-type cytochrome [Shewanella seohaensis]
WP_374903989.1	Shewanella_DmsE	Shewanella mangrovisoli	545.4	263.3	WP_374903989.1 DmsE family decaheme c-type cytochrome [Shewanella mangrovisoli]
WP_310796347.1	Shewanella_DmsE	Shewanella baltica	545.3	268.2	WP_310796347.1 DmsE family decaheme c-type cytochrome [Shewanella baltica]
WP_342183093.1	Shewanella_DmsE	Shewanella xiamenensis	545.3	263.9	WP_342183093.1 DmsE family decaheme c-type cytochrome [Shewanella xiamenensis]
WP_371986884.1	Shewanella_DmsE	Shewanella	545.3	265.7	WP_371986884.1 MULTISPECIES: DmsE family decaheme c-type cytochrome [Shewanella]
WP_432290024.1	Shewanella_DmsE	Shewanella baltica	545.3	269.0	WP_432290024.1 DmsE family decaheme c-type cytochrome [Shewanella baltica]
WP_310795508.1	Shewanella_DmsE	Shewanella baltica	545.2	269.0	WP_310795508.1 DmsE family decaheme c-type cytochrome [Shewanella baltica]
WP_310796205.1	Shewanella_DmsE	Shewanella baltica	545.2	263.6	WP_310796205.1 DmsE family decaheme c-type cytochrome [Shewanella baltica]
WP_372847473.1	Shewanella_DmsE	Shewanella sp. Scap07	545.0	262.1	WP_372847473.1 DmsE family decaheme c-type cytochrome [Shewanella sp. Scap07]
QLE84966.1	Shewanella_DmsE	Shewanella sp. Scap07	545.0	262.0	QLE84966.1 DmsE family decaheme c-type cytochrome [Shewanella sp. Scap07]
WP_311991618.1	Shewanella_DmsE	Shewanella	545.0	269.1	WP_311991618.1 MULTISPECIES: DmsE family decaheme c-type cytochrome [Shewanella]
WP_293633024.1	Shewanella_DmsE	Shewanella sp. CG12_big_fil_rev_8_21_14_0_65_47_15	544.9	268.7	WP_293633024.1 DmsE family decaheme c-type cytochrome [Shewanella sp. CG12_big_fil_rev_8_21_14_0_65_47_15]
WP_240590119.1	Shewanella_DmsE	Shewanella zhuhaiensis	544.9	271.5	WP_240590119.1 DmsE family decaheme c-type cytochrome [Shewanella zhuhaiensis]
WP_310795522.1	Shewanella_DmsE	Shewanella baltica	544.9	269.0	WP_310795522.1 DmsE family decaheme c-type cytochrome [Shewanella baltica]
WP_317519588.1	Shewanella_DmsE	Shewanella xiamenensis	544.8	261.6	WP_317519588.1 DmsE family decaheme c-type cytochrome [Shewanella xiamenensis]
WP_474327200.1	Shewanella_DmsE	Shewanella hafniensis	544.8	264.4	WP_474327200.1 DmsE family decaheme c-type cytochrome [Shewanella hafniensis]
WP_338592541.1	Shewanella_DmsE	Shewanella khirikhana	544.7	270.7	WP_338592541.1 DmsE family decaheme c-type cytochrome [Shewanella khirikhana]
WWL38375.1	Shewanella_DmsE	Shewanella khirikhana	544.7	270.7	WWL38375.1 DmsE family decaheme c-type cytochrome [Shewanella khirikhana]
WP_086014852.1	Shewanella_DmsE	Shewanella baltica	544.6	269.9	WP_086014852.1 DmsE family decaheme c-type cytochrome [Shewanella baltica]
WP_347096564.1	Shewanella_DmsE	Shewanella baltica	544.6	269.3	WP_347096564.1 DmsE family decaheme c-type cytochrome [Shewanella baltica]
WP_420853503.1	Shewanella_DmsE	Shewanella insulae	544.5	262.3	WP_420853503.1 DmsE family decaheme c-type cytochrome [Shewanella insulae]
WP_011846457.1	Shewanella_DmsE	Shewanella baltica	544.5	268.5	WP_011846457.1 DmsE family decaheme c-type cytochrome [Shewanella baltica]
AEH13459.1	Shewanella_DmsE	Shewanella baltica OS117	544.4	268.8	AEH13459.1 decaheme c-type cytochrome, DmsE family [Shewanella baltica OS117]
WP_237524231.1	Shewanella_DmsE	Shewanella sp. KX20019	544.4	259.8	WP_237524231.1 DmsE family decaheme c-type cytochrome [Shewanella sp. KX20019]
WP_198782981.1	Shewanella_DmsE	Shewanella putrefaciens	544.4	271.2	WP_198782981.1 DmsE family decaheme c-type cytochrome [Shewanella putrefaciens]
WP_311987510.1	Shewanella_DmsE	Shewanella sp. SP2S2-4	544.4	268.5	WP_311987510.1 DmsE family decaheme c-type cytochrome [Shewanella sp. SP2S2-4]
WP_088210735.1	Shewanella_DmsE	Shewanella sp. Shew256	544.4	264.5	WP_088210735.1 DmsE family decaheme c-type cytochrome [Shewanella sp. Shew256]
WP_188870536.1	Shewanella_DmsE	Shewanella xiamenensis	544.4	262.4	WP_188870536.1 DmsE family decaheme c-type cytochrome [Shewanella xiamenensis]
WP_006085358.1	Shewanella_DmsE	Shewanella baltica	544.3	267.0	WP_006085358.1 DmsE family decaheme c-type cytochrome [Shewanella baltica]
EHC07054.1	Shewanella_DmsE	Shewanella baltica OS625	544.3	267.0	EHC07054.1 decaheme c-type cytochrome, DmsE family [Shewanella baltica OS625]
WP_427612830.1	Shewanella_DmsE	Shewanella baltica	544.2	267.6	WP_427612830.1 DmsE family decaheme c-type cytochrome [Shewanella baltica]
WP_041416025.1	Shewanella_DmsE	Shewanella halifaxensis	544.2	266.1	WP_041416025.1 DmsE family decaheme c-type cytochrome [Shewanella halifaxensis]
WP_107947038.1	Shewanella_DmsE	Shewanella	544.1	269.0	WP_107947038.1 MULTISPECIES: DmsE family decaheme c-type cytochrome [Shewanella]
WP_310796088.1	Shewanella_DmsE	Shewanella baltica	544.1	266.3	WP_310796088.1 DmsE family decaheme c-type cytochrome [Shewanella baltica]
WP_234198946.1	Shewanella_DmsE	Shewanella sp. AS1	543.9	263.3	WP_234198946.1 DmsE family decaheme c-type cytochrome [Shewanella sp. AS1]
WP_414628814.1	Shewanella_DmsE	Shewanella colwelliana	543.9	271.2	WP_414628814.1 DmsE family decaheme c-type cytochrome [Shewanella colwelliana]
WP_115335023.1	Shewanella_DmsE	Shewanella baltica	543.9	266.6	WP_115335023.1 DmsE family decaheme c-type cytochrome [Shewanella baltica]
QYX66254.1	Shewanella_DmsE	Shewanella putrefaciens	543.6	265.2	QYX66254.1 DmsE family decaheme c-type cytochrome [Shewanella putrefaciens]
WP_300476061.1	Shewanella_DmsE	Shewanella sp.	543.5	268.3	WP_300476061.1 DmsE family decaheme c-type cytochrome [Shewanella sp.]
WP_310795111.1	Shewanella_DmsE	Shewanella baltica	543.4	267.9	WP_310795111.1 DmsE family decaheme c-type cytochrome [Shewanella baltica]
WP_028772342.1	Shewanella_DmsE	Shewanella waksmanii	543.4	261.6	WP_028772342.1 DmsE family decaheme c-type cytochrome [Shewanella waksmanii]
WP_432334006.1	Shewanella_DmsE	Shewanella baltica	543.4	267.8	WP_432334006.1 DmsE family decaheme c-type cytochrome [Shewanella baltica]
WP_475622370.1	Shewanella_DmsE	Shewanella algae	543.4	282.6	WP_475622370.1 DmsE family decaheme c-type cytochrome [Shewanella algae]
WP_239890371.1	Shewanella_DmsE	Shewanella sp. Isolate13	543.4	260.8	WP_239890371.1 DmsE family decaheme c-type cytochrome [Shewanella sp. Isolate13]
WP_371990714.1	Shewanella_DmsE	Shewanella sp. 10N.286.54.B9	543.3	262.7	WP_371990714.1 DmsE family decaheme c-type cytochrome [Shewanella sp. 10N.286.54.B9]
WP_220042860.1	Shewanella_DmsE	Shewanella alkalitolerans	543.3	258.8	WP_220042860.1 DmsE family decaheme c-type cytochrome [Shewanella alkalitolerans]
QYJ96451.1	Shewanella_DmsE	Shewanella alkalitolerans	543.3	258.8	QYJ96451.1 DmsE family decaheme c-type cytochrome [Shewanella alkalitolerans]
WP_283102776.1	Shewanella_DmsE	Shewanella abyssi	543.3	261.1	WP_283102776.1 DmsE family decaheme c-type cytochrome [Shewanella abyssi]
WP_311905548.1	Shewanella_DmsE	Shewanella vaxholmensis	543.1	267.8	WP_311905548.1 DmsE family decaheme c-type cytochrome [Shewanella vaxholmensis]
WP_311891561.1	Shewanella_DmsE	Shewanella sp. SP2S2-6	543.1	267.6	WP_311891561.1 DmsE family decaheme c-type cytochrome [Shewanella sp. SP2S2-6]
WP_413473054.1	Shewanella_DmsE	Shewanella baltica	543.0	268.7	WP_413473054.1 DmsE family decaheme c-type cytochrome [Shewanella baltica]
QDF77197.1	Shewanella_DmsE	Shewanella marisflavi	543.0	256.6	QDF77197.1 DmsE family decaheme c-type cytochrome [Shewanella marisflavi]
WP_427748541.1	Shewanella_DmsE	Shewanella baltica	543.0	267.0	WP_427748541.1 DmsE family decaheme c-type cytochrome [Shewanella baltica]
WP_373681769.1	Shewanella_DmsE	Shewanella	543.0	256.6	WP_373681769.1 MULTISPECIES: DmsE family decaheme c-type cytochrome [Shewanella]
WP_418077768.1	Shewanella_DmsE	Shewanella	542.9	256.3	WP_418077768.1 MULTISPECIES: DmsE family decaheme c-type cytochrome [Shewanella]
QYJ91326.1	Shewanella_DmsE	Shewanella halotolerans	542.8	257.7	QYJ91326.1 DmsE family decaheme c-type cytochrome [Shewanella halotolerans]
WP_220060373.1	Shewanella_DmsE	Shewanella halotolerans	542.8	257.7	WP_220060373.1 DmsE family decaheme c-type cytochrome [Shewanella halotolerans]
WP_310795199.1	Shewanella_DmsE	Shewanella baltica	542.7	267.5	WP_310795199.1 DmsE family decaheme c-type cytochrome [Shewanella baltica]
QYJ81212.1	Shewanella_DmsE	Shewanella aegiceratis	542.6	257.6	QYJ81212.1 DmsE family decaheme c-type cytochrome [Shewanella aegiceratis]
QYJ92568.1	Shewanella_DmsE	Shewanella spartinae	542.6	257.6	QYJ92568.1 DmsE family decaheme c-type cytochrome [Shewanella spartinae]
WP_220071829.1	Shewanella_DmsE	Shewanella	542.6	257.6	WP_220071829.1 MULTISPECIES: DmsE family decaheme c-type cytochrome [Shewanella]
BFL83292.1	Shewanella_DmsE	Shewanella baltica	542.6	269.0	BFL83292.1 DmsE family decaheme c-type cytochrome [Shewanella baltica]
WP_432311738.1	Shewanella_DmsE	Shewanella baltica	542.5	265.1	WP_432311738.1 DmsE family decaheme c-type cytochrome [Shewanella baltica]
WP_428848617.1	Shewanella_DmsE	Shewanella marisflavi	542.5	255.4	WP_428848617.1 DmsE family decaheme c-type cytochrome [Shewanella marisflavi]
WP_432369409.1	Shewanella_DmsE	Shewanella baltica	542.4	268.3	WP_432369409.1 DmsE family decaheme c-type cytochrome [Shewanella baltica]
WP_208167449.1	Shewanella_DmsE	Shewanella algae	542.4	283.9	WP_208167449.1 DmsE family decaheme c-type cytochrome [Shewanella algae]
GAB1144117.1	Shewanella_DmsE	Shewanella algae	542.3	283.1	GAB1144117.1 MAG: DmsE family decaheme c-type cytochrome [Shewanella algae]
GAB1107310.1	Shewanella_DmsE	Shewanella algae	542.3	283.1	GAB1107310.1 MAG: DmsE family decaheme c-type cytochrome [Shewanella algae]
GAB1110974.1	Shewanella_DmsE	Shewanella algae	542.3	283.1	GAB1110974.1 MAG: DmsE family decaheme c-type cytochrome [Shewanella algae]
GAB1127481.1	Shewanella_DmsE	Shewanella algae	542.2	283.2	GAB1127481.1 MAG: DmsE family decaheme c-type cytochrome [Shewanella algae]
GAB1056200.1	Shewanella_DmsE	Shewanella algae	542.2	283.2	GAB1056200.1 MAG: DmsE family decaheme c-type cytochrome [Shewanella algae]
WAL80625.1	Shewanella_DmsE	Shewanella sp. DAU305	542.2	269.0	WAL80625.1 DmsE family decaheme c-type cytochrome [Shewanella sp. DAU305]
WP_427925879.1	Shewanella_DmsE	Shewanella algae	542.2	280.4	WP_427925879.1 DmsE family decaheme c-type cytochrome [Shewanella algae]
GAB1121860.1	Shewanella_DmsE	Shewanella algae	542.2	283.2	GAB1121860.1 MAG: DmsE family decaheme c-type cytochrome [Shewanella algae]
WP_012141877.1	Shewanella_DmsE	Shewanella sediminis	542.2	260.8	WP_012141877.1 DmsE family decaheme c-type cytochrome [Shewanella sediminis]
WP_408640505.1	Shewanella_DmsE	Shewanella marisflavi	542.2	256.3	WP_408640505.1 DmsE family decaheme c-type cytochrome [Shewanella marisflavi]
GAB1119894.1	Shewanella_DmsE	Shewanella algae	542.2	283.2	GAB1119894.1 MAG: DmsE family decaheme c-type cytochrome [Shewanella algae]
WP_310795571.1	Shewanella_DmsE	Shewanella baltica	542.1	268.2	WP_310795571.1 DmsE family decaheme c-type cytochrome [Shewanella baltica]
WP_037458378.1	Shewanella_DmsE	Shewanella sp. HN-41	542.1	271.3	WP_037458378.1 DmsE family decaheme c-type cytochrome [Shewanella sp. HN-41]
WP_028780282.1	Shewanella_DmsE	Shewanella	542.1	283.0	WP_028780282.1 MULTISPECIES: DmsE family decaheme c-type cytochrome [Shewanella]
WP_310454471.1	Shewanella_DmsE	Shewanella baltica	542.0	264.4	WP_310454471.1 DmsE family decaheme c-type cytochrome [Shewanella baltica]
UVW63476.1	Shewanella_DmsE	Shewanella baltica	542.0	264.4	UVW63476.1 DmsE family decaheme c-type cytochrome [Shewanella baltica]
WP_418346579.1	Shewanella_DmsE	Shewanella algae	541.8	280.1	WP_418346579.1 DmsE family decaheme c-type cytochrome [Shewanella algae]
WP_425602013.1	Shewanella_DmsE	Shewanella insulae	541.8	260.5	WP_425602013.1 DmsE family decaheme c-type cytochrome [Shewanella insulae]
WP_372034659.1	Shewanella_DmsE	Shewanella sp. 10N.286.45.A1	541.7	263.8	WP_372034659.1 DmsE family decaheme c-type cytochrome [Shewanella sp. 10N.286.45.A1]
QYK11699.1	Shewanella_DmsE	Shewanella rhizosphaerae	541.7	257.8	QYK11699.1 DmsE family decaheme c-type cytochrome [Shewanella rhizosphaerae]
WP_220081313.1	Shewanella_DmsE	Shewanella rhizosphaerae	541.7	257.8	WP_220081313.1 DmsE family decaheme c-type cytochrome [Shewanella rhizosphaerae]
WP_259649787.1	Shewanella_DmsE	Shewanella sp. c952	541.6	263.1	WP_259649787.1 DmsE family decaheme c-type cytochrome [Shewanella sp. c952]
WP_412496860.1	Shewanella_DmsE	Shewanella algae	541.6	282.5	WP_412496860.1 DmsE family decaheme c-type cytochrome [Shewanella algae]
WP_425289861.1	Shewanella_DmsE	Shewanella algae	541.6	282.9	WP_425289861.1 DmsE family decaheme c-type cytochrome [Shewanella algae]
WP_208191695.1	Shewanella_DmsE	Shewanella algae	541.5	282.8	WP_208191695.1 DmsE family decaheme c-type cytochrome [Shewanella algae]
GAB1153172.1	Shewanella_DmsE	Shewanella algae	541.5	279.7	GAB1153172.1 MAG: DmsE family decaheme c-type cytochrome [Shewanella algae]
WP_044734230.1	Shewanella_DmsE	Shewanella algae	541.5	279.7	WP_044734230.1 DmsE family decaheme c-type cytochrome [Shewanella algae]
WP_106650134.1	Shewanella_DmsE	Shewanella sp. Pdp11	541.4	264.6	WP_106650134.1 DmsE family decaheme c-type cytochrome [Shewanella sp. Pdp11]
WP_373316118.1	Shewanella_DmsE	Shewanella colwelliana	541.4	270.2	WP_373316118.1 DmsE family decaheme c-type cytochrome [Shewanella colwelliana]
WP_374920299.1	Shewanella_DmsE	Shewanella xiamenensis	541.4	260.2	WP_374920299.1 DmsE family decaheme c-type cytochrome [Shewanella xiamenensis]
WP_259649512.1	Shewanella_DmsE	Shewanella sp. MBTL60-007	541.4	262.4	WP_259649512.1 DmsE family decaheme c-type cytochrome [Shewanella sp. MBTL60-007]
WP_243757014.1	Shewanella_DmsE	Shewanella sp. Iso12	541.3	282.6	WP_243757014.1 DmsE family decaheme c-type cytochrome [Shewanella sp. Iso12]
GAB1048332.1	Shewanella_DmsE	Shewanella algae	541.3	282.6	GAB1048332.1 MAG: DmsE family decaheme c-type cytochrome [Shewanella algae]
WP_222116769.1	Shewanella_DmsE	Shewanella sp. KCT	541.3	255.4	WP_222116769.1 DmsE family decaheme c-type cytochrome [Shewanella sp. KCT]
GAB1070721.1	Shewanella_DmsE	Shewanella algae	541.3	282.5	GAB1070721.1 MAG: DmsE family decaheme c-type cytochrome [Shewanella algae]
GAB1113776.1	Shewanella_DmsE	Shewanella algae	541.3	282.5	GAB1113776.1 MAG: DmsE family decaheme c-type cytochrome [Shewanella algae]
UZD60116.1	Shewanella_DmsE	Shewanella algae	541.3	282.5	UZD60116.1 DmsE family decaheme c-type cytochrome [Shewanella algae]
GAB1084064.1	Shewanella_DmsE	Shewanella algae	541.3	282.6	GAB1084064.1 MAG: DmsE family decaheme c-type cytochrome [Shewanella algae]
QNI01215.1	Shewanella_DmsE	Shewanella algae	541.2	282.3	QNI01215.1 DmsE family decaheme c-type cytochrome [Shewanella algae]
WP_186265700.1	Shewanella_DmsE	Shewanella algae	541.2	282.3	WP_186265700.1 DmsE family decaheme c-type cytochrome [Shewanella algae]
GAB1042970.1	Shewanella_DmsE	Shewanella algae	541.2	282.3	GAB1042970.1 MAG: DmsE family decaheme c-type cytochrome [Shewanella algae]
QTE84584.1	Shewanella_DmsE	Shewanella algae	541.2	282.3	QTE84584.1 DmsE family decaheme c-type cytochrome [Shewanella algae]
QTE88784.1	Shewanella_DmsE	Shewanella algae	541.1	282.6	QTE88784.1 DmsE family decaheme c-type cytochrome [Shewanella algae]
GAB1081173.1	Shewanella_DmsE	Shewanella algae	541.1	282.6	GAB1081173.1 MAG: DmsE family decaheme c-type cytochrome [Shewanella algae]
WP_208242108.1	Shewanella_DmsE	Shewanella algae	541.1	282.3	WP_208242108.1 DmsE family decaheme c-type cytochrome [Shewanella algae]
WP_239870552.1	Shewanella_DmsE	Shewanella insulae	541.1	258.0	WP_239870552.1 DmsE family decaheme c-type cytochrome [Shewanella insulae]
WP_144217291.1	Shewanella_DmsE	Shewanella	541.1	282.6	WP_144217291.1 MULTISPECIES: DmsE family decaheme c-type cytochrome [Shewanella]
WP_374991345.1	Shewanella_DmsE	Shewanella fidelis	541.0	268.4	WP_374991345.1 DmsE family decaheme c-type cytochrome [Shewanella fidelis]
GAB1051310.1	Shewanella_DmsE	Shewanella algae	541.0	282.4	GAB1051310.1 MAG: DmsE family decaheme c-type cytochrome [Shewanella algae]
GAB1095361.1	Shewanella_DmsE	Shewanella algae	541.0	282.4	GAB1095361.1 MAG: DmsE family decaheme c-type cytochrome [Shewanella algae]
PWF92867.1	Shewanella_DmsE	Shewanella algae	541.0	282.4	PWF92867.1 DmsE family decaheme c-type cytochrome [Shewanella algae]
WP_045282415.1	Shewanella_DmsE	Shewanella	541.0	282.4	WP_045282415.1 MULTISPECIES: DmsE family decaheme c-type cytochrome [Shewanella]
GAB1139487.1	Shewanella_DmsE	Shewanella algae	541.0	282.4	GAB1139487.1 MAG: DmsE family decaheme c-type cytochrome [Shewanella algae]
GAB1131267.1	Shewanella_DmsE	Shewanella algae	541.0	282.4	GAB1131267.1 MAG: DmsE family decaheme c-type cytochrome [Shewanella algae]
GAB1091324.1	Shewanella_DmsE	Shewanella algae	541.0	282.4	GAB1091324.1 MAG: DmsE family decaheme c-type cytochrome [Shewanella algae]
GAB1086845.1	Shewanella_DmsE	Shewanella algae	541.0	282.4	GAB1086845.1 MAG: DmsE family decaheme c-type cytochrome [Shewanella algae]
AYV13355.1	Shewanella_DmsE	Shewanella algae	541.0	282.4	AYV13355.1 DmsE family decaheme c-type cytochrome [Shewanella algae]
XQK14788.1	Shewanella_DmsE	Shewanella algae	541.0	282.4	XQK14788.1 DmsE family decaheme c-type cytochrome [Shewanella algae]
WP_144220611.1	Shewanella_DmsE	Shewanella algae	541.0	283.6	WP_144220611.1 DmsE family decaheme c-type cytochrome [Shewanella algae]
GAB1134529.1	Shewanella_DmsE	Shewanella algae	541.0	282.4	GAB1134529.1 MAG: DmsE family decaheme c-type cytochrome [Shewanella algae]
UXM83902.1	Shewanella_DmsE	Shewanella seohaensis	540.8	264.6	UXM83902.1 DmsE family decaheme c-type cytochrome [Shewanella seohaensis]
WP_427925822.1	Shewanella_DmsE	Shewanella algae	540.7	277.9	WP_427925822.1 DmsE family decaheme c-type cytochrome [Shewanella algae]
WP_418355827.1	Shewanella_DmsE	Shewanella algae	540.6	281.7	WP_418355827.1 DmsE family decaheme c-type cytochrome [Shewanella algae]
WP_425423495.1	Shewanella_DmsE	Shewanella fidelis	540.6	272.0	WP_425423495.1 DmsE family decaheme c-type cytochrome [Shewanella fidelis]
QHD55880.1	Shewanella_DmsE	Shewanella algae	540.4	281.0	QHD55880.1 DmsE family decaheme c-type cytochrome [Shewanella algae]
WP_159353398.1	Shewanella_DmsE	Shewanella algae	540.4	281.0	WP_159353398.1 DmsE family decaheme c-type cytochrome [Shewanella algae]
CAM3152555.1	Shewanella_DmsE	Shewanella algae	540.4	281.0	CAM3152555.1 DmsE family decaheme c-type cytochrome [Shewanella algae]
QNV07586.1	Shewanella_DmsE	Shewanella algae	540.3	277.7	QNV07586.1 DmsE family decaheme c-type cytochrome [Shewanella algae]
WP_082035600.1	Shewanella_DmsE	Shewanella sp. cp20	540.3	256.9	WP_082035600.1 DmsE family decaheme c-type cytochrome [Shewanella sp. cp20]
WP_173913212.1	Shewanella_DmsE	Shewanella	540.3	270.7	WP_173913212.1 MULTISPECIES: DmsE family decaheme c-type cytochrome [Shewanella]
GAB1147683.1	Shewanella_DmsE	Shewanella algae	540.3	280.4	GAB1147683.1 MAG: DmsE family decaheme c-type cytochrome [Shewanella algae]
WP_190535873.1	Shewanella_DmsE	Shewanella algae	540.3	277.7	WP_190535873.1 DmsE family decaheme c-type cytochrome [Shewanella algae]
WKC43413.1	Shewanella_DmsE	Shewanella algae	540.3	285.7	WKC43413.1 DmsE family decaheme c-type cytochrome [Shewanella algae]
XAG87312.1	other	bacterium 19CA01SA08	540.2	280.2	XAG87312.1 DmsE family decaheme c-type cytochrome [bacterium 19CA01SA08]
XAG44066.1	Shewanella_DmsE	Shewanella algae	540.2	280.2	XAG44066.1 DmsE family decaheme c-type cytochrome [Shewanella algae]
WP_239851395.1	Shewanella_DmsE	Shewanella sp. Isolate8	540.2	257.7	WP_239851395.1 DmsE family decaheme c-type cytochrome [Shewanella sp. Isolate8]
XAG79640.1	other	bacterium 19NY03SH02	540.2	280.2	XAG79640.1 DmsE family decaheme c-type cytochrome [bacterium 19NY03SH02]
WP_096141306.1	Shewanella_DmsE	Shewanella algae	540.1	280.4	WP_096141306.1 DmsE family decaheme c-type cytochrome [Shewanella algae]
WMB71620.1	Shewanella_DmsE	Shewanella oncorhynchi	540.1	270.7	WMB71620.1 DmsE family decaheme c-type cytochrome [Shewanella oncorhynchi]
WP_418076022.1	Shewanella_DmsE	Shewanella marisflavi	540.1	254.2	WP_418076022.1 DmsE family decaheme c-type cytochrome [Shewanella marisflavi]
WP_263165956.1	Shewanella_DmsE	Shewanella	540.1	270.7	WP_263165956.1 MULTISPECIES: DmsE family decaheme c-type cytochrome [Shewanella]
QWL10014.1	Shewanella_DmsE	Shewanella algae	540.1	280.4	QWL10014.1 DmsE family decaheme c-type cytochrome [Shewanella algae]
QTE92858.1	Shewanella_DmsE	Shewanella algae	540.1	285.7	QTE92858.1 DmsE family decaheme c-type cytochrome [Shewanella algae]
QGS62158.1	Shewanella_DmsE	Shewanella algae	540.1	281.5	QGS62158.1 DmsE family decaheme c-type cytochrome [Shewanella algae]
WP_156020753.1	Shewanella_DmsE	Shewanella algae	540.1	281.5	WP_156020753.1 DmsE family decaheme c-type cytochrome [Shewanella algae]
WP_404830520.1	Shewanella_DmsE	Shewanella colwelliana	540.1	270.3	WP_404830520.1 DmsE family decaheme c-type cytochrome [Shewanella colwelliana]
WP_145838819.1	Shewanella_DmsE	Shewanella	540.1	285.7	WP_145838819.1 MULTISPECIES: DmsE family decaheme c-type cytochrome [Shewanella]
WP_439800491.1	Shewanella_DmsE	Shewanella algae	540.1	285.8	WP_439800491.1 DmsE family decaheme c-type cytochrome [Shewanella algae]
WP_372872944.1	Shewanella_DmsE	Shewanella sp.	540.0	268.1	WP_372872944.1 DmsE family decaheme c-type cytochrome [Shewanella sp.]
WP_101059135.1	Shewanella_DmsE	Shewanella	540.0	280.2	WP_101059135.1 MULTISPECIES: DmsE family decaheme c-type cytochrome [Shewanella]
WP_219234579.1	Shewanella_DmsE	Shewanella sp. NKUCC01_JLK	540.0	269.6	WP_219234579.1 DmsE family decaheme c-type cytochrome [Shewanella sp. NKUCC01_JLK]
WP_280925670.1	Shewanella_DmsE	Shewanella septentrionalis	540.0	268.4	WP_280925670.1 DmsE family decaheme c-type cytochrome [Shewanella septentrionalis]
WP_208142708.1	Shewanella_DmsE	Shewanella algae	539.9	280.2	WP_208142708.1 DmsE family decaheme c-type cytochrome [Shewanella algae]
QKG96450.1	Shewanella_DmsE	Shewanella oneidensis MR-1	539.9	264.7	QKG96450.1 DmsE family decaheme c-type cytochrome [Shewanella oneidensis MR-1]
WP_011071905.1	Shewanella_DmsE	Shewanella oneidensis	539.9	264.7	WP_011071905.1 DmsE family decaheme c-type cytochrome [Shewanella oneidensis]
WP_275658922.1	Shewanella_DmsE	Shewanella sp. Isolate11	539.8	270.0	WP_275658922.1 DmsE family decaheme c-type cytochrome [Shewanella sp. Isolate11]
WP_286992699.1	Shewanella_DmsE	Shewanella sp.	539.7	270.4	WP_286992699.1 DmsE family decaheme c-type cytochrome [Shewanella sp.]
WP_263144397.1	Shewanella_DmsE	Shewanella	539.6	270.9	WP_263144397.1 MULTISPECIES: DmsE family decaheme c-type cytochrome [Shewanella]
WP_425290101.1	Shewanella_DmsE	Shewanella algae	539.6	281.4	WP_425290101.1 DmsE family decaheme c-type cytochrome [Shewanella algae]
BGZ64325.1	Shewanella_DmsE	Shewanella algae	539.5	283.0	BGZ64325.1 DmsE family decaheme c-type cytochrome [Shewanella algae]
QQO85850.1	Shewanella_DmsE	Shewanella algae	539.5	283.0	QQO85850.1 DmsE family decaheme c-type cytochrome [Shewanella algae]
WP_025886747.1	Shewanella_DmsE	Shewanella algae	539.5	283.0	WP_025886747.1 DmsE family decaheme c-type cytochrome [Shewanella algae]
WP_228371160.1	Shewanella_DmsE	Shewanella piezotolerans	539.5	262.4	WP_228371160.1 DmsE family decaheme c-type cytochrome [Shewanella piezotolerans]
WP_219250249.1	Shewanella_DmsE	Shewanella	539.3	271.4	WP_219250249.1 MULTISPECIES: DmsE family decaheme c-type cytochrome [Shewanella]
WP_287478767.1	Shewanella_DmsE	Shewanella	539.3	270.9	WP_287478767.1 MULTISPECIES: DmsE family decaheme c-type cytochrome [Shewanella]
WP_248973970.1	Shewanella_DmsE	Shewanella kaireitica	539.2	263.9	WP_248973970.1 DmsE family decaheme c-type cytochrome [Shewanella kaireitica]
WVI91912.1	Shewanella_DmsE	Shewanella oncorhynchi	539.2	271.5	WVI91912.1 DmsE family decaheme c-type cytochrome [Shewanella oncorhynchi]
WP_330147177.1	Shewanella_DmsE	Shewanella oncorhynchi	539.2	271.5	WP_330147177.1 DmsE family decaheme c-type cytochrome [Shewanella oncorhynchi]
WP_144160519.1	Shewanella_DmsE	Shewanella algae	539.1	281.1	WP_144160519.1 DmsE family decaheme c-type cytochrome [Shewanella algae]
RBP82870.1	Shewanella_DmsE	Shewanella putrefaciens	539.1	268.6	RBP82870.1 DmsE family decaheme c-type cytochrome [Shewanella putrefaciens]
WP_394229427.1	Shewanella_DmsE	Shewanella colwelliana	539.1	270.1	WP_394229427.1 DmsE family decaheme c-type cytochrome [Shewanella colwelliana]
WP_208138400.1	Shewanella_DmsE	Shewanella algae	539.1	280.0	WP_208138400.1 DmsE family decaheme c-type cytochrome [Shewanella algae]
WP_411393891.1	Shewanella_DmsE	Shewanella algae	539.1	282.4	WP_411393891.1 DmsE family decaheme c-type cytochrome [Shewanella algae]
WP_427916268.1	Shewanella_DmsE	Shewanella algae	539.1	280.8	WP_427916268.1 DmsE family decaheme c-type cytochrome [Shewanella algae]
WP_419836915.1	Shewanella_DmsE	Shewanella algae	539.1	282.6	WP_419836915.1 DmsE family decaheme c-type cytochrome [Shewanella algae]
WP_404830079.1	Shewanella_DmsE	Shewanella	539.1	280.2	WP_404830079.1 MULTISPECIES: DmsE family decaheme c-type cytochrome [Shewanella]
WP_181800801.1	Shewanella_DmsE	Shewanella oncorhynchi	539.1	268.6	WP_181800801.1 DmsE family decaheme c-type cytochrome [Shewanella oncorhynchi]
WP_025010715.1	Shewanella_DmsE	Shewanella algae	539.0	280.0	WP_025010715.1 DmsE family decaheme c-type cytochrome [Shewanella algae]
GAB1068767.1	Shewanella_DmsE	Shewanella algae	539.0	280.0	GAB1068767.1 MAG: DmsE family decaheme c-type cytochrome [Shewanella algae]
GAB1100272.1	Shewanella_DmsE	Shewanella algae	539.0	283.4	GAB1100272.1 MAG: DmsE family decaheme c-type cytochrome [Shewanella algae]
QTE80177.1	Shewanella_DmsE	Shewanella algae	539.0	280.0	QTE80177.1 DmsE family decaheme c-type cytochrome [Shewanella algae]
GAB1064650.1	Shewanella_DmsE	Shewanella algae	539.0	280.0	GAB1064650.1 MAG: DmsE family decaheme c-type cytochrome [Shewanella algae]
GAB1074986.1	Shewanella_DmsE	Shewanella algae	539.0	280.0	GAB1074986.1 MAG: DmsE family decaheme c-type cytochrome [Shewanella algae]
GAB1059458.1	Shewanella_DmsE	Shewanella algae	539.0	280.0	GAB1059458.1 MAG: DmsE family decaheme c-type cytochrome [Shewanella algae]
WYI90868.1	Shewanella_DmsE	Shewanella chilikensis	538.9	284.0	WYI90868.1 DmsE family decaheme c-type cytochrome [Shewanella chilikensis]
WP_420833527.1	Shewanella_DmsE	Shewanella pneumatophori	538.9	267.3	WP_420833527.1 DmsE family decaheme c-type cytochrome [Shewanella pneumatophori]
WP_101053344.1	Shewanella_DmsE	Shewanella	538.9	284.0	WP_101053344.1 MULTISPECIES: DmsE family decaheme c-type cytochrome [Shewanella]
XQK10499.1	Shewanella_DmsE	Shewanella chilikensis	538.9	284.0	XQK10499.1 DmsE family decaheme c-type cytochrome [Shewanella chilikensis]
PYE59422.1	Shewanella_DmsE	Shewanella chilikensis	538.9	284.0	PYE59422.1 DmsE family decaheme c-type cytochrome [Shewanella chilikensis]
QIJ06782.1	Shewanella_DmsE	Shewanella chilikensis	538.9	284.0	QIJ06782.1 DmsE family decaheme c-type cytochrome [Shewanella chilikensis]
WP_263197621.1	Shewanella_DmsE	Shewanella sp. SM20	538.8	271.1	WP_263197621.1 DmsE family decaheme c-type cytochrome [Shewanella sp. SM20]
WP_263163265.1	Shewanella_DmsE	Shewanella sp. SM21	538.8	269.8	WP_263163265.1 DmsE family decaheme c-type cytochrome [Shewanella sp. SM21]
WP_100145470.1	Shewanella_DmsE	Shewanella carassii	538.7	281.0	WP_100145470.1 DmsE family decaheme c-type cytochrome [Shewanella carassii]
WP_219252890.1	Shewanella_DmsE	Shewanella sp. NKUCC05_KAH	538.6	271.3	WP_219252890.1 DmsE family decaheme c-type cytochrome [Shewanella sp. NKUCC05_KAH]
WP_239883161.1	Shewanella_DmsE	Shewanella sp. Isolate7	538.5	257.6	WP_239883161.1 DmsE family decaheme c-type cytochrome [Shewanella sp. Isolate7]
WP_447161584.1	Shewanella_DmsE	Shewanella	538.4	250.4	WP_447161584.1 MULTISPECIES: DmsE family decaheme c-type cytochrome [Shewanella]
WP_432386873.1	Shewanella_DmsE	Shewanella oncorhynchi	538.4	269.9	WP_432386873.1 DmsE family decaheme c-type cytochrome [Shewanella oncorhynchi]
WP_263181131.1	Shewanella_DmsE	unclassified Shewanella	538.4	270.8	WP_263181131.1 MULTISPECIES: DmsE family decaheme c-type cytochrome [unclassified Shewanella]
WP_432336687.1	Shewanella_DmsE	Shewanella oncorhynchi	538.4	268.5	WP_432336687.1 DmsE family decaheme c-type cytochrome [Shewanella oncorhynchi]
WP_126166337.1	Shewanella_DmsE	Shewanella khirikhana	538.3	270.7	WP_126166337.1 DmsE family decaheme c-type cytochrome [Shewanella khirikhana]
WP_427916247.1	Shewanella_DmsE	Shewanella algae	538.3	280.6	WP_427916247.1 DmsE family decaheme c-type cytochrome [Shewanella algae]
WP_394202554.1	Shewanella_DmsE	Shewanella waksmanii	538.3	253.8	WP_394202554.1 DmsE family decaheme c-type cytochrome [Shewanella waksmanii]
WP_221061038.1	Shewanella_DmsE	Shewanella algae	538.2	281.7	WP_221061038.1 DmsE family decaheme c-type cytochrome [Shewanella algae]
WP_427910433.1	Shewanella_DmsE	Shewanella algae	538.2	278.6	WP_427910433.1 DmsE family decaheme c-type cytochrome [Shewanella algae]
QYK03240.1	Shewanella_DmsE	Shewanella psychrotolerans	538.1	267.8	QYK03240.1 DmsE family decaheme c-type cytochrome [Shewanella psychrotolerans]
WP_374706829.1	Shewanella_DmsE	unclassified Shewanella	538.1	263.3	WP_374706829.1 MULTISPECIES: DmsE family decaheme c-type cytochrome [unclassified Shewanella]
WP_220071300.1	Shewanella_DmsE	Shewanella psychrotolerans	538.1	267.8	WP_220071300.1 DmsE family decaheme c-type cytochrome [Shewanella psychrotolerans]
WP_425601878.1	Shewanella_DmsE	Shewanella insulae	538.0	259.7	WP_425601878.1 DmsE family decaheme c-type cytochrome [Shewanella insulae]
WP_090364685.1	other	Ferrimonas sediminum	537.9	263.2	WP_090364685.1 DmsE family decaheme c-type cytochrome [Ferrimonas sediminum]
SDJ14697.1	other	Ferrimonas sediminum	537.9	263.2	SDJ14697.1 decaheme c-type cytochrome, DmsE family [Ferrimonas sediminum]
WP_407820369.1	Shewanella_DmsE	Shewanella algae	537.9	280.3	WP_407820369.1 DmsE family decaheme c-type cytochrome [Shewanella algae]
WP_011866316.1	Shewanella_DmsE	Shewanella loihica	537.8	255.7	WP_011866316.1 DmsE family decaheme c-type cytochrome [Shewanella loihica]
WP_208124690.1	Shewanella_DmsE	Shewanella algae	537.7	278.8	WP_208124690.1 DmsE family decaheme c-type cytochrome [Shewanella algae]
QTE97058.1	Shewanella_DmsE	Shewanella algae	537.7	278.8	QTE97058.1 DmsE family decaheme c-type cytochrome [Shewanella algae]
CAM2856810.1	Shewanella_DmsE	Shewanella loihica	537.7	255.7	CAM2856810.1 DmsE family decaheme c-type cytochrome [Shewanella loihica]
USD36405.1	other	Ferrimonas sp. SCSIO 43195	537.6	263.1	USD36405.1 DmsE family decaheme c-type cytochrome [Ferrimonas sp. SCSIO 43195]
WP_028112255.1	other	Ferrimonas	537.6	263.1	WP_028112255.1 MULTISPECIES: DmsE family decaheme c-type cytochrome [Ferrimonas]
WP_221051192.1	Shewanella_DmsE	Shewanella carassii	537.6	278.8	WP_221051192.1 DmsE family decaheme c-type cytochrome [Shewanella carassii]
WP_144225154.1	Shewanella_DmsE	Shewanella algae	537.5	283.3	WP_144225154.1 DmsE family decaheme c-type cytochrome [Shewanella algae]
WP_412501042.1	Shewanella_DmsE	Shewanella chilikensis	537.5	284.0	WP_412501042.1 DmsE family decaheme c-type cytochrome [Shewanella chilikensis]
UYA15366.1	Shewanella_DmsE	Shewanella algae	537.5	283.3	UYA15366.1 DmsE family decaheme c-type cytochrome [Shewanella algae]
QXP40288.1	Shewanella_DmsE	Shewanella algae	537.5	283.3	QXP40288.1 DmsE family decaheme c-type cytochrome [Shewanella algae]
QXP31943.1	Shewanella_DmsE	Shewanella algae	537.5	283.3	QXP31943.1 DmsE family decaheme c-type cytochrome [Shewanella algae]
QXP36182.1	Shewanella_DmsE	Shewanella algae	537.5	283.3	QXP36182.1 DmsE family decaheme c-type cytochrome [Shewanella algae]
WP_212599880.1	Shewanella_DmsE	Shewanella sp. M16	537.4	269.0	WP_212599880.1 DmsE family decaheme c-type cytochrome [Shewanella sp. M16]
WP_144166638.1	Shewanella_DmsE	Shewanella algae	537.3	284.5	WP_144166638.1 DmsE family decaheme c-type cytochrome [Shewanella algae]
WP_263175963.1	Shewanella_DmsE	Shewanella sp. SM103	537.3	269.7	WP_263175963.1 DmsE family decaheme c-type cytochrome [Shewanella sp. SM103]
WP_427925724.1	Shewanella_DmsE	Shewanella algae	537.2	277.0	WP_427925724.1 DmsE family decaheme c-type cytochrome [Shewanella algae]
WP_208163618.1	Shewanella_DmsE	Shewanella algae	537.1	278.1	WP_208163618.1 DmsE family decaheme c-type cytochrome [Shewanella algae]
GAB1038765.1	Shewanella_DmsE	Shewanella algae	537.1	278.2	GAB1038765.1 MAG: DmsE family decaheme c-type cytochrome [Shewanella algae]
WP_427910356.1	Shewanella_DmsE	Shewanella algae	537.0	278.1	WP_427910356.1 DmsE family decaheme c-type cytochrome [Shewanella algae]
WP_215774466.1	Shewanella_DmsE	Shewanella indica	537.0	276.6	WP_215774466.1 DmsE family decaheme c-type cytochrome [Shewanella indica]
WP_263203213.1	Shewanella_DmsE	unclassified Shewanella	537.0	268.4	WP_263203213.1 MULTISPECIES: DmsE family decaheme c-type cytochrome [unclassified Shewanella]
QWL04670.1	Shewanella_DmsE	Shewanella indica	537.0	276.6	QWL04670.1 DmsE family decaheme c-type cytochrome [Shewanella indica]
WP_484347581.1	Shewanella_DmsE	Shewanella sp.	537.0	269.4	WP_484347581.1 DmsE family decaheme c-type cytochrome [Shewanella sp.]
XOL03923.1	Shewanella_DmsE	Shewanella oncorhynchi	536.8	268.2	XOL03923.1 DmsE family decaheme c-type cytochrome [Shewanella oncorhynchi]
WP_415776136.1	Shewanella_DmsE	Shewanella oncorhynchi	536.8	268.2	WP_415776136.1 DmsE family decaheme c-type cytochrome [Shewanella oncorhynchi]
WP_263205662.1	Shewanella_DmsE	Shewanella	536.8	267.4	WP_263205662.1 MULTISPECIES: DmsE family decaheme c-type cytochrome [Shewanella]
WP_281212609.1	Shewanella_DmsE	Shewanella insulae	536.6	255.6	WP_281212609.1 DmsE family decaheme c-type cytochrome [Shewanella insulae]
WP_434086717.1	Shewanella_DmsE	Shewanella mesophila	536.6	270.1	WP_434086717.1 DmsE family decaheme c-type cytochrome [Shewanella mesophila]
WP_168823643.1	Shewanella_DmsE	Shewanella oncorhynchi	536.6	269.8	WP_168823643.1 DmsE family decaheme c-type cytochrome [Shewanella oncorhynchi]
QYJ87980.1	Shewanella_DmsE	Shewanella mesophila	536.6	270.3	QYJ87980.1 DmsE family decaheme c-type cytochrome [Shewanella mesophila]
QXP18396.1	Shewanella_DmsE	Shewanella algae	536.6	282.5	QXP18396.1 DmsE family decaheme c-type cytochrome [Shewanella algae]
CAM3344538.1	Shewanella_DmsE	Shewanella pealeana	536.4	262.1	CAM3344538.1 DmsE family decaheme c-type cytochrome [Shewanella pealeana]
WP_398352574.1	Shewanella_DmsE	Shewanella pealeana	536.4	262.1	WP_398352574.1 DmsE family decaheme c-type cytochrome [Shewanella pealeana]
WP_012155918.1	Shewanella_DmsE	Shewanella pealeana	536.4	262.1	WP_012155918.1 DmsE family decaheme c-type cytochrome [Shewanella pealeana]
WP_028760478.1	Shewanella_DmsE	Shewanella	536.1	265.4	WP_028760478.1 MULTISPECIES: DmsE family decaheme c-type cytochrome [Shewanella]
WP_427911209.1	Shewanella_DmsE	Shewanella algae	536.1	277.8	WP_427911209.1 DmsE family decaheme c-type cytochrome [Shewanella algae]
WP_263172154.1	Shewanella_DmsE	Shewanella	536.0	267.4	WP_263172154.1 MULTISPECIES: DmsE family decaheme c-type cytochrome [Shewanella]
WP_039033877.1	Shewanella_DmsE	Shewanella	535.4	276.8	WP_039033877.1 MULTISPECIES: DmsE family decaheme c-type cytochrome [Shewanella]
WP_263186809.1	Shewanella_DmsE	unclassified Shewanella	535.4	266.3	WP_263186809.1 MULTISPECIES: DmsE family decaheme c-type cytochrome [unclassified Shewanella]
WP_124732393.1	Shewanella_DmsE	Shewanella livingstonensis	535.2	245.9	WP_124732393.1 DmsE family decaheme c-type cytochrome [Shewanella livingstonensis]
AZG74925.1	Shewanella_DmsE	Shewanella livingstonensis	535.2	245.9	AZG74925.1 DmsE family decaheme c-type cytochrome [Shewanella livingstonensis]
CAM4467737.1	Shewanella_DmsE	Shewanella livingstonensis	535.2	245.9	CAM4467737.1 DmsE family decaheme c-type cytochrome [Shewanella livingstonensis]
WP_173245641.1	Shewanella_DmsE	Shewanella sp. DC2-4	535.0	267.5	WP_173245641.1 DmsE family decaheme c-type cytochrome [Shewanella sp. DC2-4]
WP_432317362.1	Shewanella_DmsE	Shewanella oncorhynchi	534.8	268.2	WP_432317362.1 DmsE family decaheme c-type cytochrome [Shewanella oncorhynchi]
WP_425289395.1	Shewanella_DmsE	Shewanella indica	534.8	276.6	WP_425289395.1 DmsE family decaheme c-type cytochrome [Shewanella indica]
WP_198572189.1	Shewanella_DmsE	Shewanella sp. DW31	534.6	269.9	WP_198572189.1 DmsE family decaheme c-type cytochrome [Shewanella sp. DW31]
WP_338253367.1	Shewanella_DmsE	Shewanella	534.6	267.9	WP_338253367.1 MULTISPECIES: DmsE family decaheme c-type cytochrome [Shewanella]
WP_115390547.1	Shewanella_DmsE	Shewanella algae	534.6	281.4	WP_115390547.1 DmsE family decaheme c-type cytochrome [Shewanella algae]
WP_415836993.1	Shewanella_DmsE	Shewanella aquimarina	534.4	253.9	WP_415836993.1 DmsE family decaheme c-type cytochrome [Shewanella aquimarina]
CAM3899213.1	Shewanella_DmsE	Shewanella aquimarina	534.4	253.9	CAM3899213.1 DmsE family decaheme c-type cytochrome [Shewanella aquimarina]
WP_372873302.1	Shewanella_DmsE	Shewanella sp.	534.3	271.9	WP_372873302.1 DmsE family decaheme c-type cytochrome, partial [Shewanella sp.]
WP_371411759.1	Shewanella_DmsE	Shewanella halifaxensis	534.2	268.6	WP_371411759.1 DmsE family decaheme c-type cytochrome [Shewanella halifaxensis]
CAM2776869.1	Shewanella_DmsE	Shewanella amazonensis	534.1	276.2	CAM2776869.1 DmsE family decaheme c-type cytochrome [Shewanella amazonensis]
WP_011759329.1	Shewanella_DmsE	Shewanella amazonensis	534.1	276.2	WP_011759329.1 DmsE family decaheme c-type cytochrome [Shewanella amazonensis]
WP_162206714.1	Shewanella_DmsE	Shewanella	533.9	277.4	WP_162206714.1 MULTISPECIES: DmsE family decaheme c-type cytochrome [Shewanella]
WP_263214067.1	Shewanella_DmsE	Shewanella sp. SM78	533.3	265.6	WP_263214067.1 DmsE family decaheme c-type cytochrome [Shewanella sp. SM78]
QRH02950.1	Shewanella_DmsE	Shewanella litorisediminis	533.0	279.3	QRH02950.1 DmsE family decaheme c-type cytochrome [Shewanella litorisediminis]
WP_203326530.1	Shewanella_DmsE	Shewanella litorisediminis	533.0	279.3	WP_203326530.1 DmsE family decaheme c-type cytochrome [Shewanella litorisediminis]
WP_028108793.1	other	Ferrimonas futtsuensis	532.6	266.7	WP_028108793.1 DmsE family decaheme c-type cytochrome [Ferrimonas futtsuensis]
WP_482097389.1	Shewanella_DmsE	Shewanella sp.	531.6	271.6	WP_482097389.1 DmsE family decaheme c-type cytochrome [Shewanella sp.]
WP_287946072.1	Shewanella_DmsE	Shewanella sp.	531.2	255.2	WP_287946072.1 DmsE family decaheme c-type cytochrome, partial [Shewanella sp.]
WP_417345842.1	other	Ferrimonas sp.	530.9	264.3	WP_417345842.1 DmsE family decaheme c-type cytochrome [Ferrimonas sp.]
QYJ76557.1	Shewanella_DmsE	Shewanella sp. FJAT-52076	530.7	278.6	QYJ76557.1 DmsE family decaheme c-type cytochrome [Shewanella sp. FJAT-52076]
QYK06477.1	Shewanella_DmsE	Shewanella zhangzhouensis	530.7	278.6	QYK06477.1 DmsE family decaheme c-type cytochrome [Shewanella zhangzhouensis]
WP_394147843.1	Shewanella_DmsE	Shewanella atlantica	530.5	255.8	WP_394147843.1 DmsE family decaheme c-type cytochrome [Shewanella atlantica]
WP_299788787.1	Shewanella_DmsE	uncultured Shewanella sp.	530.5	255.8	WP_299788787.1 DmsE family decaheme c-type cytochrome [uncultured Shewanella sp.]
WP_408733384.1	Shewanella_DmsE	Shewanella	530.5	278.8	WP_408733384.1 MULTISPECIES: DmsE family decaheme c-type cytochrome [Shewanella]
WP_286342950.1	other	Ferrimonas sp. YFM	530.4	265.4	WP_286342950.1 DmsE family decaheme c-type cytochrome [Ferrimonas sp. YFM]
WP_059745889.1	Shewanella_DmsE	Shewanella frigidimarina	530.2	244.9	WP_059745889.1 DmsE family decaheme c-type cytochrome [Shewanella frigidimarina]
WP_214505409.1	Shewanella_DmsE	Shewanella jiangmenensis	529.6	277.9	WP_214505409.1 DmsE family decaheme c-type cytochrome [Shewanella jiangmenensis]
WP_432400674.1	Shewanella_DmsE	Shewanella sp. MF05960	528.2	242.8	WP_432400674.1 DmsE family decaheme c-type cytochrome [Shewanella sp. MF05960]
WP_475517004.1	Shewanella_DmsE	Shewanella sp. QJM3NY_23	527.2	267.3	WP_475517004.1 DmsE family decaheme c-type cytochrome [Shewanella sp. QJM3NY_23]
WP_238106282.1	Shewanella_DmsE	Shewanella sp.	526.5	235.6	WP_238106282.1 DmsE family decaheme c-type cytochrome [Shewanella sp.]
WP_160052023.1	Shewanella_DmsE	Shewanella litoralis	526.3	242.6	WP_160052023.1 DmsE family decaheme c-type cytochrome [Shewanella litoralis]
WP_119977099.1	Shewanella_DmsE	Shewanella algidipiscicola	526.1	261.9	WP_119977099.1 DmsE family decaheme c-type cytochrome [Shewanella algidipiscicola]
WP_160796427.1	Shewanella_DmsE	Shewanella	525.7	254.3	WP_160796427.1 MULTISPECIES: DmsE family decaheme c-type cytochrome [Shewanella]
TKB48249.1	other	Ferrimonas sediminicola	525.0	262.6	TKB48249.1 DmsE family decaheme c-type cytochrome [Ferrimonas sediminicola]
WP_110456807.1	Shewanella_DmsE	Shewanella algidipiscicola	524.7	261.0	WP_110456807.1 DmsE family decaheme c-type cytochrome [Shewanella algidipiscicola]
WP_324614089.1	other	Ferrimonas sediminicola	524.7	262.1	WP_324614089.1 DmsE family decaheme c-type cytochrome [Ferrimonas sediminicola]
WP_136861745.1	other	Ferrimonas aestuarii	524.1	269.4	WP_136861745.1 DmsE family decaheme c-type cytochrome [Ferrimonas aestuarii]
WP_248988246.1	Shewanella_DmsE	Shewanella gelidimarina	524.1	252.9	WP_248988246.1 DmsE family decaheme c-type cytochrome [Shewanella gelidimarina]
TKB58597.1	other	Ferrimonas aestuarii	524.1	269.4	TKB58597.1 DmsE family decaheme c-type cytochrome [Ferrimonas aestuarii]
WP_425596966.1	Shewanella_DmsE	Shewanella algicola	523.9	237.0	WP_425596966.1 DmsE family decaheme c-type cytochrome [Shewanella algicola]
WP_101089466.1	Shewanella_DmsE	unclassified Shewanella	523.5	255.5	WP_101089466.1 MULTISPECIES: DmsE family decaheme c-type cytochrome [unclassified Shewanella]
WP_130600447.1	Shewanella_DmsE	Shewanella maritima	522.8	243.3	WP_130600447.1 DmsE family decaheme c-type cytochrome [Shewanella maritima]
QBF83388.1	Shewanella_DmsE	Shewanella maritima	522.8	243.3	QBF83388.1 DmsE family decaheme c-type cytochrome [Shewanella maritima]
WP_432301636.1	Shewanella_DmsE	Shewanella frigidimarina	522.5	256.0	WP_432301636.1 DmsE family decaheme c-type cytochrome [Shewanella frigidimarina]
AZG33584.1	Shewanella_DmsE	Shewanella psychromarinicola	522.3	257.1	AZG33584.1 DmsE family decaheme c-type cytochrome [Shewanella psychromarinicola]
WP_124013799.1	Shewanella_DmsE	Shewanella psychromarinicola	522.3	257.1	WP_124013799.1 DmsE family decaheme c-type cytochrome [Shewanella psychromarinicola]
RPA23622.1	Shewanella_DmsE	Shewanella psychromarinicola	522.3	257.1	RPA23622.1 DmsE family decaheme c-type cytochrome [Shewanella psychromarinicola]
WP_101086023.1	Shewanella_DmsE	unclassified Shewanella	521.6	256.5	WP_101086023.1 MULTISPECIES: DmsE family decaheme c-type cytochrome [unclassified Shewanella]
WP_298439185.1	other	uncultured Ferrimonas sp.	521.2	248.9	WP_298439185.1 DmsE family decaheme c-type cytochrome [uncultured Ferrimonas sp.]
WP_188926357.1	Shewanella_DmsE	Shewanella algicola	521.2	237.0	WP_188926357.1 DmsE family decaheme c-type cytochrome [Shewanella algicola]
WP_299797991.1	Shewanella_DmsE	Shewanella atlantica	520.8	239.7	WP_299797991.1 DmsE family decaheme c-type cytochrome [Shewanella atlantica]
WP_442526995.1	Shewanella_DmsE	Shewanella frigidimarina	520.7	256.6	WP_442526995.1 DmsE family decaheme c-type cytochrome [Shewanella frigidimarina]
WP_011638573.1	Shewanella_DmsE	Shewanella	520.7	256.5	WP_011638573.1 MULTISPECIES: DmsE family decaheme c-type cytochrome [Shewanella]
WP_442525910.1	Shewanella_DmsE	Shewanella frigidimarina	520.7	256.4	WP_442525910.1 DmsE family decaheme c-type cytochrome [Shewanella frigidimarina]
RPA64097.1	Shewanella_DmsE	Shewanella frigidimarina	520.6	255.6	RPA64097.1 DmsE family decaheme c-type cytochrome [Shewanella frigidimarina]
QHS15064.1	Shewanella_DmsE	Shewanella sp. Arc9-LZ	520.6	248.5	QHS15064.1 DmsE family decaheme c-type cytochrome [Shewanella sp. Arc9-LZ]
WP_123776485.1	Shewanella_DmsE	Shewanella frigidimarina	520.6	255.6	WP_123776485.1 DmsE family decaheme c-type cytochrome [Shewanella frigidimarina]
WP_282109147.1	Shewanella_DmsE	Shewanella algicola	520.0	235.4	WP_282109147.1 DmsE family decaheme c-type cytochrome [Shewanella algicola]
WP_335687394.1	Shewanella_DmsE	Shewanella psychromarinicola	520.0	251.4	WP_335687394.1 DmsE family decaheme c-type cytochrome [Shewanella psychromarinicola]
RTR29300.1	Shewanella_DmsE	Shewanella atlantica	519.3	255.1	RTR29300.1 DmsE family decaheme c-type cytochrome [Shewanella atlantica]
WP_126507272.1	Shewanella_DmsE	Shewanella atlantica	519.3	255.1	WP_126507272.1 DmsE family decaheme c-type cytochrome [Shewanella atlantica]
WP_012140703.1	Shewanella_DmsE	Shewanella sediminis	519.2	255.0	WP_012140703.1 DmsE family decaheme c-type cytochrome [Shewanella sediminis]
WP_123882123.1	Shewanella_DmsE	Shewanella frigidimarina	518.9	257.0	WP_123882123.1 DmsE family decaheme c-type cytochrome [Shewanella frigidimarina]
RPA38600.1	Shewanella_DmsE	Shewanella frigidimarina	518.9	257.0	RPA38600.1 DmsE family decaheme c-type cytochrome [Shewanella frigidimarina]
WP_319593220.1	Shewanella_DmsE	Shewanella donghaensis	518.8	240.9	WP_319593220.1 DmsE family decaheme c-type cytochrome [Shewanella donghaensis]
WP_342859722.1	Shewanella_DmsE	Shewanella frigidimarina	518.7	256.2	WP_342859722.1 DmsE family decaheme c-type cytochrome [Shewanella frigidimarina]
WP_102529581.1	Shewanella_DmsE	unclassified Shewanella	518.4	242.2	WP_102529581.1 MULTISPECIES: DmsE family decaheme c-type cytochrome [unclassified Shewanella]
WP_420709429.1	Shewanella_DmsE	Shewanella	518.4	242.0	WP_420709429.1 MULTISPECIES: DmsE family decaheme c-type cytochrome [Shewanella]
WP_182751065.1	Shewanella_DmsE	Shewanella sp. SG44-2	518.3	255.5	WP_182751065.1 DmsE family decaheme c-type cytochrome [Shewanella sp. SG44-2]
RTR37020.1	Shewanella_DmsE	Shewanella canadensis	518.3	256.7	RTR37020.1 DmsE family decaheme c-type cytochrome [Shewanella canadensis]
WP_126522941.1	Shewanella_DmsE	Shewanella canadensis	518.3	256.7	WP_126522941.1 DmsE family decaheme c-type cytochrome [Shewanella canadensis]
QIZ76018.1	other	Ferrimonas lipolytica	518.2	246.4	QIZ76018.1 DmsE family decaheme c-type cytochrome [Ferrimonas lipolytica]
WP_168659279.1	other	Ferrimonas lipolytica	518.2	246.4	WP_168659279.1 DmsE family decaheme c-type cytochrome [Ferrimonas lipolytica]
QQX79860.1	Shewanella_DmsE	Shewanella sp. KX20019	518.1	256.4	QQX79860.1 DmsE family decaheme c-type cytochrome [Shewanella sp. KX20019]
WP_202286762.1	Shewanella_DmsE	Shewanella sp. KX20019	518.1	256.4	WP_202286762.1 DmsE family decaheme c-type cytochrome [Shewanella sp. KX20019]
WP_101032759.1	Shewanella_DmsE	Shewanella sp. Actino-trap-3	518.1	251.8	WP_101032759.1 DmsE family decaheme c-type cytochrome [Shewanella sp. Actino-trap-3]
WP_351124465.1	Shewanella_DmsE	Shewanella sp. T24-MNA-CIBAN-0130	518.0	252.1	WP_351124465.1 DmsE family decaheme c-type cytochrome [Shewanella sp. T24-MNA-CIBAN-0130]
WP_351076670.1	Shewanella_DmsE	Shewanella sp. CAL98-MNA-CIBAN-0140	517.9	251.1	WP_351076670.1 DmsE family decaheme c-type cytochrome [Shewanella sp. CAL98-MNA-CIBAN-0140]
WP_248983775.1	Shewanella_DmsE	Shewanella olleyana	517.9	242.3	WP_248983775.1 DmsE family decaheme c-type cytochrome [Shewanella olleyana]
WP_126520915.1	Shewanella_DmsE	Shewanella canadensis	517.7	241.9	WP_126520915.1 DmsE family decaheme c-type cytochrome [Shewanella canadensis]
RTR38135.1	Shewanella_DmsE	Shewanella canadensis	517.7	241.9	RTR38135.1 DmsE family decaheme c-type cytochrome [Shewanella canadensis]
WP_473680760.1	Shewanella_DmsE	Shewanella sp. GJ50-10	517.7	241.9	WP_473680760.1 DmsE family decaheme c-type cytochrome [Shewanella sp. GJ50-10]
WP_167680094.1	Shewanella_DmsE	Shewanella aestuarii	517.4	248.6	WP_167680094.1 DmsE family decaheme c-type cytochrome [Shewanella aestuarii]
QIR16242.1	Shewanella_DmsE	Shewanella aestuarii	517.4	248.6	QIR16242.1 DmsE family decaheme c-type cytochrome [Shewanella aestuarii]
WP_140933962.1	Shewanella_DmsE	unclassified Shewanella	517.2	246.4	WP_140933962.1 MULTISPECIES: DmsE family decaheme c-type cytochrome [unclassified Shewanella]
QDF68408.1	Shewanella_DmsE	Shewanella sp. SNU WT4	517.2	246.4	QDF68408.1 DmsE family decaheme c-type cytochrome [Shewanella sp. SNU WT4]
WP_269372431.1	Shewanella_DmsE	Shewanella colwelliana	517.1	255.0	WP_269372431.1 DmsE family decaheme c-type cytochrome [Shewanella colwelliana]
WP_012141749.1	Shewanella_DmsE	Shewanella sediminis	517.1	251.0	WP_012141749.1 DmsE family decaheme c-type cytochrome [Shewanella sediminis]
WP_264726599.1	Shewanella_DmsE	Shewanella subflava	516.7	248.5	WP_264726599.1 DmsE family decaheme c-type cytochrome [Shewanella subflava]
WP_012004366.1	Shewanella_DmsE	Shewanella sediminis	516.7	236.0	WP_012004366.1 DmsE family decaheme c-type cytochrome [Shewanella sediminis]
WP_371998062.1	Shewanella_DmsE	unclassified Shewanella	516.5	240.1	WP_371998062.1 MULTISPECIES: DmsE family decaheme c-type cytochrome [unclassified Shewanella]
WP_274408551.1	Shewanella_DmsE	Shewanella	516.4	235.8	WP_274408551.1 MULTISPECIES: DmsE family decaheme c-type cytochrome [Shewanella]
WP_220743580.1	Shewanella_DmsE	Shewanella colwelliana	516.3	255.4	WP_220743580.1 DmsE family decaheme c-type cytochrome [Shewanella colwelliana]
WP_055025971.1	Shewanella_DmsE	Shewanella	516.2	241.2	WP_055025971.1 MULTISPECIES: DmsE family decaheme c-type cytochrome [Shewanella]
WP_126507381.1	Shewanella_DmsE	Shewanella atlantica	515.9	241.5	WP_126507381.1 DmsE family decaheme c-type cytochrome [Shewanella atlantica]
RTR28885.1	Shewanella_DmsE	Shewanella atlantica	515.9	241.5	RTR28885.1 DmsE family decaheme c-type cytochrome [Shewanella atlantica]
WP_392342885.1	Shewanella_DmsE	Shewanella frigidimarina	515.7	248.5	WP_392342885.1 DmsE family decaheme c-type cytochrome [Shewanella frigidimarina]
WP_394497821.1	Shewanella_DmsE	Shewanella sp. ENK2	515.7	242.0	WP_394497821.1 DmsE family decaheme c-type cytochrome [Shewanella sp. ENK2]
WP_102531757.1	Shewanella_DmsE	Shewanella sp. 10N.286.52.B9	515.7	240.2	WP_102531757.1 DmsE family decaheme c-type cytochrome [Shewanella sp. 10N.286.52.B9]
WP_351088318.1	Shewanella_DmsE	Shewanella sp. S1-49-MNA-CIBAN-0167	515.7	249.7	WP_351088318.1 DmsE family decaheme c-type cytochrome [Shewanella sp. S1-49-MNA-CIBAN-0167]
WP_065188742.1	Shewanella_DmsE	Shewanella woodyi	515.7	244.5	WP_065188742.1 DmsE family decaheme c-type cytochrome [Shewanella woodyi]
WP_282166773.1	Shewanella_DmsE	Shewanella japonica	515.5	240.4	WP_282166773.1 DmsE family decaheme c-type cytochrome [Shewanella japonica]
WP_303445887.1	Shewanella_DmsE	Shewanella sp. 4_MG-2023	515.0	239.2	WP_303445887.1 DmsE family decaheme c-type cytochrome [Shewanella sp. 4_MG-2023]
WP_432282712.1	Shewanella_DmsE	Shewanella frigidimarina	515.0	253.1	WP_432282712.1 DmsE family decaheme c-type cytochrome [Shewanella frigidimarina]
WP_416384810.1	Shewanella_DmsE	Shewanella sp. TC10	515.0	242.7	WP_416384810.1 DmsE family decaheme c-type cytochrome [Shewanella sp. TC10]
WP_102439425.1	Shewanella_DmsE	unclassified Shewanella	514.8	240.3	WP_102439425.1 MULTISPECIES: DmsE family decaheme c-type cytochrome [unclassified Shewanella]
WP_083698078.1	Shewanella_DmsE	Shewanella sp. UCD-KL21	514.8	243.7	WP_083698078.1 DmsE family decaheme c-type cytochrome [Shewanella sp. UCD-KL21]
WP_432306548.1	Shewanella_DmsE	Shewanella glacialipiscicola	514.7	247.0	WP_432306548.1 DmsE family decaheme c-type cytochrome [Shewanella glacialipiscicola]
WP_152831410.1	Shewanella_DmsE	Shewanella sp. YLB-07	514.4	241.3	WP_152831410.1 DmsE family decaheme c-type cytochrome [Shewanella sp. YLB-07]
WP_012322881.1	Shewanella_DmsE	Shewanella woodyi	514.1	243.5	WP_012322881.1 DmsE family decaheme c-type cytochrome [Shewanella woodyi]
WP_303445882.1	Shewanella_DmsE	Shewanella sp. 4_MG-2023	514.1	243.5	WP_303445882.1 DmsE family decaheme c-type cytochrome [Shewanella sp. 4_MG-2023]
QKG96174.1	Shewanella_DmsE	Shewanella oneidensis MR-1	514.0	252.7	QKG96174.1 DmsE family decaheme c-type cytochrome [Shewanella oneidensis MR-1]
WP_011071629.1	Shewanella_DmsE	Shewanella oneidensis	514.0	252.7	WP_011071629.1 DmsE family decaheme c-type cytochrome [Shewanella oneidensis]
AAN54492.1	Shewanella_DmsE	Shewanella oneidensis MR-1	514.0	252.7	AAN54492.1 periplasmic decaheme cytochrome c DmsE [Shewanella oneidensis MR-1]
WP_302476632.1	Shewanella_DmsE	unclassified Shewanella	514.0	248.6	WP_302476632.1 MULTISPECIES: DmsE family decaheme c-type cytochrome [unclassified Shewanella]
WP_257748234.1	Shewanella_DmsE	Shewanella xiamenensis	513.9	254.2	WP_257748234.1 DmsE family decaheme c-type cytochrome [Shewanella xiamenensis]
WP_282634405.1	Shewanella_DmsE	Shewanella xiamenensis	513.8	253.6	WP_282634405.1 DmsE family decaheme c-type cytochrome [Shewanella xiamenensis]
WP_374758473.1	Shewanella_DmsE	Shewanella	513.7	238.8	WP_374758473.1 MULTISPECIES: DmsE family decaheme c-type cytochrome [Shewanella]
WP_299795120.1	Shewanella_DmsE	Shewanella atlantica	513.6	252.4	WP_299795120.1 DmsE family decaheme c-type cytochrome [Shewanella atlantica]
WP_220752493.1	Shewanella_DmsE	uncultured Shewanella sp.	513.6	238.7	WP_220752493.1 DmsE family decaheme c-type cytochrome [uncultured Shewanella sp.]
WP_033537445.1	Shewanella_DmsE	Shewanella	513.6	253.1	WP_033537445.1 MULTISPECIES: DmsE family decaheme c-type cytochrome [Shewanella]
QDF74611.1	Shewanella_DmsE	Shewanella marisflavi	513.6	253.1	QDF74611.1 DmsE family decaheme c-type cytochrome [Shewanella marisflavi]
WP_240132454.1	Shewanella_DmsE	Shewanella cutis	513.1	253.5	WP_240132454.1 DmsE family decaheme c-type cytochrome [Shewanella cutis]
WP_446694971.1	Shewanella_DmsE	Shewanella sp. Koi 1	513.1	252.1	WP_446694971.1 DmsE family decaheme c-type cytochrome [Shewanella sp. Koi 1]
WP_432366739.1	Shewanella_DmsE	Shewanella frigidimarina	513.0	248.4	WP_432366739.1 DmsE family decaheme c-type cytochrome [Shewanella frigidimarina]
WP_432313372.1	Shewanella_DmsE	Shewanella sp. MF08487	513.0	246.0	WP_432313372.1 DmsE family decaheme c-type cytochrome [Shewanella sp. MF08487]
WP_282895132.1	Shewanella_DmsE	Shewanella xiamenensis	513.0	252.4	WP_282895132.1 DmsE family decaheme c-type cytochrome [Shewanella xiamenensis]
WHF55524.1	Shewanella_DmsE	Shewanella xiamenensis	513.0	252.4	WHF55524.1 DmsE family decaheme c-type cytochrome [Shewanella xiamenensis]
WP_398427380.1	Shewanella_DmsE	Shewanella glacialipiscicola	512.7	245.5	WP_398427380.1 DmsE family decaheme c-type cytochrome [Shewanella glacialipiscicola]
WP_303503702.1	Shewanella_DmsE	Shewanella sp. 6_MG-2023	512.6	239.6	WP_303503702.1 DmsE family decaheme c-type cytochrome [Shewanella sp. 6_MG-2023]
WP_432325354.1	Shewanella_DmsE	Shewanella glacialipiscicola	512.6	246.0	WP_432325354.1 DmsE family decaheme c-type cytochrome [Shewanella glacialipiscicola]
WP_261737657.1	Shewanella_DmsE	Shewanella xiamenensis	512.6	252.4	WP_261737657.1 DmsE family decaheme c-type cytochrome [Shewanella xiamenensis]
WP_240132650.1	Shewanella_DmsE	Shewanella cutis	512.4	251.2	WP_240132650.1 DmsE family decaheme c-type cytochrome [Shewanella cutis]
WP_282678179.1	Shewanella_DmsE	Shewanella xiamenensis	512.4	250.7	WP_282678179.1 DmsE family decaheme c-type cytochrome [Shewanella xiamenensis]
WP_432345490.1	Shewanella_DmsE	Shewanella baltica	512.2	246.4	WP_432345490.1 DmsE family decaheme c-type cytochrome [Shewanella baltica]
WP_282643541.1	Shewanella_DmsE	Shewanella xiamenensis	512.0	253.8	WP_282643541.1 DmsE family decaheme c-type cytochrome [Shewanella xiamenensis]
WP_303462554.1	Shewanella_DmsE	Shewanella sp. 3_MG-2023	512.0	244.5	WP_303462554.1 DmsE family decaheme c-type cytochrome [Shewanella sp. 3_MG-2023]
RPA33565.1	Shewanella_DmsE	Shewanella psychromarinicola	511.8	247.3	RPA33565.1 DmsE family decaheme c-type cytochrome [Shewanella psychromarinicola]
AZG34647.1	Shewanella_DmsE	Shewanella psychromarinicola	511.8	247.3	AZG34647.1 DmsE family decaheme c-type cytochrome [Shewanella psychromarinicola]
WP_144042152.1	Shewanella_DmsE	Shewanella hanedai	511.7	236.9	WP_144042152.1 DmsE family decaheme c-type cytochrome [Shewanella hanedai]
WP_220110736.1	Shewanella_DmsE	Shewanella nanhaiensis	511.7	244.4	WP_220110736.1 DmsE family decaheme c-type cytochrome [Shewanella nanhaiensis]
TRY12330.1	Shewanella_DmsE	Shewanella hanedai	511.7	236.9	TRY12330.1 DmsE family decaheme c-type cytochrome [Shewanella hanedai]
UML92636.1	Shewanella_DmsE	Shewanella xiamenensis	511.5	249.8	UML92636.1 DmsE family decaheme c-type cytochrome [Shewanella xiamenensis]
WP_037469760.1	Shewanella_DmsE	Shewanella marina	511.5	252.7	WP_037469760.1 DmsE family decaheme c-type cytochrome [Shewanella marina]
UWG65856.1	Shewanella_DmsE	Shewanella xiamenensis	511.5	249.8	UWG65856.1 DmsE family decaheme c-type cytochrome [Shewanella xiamenensis]
BGZ77268.1	Shewanella_DmsE	Shewanella marina	511.5	252.7	BGZ77268.1 DmsE family decaheme c-type cytochrome [Shewanella marina]
PWH04905.1	Shewanella_DmsE	Shewanella xiamenensis	511.5	249.8	PWH04905.1 DmsE family decaheme c-type cytochrome [Shewanella xiamenensis]
WP_037425566.1	Shewanella_DmsE	Shewanella	511.5	249.8	WP_037425566.1 MULTISPECIES: DmsE family decaheme c-type cytochrome [Shewanella]
WP_279575208.1	Shewanella_DmsE	unclassified Shewanella	511.5	248.7	WP_279575208.1 MULTISPECIES: DmsE family decaheme c-type cytochrome [unclassified Shewanella]
WP_432397558.1	Shewanella_DmsE	Shewanella glacialipiscicola	511.3	246.0	WP_432397558.1 DmsE family decaheme c-type cytochrome [Shewanella glacialipiscicola]
WP_318963855.1	Shewanella_DmsE	Shewanella colwelliana	511.2	257.2	WP_318963855.1 DmsE family decaheme c-type cytochrome [Shewanella colwelliana]
WP_169546987.1	Shewanella_DmsE	Shewanella	511.1	250.4	WP_169546987.1 MULTISPECIES: DmsE family decaheme c-type cytochrome [Shewanella]
WP_282634212.1	Shewanella_DmsE	Shewanella xiamenensis	511.0	251.7	WP_282634212.1 DmsE family decaheme c-type cytochrome [Shewanella xiamenensis]
WP_224020847.1	Shewanella_DmsE	Shewanella xiamenensis	510.9	250.9	WP_224020847.1 DmsE family decaheme c-type cytochrome [Shewanella xiamenensis]
WP_287947475.1	Shewanella_DmsE	Shewanella	510.8	238.3	WP_287947475.1 MULTISPECIES: DmsE family decaheme c-type cytochrome [Shewanella]
WP_374920758.1	Shewanella_DmsE	Shewanella xiamenensis	510.7	250.9	WP_374920758.1 DmsE family decaheme c-type cytochrome [Shewanella xiamenensis]
WP_443020109.1	Shewanella_DmsE	Shewanella sp. MTB7	510.7	251.1	WP_443020109.1 DmsE family decaheme c-type cytochrome [Shewanella sp. MTB7]
WP_102439419.1	Shewanella_DmsE	Shewanella sp. 10N.286.48.B5	510.6	243.7	WP_102439419.1 DmsE family decaheme c-type cytochrome [Shewanella sp. 10N.286.48.B5]
CAQ9278930.1	Shewanella_DmsE	Shewanella xiamenensis	510.6	250.6	CAQ9278930.1 MAG: Periplasmic decaheme cytochrome c DmsE [Shewanella xiamenensis]
WP_301413833.1	Shewanella_DmsE	Shewanella sp.	510.5	250.8	WP_301413833.1 DmsE family decaheme c-type cytochrome [Shewanella sp.]
WP_172591598.1	Shewanella_DmsE	Shewanella xiamenensis	510.4	251.4	WP_172591598.1 DmsE family decaheme c-type cytochrome [Shewanella xiamenensis]
WP_172590350.1	Shewanella_DmsE	Shewanella	510.4	251.0	WP_172590350.1 MULTISPECIES: DmsE family decaheme c-type cytochrome [Shewanella]
QRK78445.1	Shewanella_DmsE	Shewanella sp. LZH-2	510.3	251.0	QRK78445.1 DmsE family decaheme c-type cytochrome [Shewanella sp. LZH-2]
WP_037415802.1	Shewanella_DmsE	Shewanella	510.3	251.0	WP_037415802.1 MULTISPECIES: DmsE family decaheme c-type cytochrome [Shewanella]
WP_153666371.1	Shewanella_DmsE	Shewanella intestini	510.0	245.9	WP_153666371.1 DmsE family decaheme c-type cytochrome [Shewanella intestini]
WP_028763019.1	Shewanella_DmsE	Shewanella colwelliana	509.9	256.8	WP_028763019.1 DmsE family decaheme c-type cytochrome [Shewanella colwelliana]
WP_261299648.1	Shewanella_DmsE	Shewanella holmiensis	509.9	242.3	WP_261299648.1 DmsE family decaheme c-type cytochrome [Shewanella holmiensis]
WBJ98064.1	Shewanella_DmsE	Shewanella sp. MTB7	509.9	251.1	WBJ98064.1 DmsE family decaheme c-type cytochrome [Shewanella sp. MTB7]
WP_432309793.1	Shewanella_DmsE	Shewanella frigidimarina	509.8	248.2	WP_432309793.1 DmsE family decaheme c-type cytochrome [Shewanella frigidimarina]
WP_374926410.1	Shewanella_DmsE	Shewanella xiamenensis	509.7	250.8	WP_374926410.1 DmsE family decaheme c-type cytochrome [Shewanella xiamenensis]
WP_239889421.1	Shewanella_DmsE	Shewanella sp. Isolate13	509.3	256.4	WP_239889421.1 DmsE family decaheme c-type cytochrome [Shewanella sp. Isolate13]
WP_432282599.1	Shewanella_DmsE	Shewanella frigidimarina	509.2	247.6	WP_432282599.1 DmsE family decaheme c-type cytochrome [Shewanella frigidimarina]
WP_246611827.1	Shewanella_DmsE	Shewanella glacialipiscicola	509.2	243.7	WP_246611827.1 DmsE family decaheme c-type cytochrome [Shewanella glacialipiscicola]
WP_374906902.1	Shewanella_DmsE	Shewanella xiamenensis	509.0	251.3	WP_374906902.1 DmsE family decaheme c-type cytochrome [Shewanella xiamenensis]
WP_342193731.1	Shewanella_DmsE	Shewanella xiamenensis	509.0	249.3	WP_342193731.1 DmsE family decaheme c-type cytochrome [Shewanella xiamenensis]
QFU20637.1	Shewanella_DmsE	Shewanella sp. YLB-09	508.9	236.3	QFU20637.1 DmsE family decaheme c-type cytochrome [Shewanella sp. YLB-09]
QFU20917.1	Shewanella_DmsE	Shewanella sp. YLB-09	508.9	236.3	QFU20917.1 DmsE family decaheme c-type cytochrome [Shewanella sp. YLB-09]
QPG56205.1	Shewanella_DmsE	Shewanella eurypsychrophilus	508.9	236.3	QPG56205.1 DmsE family decaheme c-type cytochrome [Shewanella eurypsychrophilus]
WP_372005086.1	Shewanella_DmsE	Shewanella sp. 10N.286.51.B8	508.9	242.6	WP_372005086.1 DmsE family decaheme c-type cytochrome [Shewanella sp. 10N.286.51.B8]
WP_142873034.1	Shewanella_DmsE	Shewanella	508.9	236.3	WP_142873034.1 MULTISPECIES: DmsE family decaheme c-type cytochrome [Shewanella]
WP_047540583.1	Shewanella_DmsE	Shewanella sp. ZOR0012	508.9	252.0	WP_047540583.1 DmsE family decaheme c-type cytochrome [Shewanella sp. ZOR0012]
WP_182750416.1	Shewanella_DmsE	Shewanella	508.7	247.9	WP_182750416.1 MULTISPECIES: DmsE family decaheme c-type cytochrome [Shewanella]
WP_076413532.1	Shewanella_DmsE	Shewanella sp. UCD-KL12	508.3	235.7	WP_076413532.1 DmsE family decaheme c-type cytochrome [Shewanella sp. UCD-KL12]
WP_372002134.1	Shewanella_DmsE	Shewanella sp. 10N.286.51.B2	508.3	239.7	WP_372002134.1 DmsE family decaheme c-type cytochrome [Shewanella sp. 10N.286.51.B2]
WP_345317891.1	other	Ferrimonas gelatinilytica	508.1	250.2	WP_345317891.1 DmsE family decaheme c-type cytochrome [Ferrimonas gelatinilytica]
WP_281421765.1	Shewanella_DmsE	Shewanella glacialipiscicola	507.9	243.8	WP_281421765.1 DmsE family decaheme c-type cytochrome [Shewanella glacialipiscicola]
WP_241407063.1	Shewanella_DmsE	Shewanella	507.9	247.4	WP_241407063.1 MULTISPECIES: DmsE family decaheme c-type cytochrome [Shewanella]
WP_182696862.1	Shewanella_DmsE	unclassified Shewanella	507.7	246.9	WP_182696862.1 MULTISPECIES: DmsE family decaheme c-type cytochrome [unclassified Shewanella]
WP_303503686.1	Shewanella_DmsE	Shewanella sp. 6_MG-2023	507.6	240.0	WP_303503686.1 DmsE family decaheme c-type cytochrome [Shewanella sp. 6_MG-2023]
WP_153666343.1	Shewanella_DmsE	Shewanella intestini	507.6	243.9	WP_153666343.1 DmsE family decaheme c-type cytochrome [Shewanella intestini]
WP_282895038.1	Shewanella_DmsE	Shewanella xiamenensis	507.4	253.0	WP_282895038.1 DmsE family decaheme c-type cytochrome [Shewanella xiamenensis]
WHF54555.1	Shewanella_DmsE	Shewanella xiamenensis	507.4	253.0	WHF54555.1 DmsE family decaheme c-type cytochrome [Shewanella xiamenensis]
RPA64538.1	Shewanella_DmsE	Shewanella frigidimarina	507.1	248.5	RPA64538.1 DmsE family decaheme c-type cytochrome [Shewanella frigidimarina]
WP_220756523.1	Shewanella_DmsE	Shewanella colwelliana	507.1	253.2	WP_220756523.1 DmsE family decaheme c-type cytochrome [Shewanella colwelliana]
WP_123776755.1	Shewanella_DmsE	Shewanella frigidimarina	507.1	248.5	WP_123776755.1 DmsE family decaheme c-type cytochrome [Shewanella frigidimarina]
WP_303411503.1	Shewanella_DmsE	Shewanella sp. 5_MG-2023	506.9	244.5	WP_303411503.1 DmsE family decaheme c-type cytochrome [Shewanella sp. 5_MG-2023]
WP_238106709.1	Shewanella_DmsE	Shewanella	506.9	258.3	WP_238106709.1 MULTISPECIES: DmsE family decaheme c-type cytochrome [Shewanella]
WP_342198596.1	Shewanella_DmsE	Shewanella xiamenensis	506.9	250.0	WP_342198596.1 DmsE family decaheme c-type cytochrome [Shewanella xiamenensis]
WP_394390922.1	Shewanella_DmsE	Shewanella woodyi	506.6	243.5	WP_394390922.1 DmsE family decaheme c-type cytochrome [Shewanella woodyi]
WP_101089286.1	Shewanella_DmsE	unclassified Shewanella	506.6	254.3	WP_101089286.1 MULTISPECIES: DmsE family decaheme c-type cytochrome [unclassified Shewanella]
WP_102520308.1	Shewanella_DmsE	Shewanella sp. 10N.286.48.A6	506.6	240.7	WP_102520308.1 DmsE family decaheme c-type cytochrome [Shewanella sp. 10N.286.48.A6]
WP_303459497.1	Shewanella_DmsE	Shewanella sp. 3_MG-2023	506.6	239.7	WP_303459497.1 DmsE family decaheme c-type cytochrome [Shewanella sp. 3_MG-2023]
WP_055646898.1	Shewanella_DmsE	Shewanella sp. Sh95	506.5	250.9	WP_055646898.1 DmsE family decaheme c-type cytochrome [Shewanella sp. Sh95]
WP_102037792.1	Shewanella_DmsE	Shewanella sp. 11B5	506.3	247.7	WP_102037792.1 DmsE family decaheme c-type cytochrome [Shewanella sp. 11B5]
WP_371697046.1	Shewanella_DmsE	Shewanella sp. 5S214	506.1	246.4	WP_371697046.1 DmsE family decaheme c-type cytochrome [Shewanella sp. 5S214]
WP_372943666.1	Shewanella_DmsE	Shewanella sp.	505.7	218.9	WP_372943666.1 DmsE family decaheme c-type cytochrome, partial [Shewanella sp.]
WP_463263015.1	Shewanella_DmsE	Shewanella vesiculosa	505.7	246.8	WP_463263015.1 DmsE family decaheme c-type cytochrome [Shewanella vesiculosa]
WP_435806409.1	Shewanella_DmsE	Shewanella psychromarinicola	505.5	250.1	WP_435806409.1 DmsE family decaheme c-type cytochrome [Shewanella psychromarinicola]
WP_239891440.1	Shewanella_DmsE	Shewanella sp. Isolate13	505.3	250.0	WP_239891440.1 DmsE family decaheme c-type cytochrome [Shewanella sp. Isolate13]
WP_269801262.1	Shewanella_DmsE	Shewanella	505.3	247.8	WP_269801262.1 MULTISPECIES: DmsE family decaheme c-type cytochrome [Shewanella]
WP_208166776.1	Shewanella_DmsE	Shewanella algae	505.1	250.9	WP_208166776.1 DmsE family decaheme c-type cytochrome [Shewanella algae]
WP_484616990.1	other	Ferrimonas sp. YIN67	505.1	245.6	WP_484616990.1 DmsE family decaheme c-type cytochrome [Ferrimonas sp. YIN67]
WP_263168009.1	Shewanella_DmsE	Shewanella	505.0	251.7	WP_263168009.1 MULTISPECIES: DmsE family decaheme c-type cytochrome [Shewanella]
WP_412496140.1	Shewanella_DmsE	Shewanella chilikensis	504.9	245.4	WP_412496140.1 DmsE family decaheme c-type cytochrome [Shewanella chilikensis]
WP_218737739.1	Shewanella_DmsE	Shewanella	504.8	252.4	WP_218737739.1 MULTISPECIES: DmsE family decaheme c-type cytochrome [Shewanella]
WP_412501737.1	Shewanella_DmsE	Shewanella chilikensis	504.8	236.5	WP_412501737.1 DmsE family decaheme c-type cytochrome [Shewanella chilikensis]
WP_263149103.1	Shewanella_DmsE	Shewanella sp. SW24	504.4	256.7	WP_263149103.1 DmsE family decaheme c-type cytochrome [Shewanella sp. SW24]
WP_248973829.1	Shewanella_DmsE	Shewanella kaireitica	504.1	244.2	WP_248973829.1 DmsE family decaheme c-type cytochrome [Shewanella kaireitica]
QSX42004.1	Shewanella_DmsE	Shewanella cyperi	503.9	260.1	QSX42004.1 DmsE family decaheme c-type cytochrome [Shewanella cyperi]
WP_207322558.1	Shewanella_DmsE	Shewanella cyperi	503.9	260.1	WP_207322558.1 DmsE family decaheme c-type cytochrome [Shewanella cyperi]
WP_028768107.1	Shewanella_DmsE	Shewanella	503.8	247.3	WP_028768107.1 MULTISPECIES: DmsE family decaheme c-type cytochrome [Shewanella]
WP_345887155.1	Shewanella_DmsE	Shewanella algae	503.8	247.5	WP_345887155.1 DmsE family decaheme c-type cytochrome [Shewanella algae]
WP_412522640.1	Shewanella_DmsE	Shewanella chilikensis	503.7	245.1	WP_412522640.1 DmsE family decaheme c-type cytochrome [Shewanella chilikensis]
WP_051201934.1	other	Ferrimonas senticii	503.7	246.6	WP_051201934.1 DmsE family decaheme c-type cytochrome [Ferrimonas senticii]
WP_153666214.1	Shewanella_DmsE	Shewanella intestini	503.6	233.4	WP_153666214.1 DmsE family decaheme c-type cytochrome [Shewanella intestini]
QTE81884.1	Shewanella_DmsE	Shewanella algae	503.5	250.0	QTE81884.1 DmsE family decaheme c-type cytochrome [Shewanella algae]
WP_144220375.1	Shewanella_DmsE	Shewanella	503.5	250.0	WP_144220375.1 MULTISPECIES: DmsE family decaheme c-type cytochrome [Shewanella]
XAG80682.1	other	bacterium 19NY03SH02	503.5	250.0	XAG80682.1 DmsE family decaheme c-type cytochrome [bacterium 19NY03SH02]
QQO82226.1	Shewanella_DmsE	Shewanella algae	503.5	250.0	QQO82226.1 DmsE family decaheme c-type cytochrome [Shewanella algae]
WP_248950161.1	Shewanella_DmsE	Shewanella pneumatophori	503.5	248.0	WP_248950161.1 DmsE family decaheme c-type cytochrome [Shewanella pneumatophori]
WP_257749908.1	Shewanella_DmsE	Shewanella xiamenensis	503.4	247.3	WP_257749908.1 DmsE family decaheme c-type cytochrome, partial [Shewanella xiamenensis]
WP_246616236.1	Shewanella_DmsE	Shewanella sairae	503.3	249.3	WP_246616236.1 DmsE family decaheme c-type cytochrome [Shewanella sairae]
PYE56080.1	Shewanella_DmsE	Shewanella chilikensis	503.2	244.4	PYE56080.1 DmsE family decaheme c-type cytochrome [Shewanella chilikensis]
WP_101056477.1	Shewanella_DmsE	Shewanella chilikensis	503.2	244.4	WP_101056477.1 DmsE family decaheme c-type cytochrome [Shewanella chilikensis]
QIJ06043.1	Shewanella_DmsE	Shewanella chilikensis	503.2	244.4	QIJ06043.1 DmsE family decaheme c-type cytochrome [Shewanella chilikensis]
XQK07930.1	Shewanella_DmsE	Shewanella chilikensis	503.2	244.4	XQK07930.1 DmsE family decaheme c-type cytochrome [Shewanella chilikensis]
WP_144226045.1	Shewanella_DmsE	Shewanella algae	503.1	251.0	WP_144226045.1 DmsE family decaheme c-type cytochrome [Shewanella algae]
WP_275482921.1	Shewanella_DmsE	Shewanella sp. A32	503.1	260.0	WP_275482921.1 DmsE family decaheme c-type cytochrome [Shewanella sp. A32]
WP_335908227.1	Shewanella_DmsE	Shewanella indica	503.0	245.0	WP_335908227.1 DmsE family decaheme c-type cytochrome [Shewanella indica]
WP_172591567.1	Shewanella_DmsE	Shewanella xiamenensis	503.0	252.0	WP_172591567.1 DmsE family decaheme c-type cytochrome [Shewanella xiamenensis]
WP_101060258.1	Shewanella_DmsE	Shewanella	502.9	245.7	WP_101060258.1 MULTISPECIES: DmsE family decaheme c-type cytochrome [Shewanella]
QTE87055.1	Shewanella_DmsE	Shewanella algae	502.8	247.8	QTE87055.1 DmsE family decaheme c-type cytochrome [Shewanella algae]
WP_208166130.1	Shewanella_DmsE	Shewanella algae	502.8	247.8	WP_208166130.1 DmsE family decaheme c-type cytochrome [Shewanella algae]
WP_208155606.1	Shewanella_DmsE	Shewanella algae	502.7	248.9	WP_208155606.1 DmsE family decaheme c-type cytochrome [Shewanella algae]
CAM3357328.1	Shewanella_DmsE	Shewanella pealeana	502.5	247.2	CAM3357328.1 DmsE family decaheme c-type cytochrome [Shewanella pealeana]
WP_226564598.1	Shewanella_DmsE	Shewanella chilikensis	502.5	244.7	WP_226564598.1 DmsE family decaheme c-type cytochrome [Shewanella chilikensis]
WP_306135235.1	Shewanella_DmsE	Shewanella sp. ULN5	502.4	232.3	WP_306135235.1 DmsE family decaheme c-type cytochrome, partial [Shewanella sp. ULN5]
QSX31219.1	Shewanella_DmsE	Shewanella cyperi	502.4	259.2	QSX31219.1 DmsE family decaheme c-type cytochrome [Shewanella cyperi]
WP_207325849.1	Shewanella_DmsE	Shewanella cyperi	502.4	259.2	WP_207325849.1 DmsE family decaheme c-type cytochrome [Shewanella cyperi]
WP_269968754.1	Shewanella_DmsE	unclassified Shewanella	502.3	234.8	WP_269968754.1 MULTISPECIES: DmsE family decaheme c-type cytochrome [unclassified Shewanella]
WP_144216867.1	Shewanella_DmsE	Shewanella algae	502.3	245.2	WP_144216867.1 DmsE family decaheme c-type cytochrome [Shewanella algae]
WP_234501148.1	Shewanella_DmsE	Shewanella indica	502.3	244.1	WP_234501148.1 DmsE family decaheme c-type cytochrome [Shewanella indica]
WBJ95125.1	Shewanella_DmsE	Shewanella sp. MTB7	502.3	234.8	WBJ95125.1 DmsE family decaheme c-type cytochrome [Shewanella sp. MTB7]
WP_251101092.1	Shewanella_DmsE	Shewanella algae	502.2	248.6	WP_251101092.1 DmsE family decaheme c-type cytochrome [Shewanella algae]
WP_308440848.1	Shewanella_DmsE	Shewanella sp. c952	502.1	243.6	WP_308440848.1 DmsE family decaheme c-type cytochrome [Shewanella sp. c952]
QTE95477.1	Shewanella_DmsE	Shewanella algae	502.0	249.2	QTE95477.1 DmsE family decaheme c-type cytochrome [Shewanella algae]
WP_145839818.1	Shewanella_DmsE	Shewanella algae	502.0	249.2	WP_145839818.1 DmsE family decaheme c-type cytochrome [Shewanella algae]
WP_335925052.1	Shewanella_DmsE	Shewanella algae	502.0	244.8	WP_335925052.1 DmsE family decaheme c-type cytochrome [Shewanella algae]
WP_207381538.1	Shewanella_DmsE	Shewanella sedimentimangrovi	502.0	259.9	WP_207381538.1 DmsE family decaheme c-type cytochrome [Shewanella sedimentimangrovi]
WP_224866437.1	Shewanella_DmsE	Shewanella	502.0	245.1	WP_224866437.1 MULTISPECIES: DmsE family decaheme c-type cytochrome [Shewanella]
WP_345889170.1	Shewanella_DmsE	Shewanella	502.0	245.1	WP_345889170.1 MULTISPECIES: DmsE family decaheme c-type cytochrome [Shewanella]
QSX38457.1	Shewanella_DmsE	Shewanella sedimentimangrovi	502.0	259.9	QSX38457.1 DmsE family decaheme c-type cytochrome [Shewanella sedimentimangrovi]
WP_208139788.1	Shewanella_DmsE	Shewanella	501.9	250.4	WP_208139788.1 MULTISPECIES: DmsE family decaheme c-type cytochrome [Shewanella]
WP_208193896.1	Shewanella_DmsE	Shewanella algae	501.9	247.8	WP_208193896.1 DmsE family decaheme c-type cytochrome [Shewanella algae]
WP_345854176.1	Shewanella_DmsE	Shewanella algae	501.9	249.5	WP_345854176.1 DmsE family decaheme c-type cytochrome [Shewanella algae]
UZD59018.1	Shewanella_DmsE	Shewanella algae	501.9	250.4	UZD59018.1 DmsE family decaheme c-type cytochrome [Shewanella algae]
XAG88356.1	other	bacterium 19CA01SA08	501.9	250.4	XAG88356.1 DmsE family decaheme c-type cytochrome [bacterium 19CA01SA08]
WP_107005452.1	Shewanella_DmsE	Shewanella algae	501.9	247.5	WP_107005452.1 DmsE family decaheme c-type cytochrome [Shewanella algae]
WP_096142070.1	Shewanella_DmsE	Shewanella algae	501.9	249.3	WP_096142070.1 DmsE family decaheme c-type cytochrome [Shewanella algae]
WP_248995598.1	Shewanella_DmsE	Shewanella gaetbuli	501.7	245.8	WP_248995598.1 DmsE family decaheme c-type cytochrome [Shewanella gaetbuli]
QWL09428.1	Shewanella_DmsE	Shewanella algae	501.6	250.3	QWL09428.1 DmsE family decaheme c-type cytochrome [Shewanella algae]
WP_144131817.1	Shewanella_DmsE	Shewanella	501.6	250.3	WP_144131817.1 MULTISPECIES: DmsE family decaheme c-type cytochrome [Shewanella]
WP_208144413.1	Shewanella_DmsE	Shewanella algae	501.5	248.3	WP_208144413.1 DmsE family decaheme c-type cytochrome [Shewanella algae]
WP_025886811.1	Shewanella_DmsE	Shewanella	501.5	248.9	WP_025886811.1 MULTISPECIES: DmsE family decaheme c-type cytochrome [Shewanella]
WP_220769574.1	Shewanella_DmsE	Shewanella sp. MBTL60-007	501.5	245.3	WP_220769574.1 DmsE family decaheme c-type cytochrome [Shewanella sp. MBTL60-007]
WP_025009263.1	Shewanella_DmsE	Shewanella algae	501.4	247.0	WP_025009263.1 DmsE family decaheme c-type cytochrome [Shewanella algae]
QTE78542.1	Shewanella_DmsE	Shewanella algae	501.4	247.0	QTE78542.1 DmsE family decaheme c-type cytochrome [Shewanella algae]
WP_273643396.1	Shewanella_DmsE	Shewanella algae	501.2	248.2	WP_273643396.1 DmsE family decaheme c-type cytochrome [Shewanella algae]
WP_208185491.1	Shewanella_DmsE	Shewanella algae	501.2	247.0	WP_208185491.1 DmsE family decaheme c-type cytochrome [Shewanella algae]
WP_447018498.1	Shewanella_DmsE	Shewanella algae	501.2	250.5	WP_447018498.1 DmsE family decaheme c-type cytochrome [Shewanella algae]
WP_208191239.1	Shewanella_DmsE	Shewanella algae	501.1	248.4	WP_208191239.1 DmsE family decaheme c-type cytochrome [Shewanella algae]
WP_234597227.1	Shewanella_DmsE	Shewanella chilikensis	501.1	245.0	WP_234597227.1 DmsE family decaheme c-type cytochrome [Shewanella chilikensis]
WP_475623907.1	Shewanella_DmsE	Shewanella algae	501.0	250.7	WP_475623907.1 DmsE family decaheme c-type cytochrome [Shewanella algae]
WP_345854796.1	Shewanella_DmsE	Shewanella algae	501.0	248.2	WP_345854796.1 DmsE family decaheme c-type cytochrome [Shewanella algae]
WP_303502788.1	Shewanella_DmsE	Shewanella sp. 6_MG-2023	501.0	250.4	WP_303502788.1 DmsE family decaheme c-type cytochrome [Shewanella sp. 6_MG-2023]
WP_455349253.1	Shewanella_DmsE	Shewanella putrefaciens	500.8	255.1	WP_455349253.1 DmsE family decaheme c-type cytochrome [Shewanella putrefaciens]
WP_226685312.1	Shewanella_DmsE	Shewanella	500.8	244.5	WP_226685312.1 MULTISPECIES: DmsE family decaheme c-type cytochrome [Shewanella]
WP_082014310.1	Shewanella_DmsE	Shewanella	500.8	244.4	WP_082014310.1 MULTISPECIES: DmsE family decaheme c-type cytochrome [Shewanella]
WP_277869095.1	Shewanella_DmsE	unclassified Shewanella	500.8	240.0	WP_277869095.1 MULTISPECIES: DmsE family decaheme c-type cytochrome [unclassified Shewanella]
QTE91284.1	Shewanella_DmsE	Shewanella algae	500.8	248.8	QTE91284.1 DmsE family decaheme c-type cytochrome [Shewanella algae]
WP_208125440.1	Shewanella_DmsE	Shewanella algae	500.8	248.8	WP_208125440.1 DmsE family decaheme c-type cytochrome [Shewanella algae]
WYI88194.1	Shewanella_DmsE	Shewanella chilikensis	500.8	244.5	WYI88194.1 DmsE family decaheme c-type cytochrome [Shewanella chilikensis]
WP_475625324.1	Shewanella_DmsE	Shewanella algae	500.7	249.3	WP_475625324.1 DmsE family decaheme c-type cytochrome [Shewanella algae]
WP_345879273.1	Shewanella_DmsE	Shewanella algae	500.6	246.9	WP_345879273.1 DmsE family decaheme c-type cytochrome [Shewanella algae]
WP_144360882.1	Shewanella_DmsE	Shewanella	500.6	244.6	WP_144360882.1 MULTISPECIES: DmsE family decaheme c-type cytochrome [Shewanella]
WP_303046086.1	Shewanella_DmsE	Shewanella sp. UCD-KL21	500.6	238.5	WP_303046086.1 DmsE family decaheme c-type cytochrome [Shewanella sp. UCD-KL21]
WP_248974819.1	Shewanella_DmsE	Shewanella kaireitica	500.6	249.5	WP_248974819.1 DmsE family decaheme c-type cytochrome [Shewanella kaireitica]
WP_219012417.1	Shewanella_DmsE	Shewanella algae	500.5	245.7	WP_219012417.1 DmsE family decaheme c-type cytochrome [Shewanella algae]
WP_067659934.1	other	Ferrimonas marina	500.5	244.0	WP_067659934.1 DmsE family decaheme c-type cytochrome [Ferrimonas marina]
WP_101094990.1	Shewanella_DmsE	Shewanella indica	500.5	244.6	WP_101094990.1 DmsE family decaheme c-type cytochrome [Shewanella indica]
WP_126523244.1	Shewanella_DmsE	Shewanella canadensis	500.5	255.2	WP_126523244.1 DmsE family decaheme c-type cytochrome [Shewanella canadensis]
SHI15503.1	other	Ferrimonas marina	500.5	244.0	SHI15503.1 decaheme c-type cytochrome, DmsE family [Ferrimonas marina]
RTR36776.1	Shewanella_DmsE	Shewanella canadensis	500.5	255.2	RTR36776.1 DmsE family decaheme c-type cytochrome [Shewanella canadensis]
WP_299803195.1	Shewanella_DmsE	uncultured Shewanella sp.	500.4	247.2	WP_299803195.1 DmsE family decaheme c-type cytochrome [uncultured Shewanella sp.]
WP_261762950.1	Shewanella_DmsE	Shewanella putrefaciens	500.4	255.3	WP_261762950.1 DmsE family decaheme c-type cytochrome [Shewanella putrefaciens]
UXK10623.1	Shewanella_DmsE	Shewanella putrefaciens	500.4	255.3	UXK10623.1 DmsE family decaheme c-type cytochrome [Shewanella putrefaciens]
WP_475623609.1	Shewanella_DmsE	Shewanella algae	500.4	249.6	WP_475623609.1 DmsE family decaheme c-type cytochrome [Shewanella algae]
WP_208135287.1	Shewanella_DmsE	Shewanella algae	500.3	250.8	WP_208135287.1 DmsE family decaheme c-type cytochrome [Shewanella algae]
WP_335910006.1	Shewanella_DmsE	Shewanella indica	500.3	243.8	WP_335910006.1 DmsE family decaheme c-type cytochrome [Shewanella indica]
WP_345859095.1	Shewanella_DmsE	Shewanella algae	500.1	246.7	WP_345859095.1 DmsE family decaheme c-type cytochrome [Shewanella algae]
QNH97586.1	Shewanella_DmsE	Shewanella algae	500.0	249.5	QNH97586.1 DmsE family decaheme c-type cytochrome [Shewanella algae]
WP_123115574.1	Shewanella_DmsE	Shewanella algae	500.0	247.8	WP_123115574.1 DmsE family decaheme c-type cytochrome [Shewanella algae]
WP_259650727.1	Shewanella_DmsE	unclassified Shewanella	500.0	246.2	WP_259650727.1 MULTISPECIES: DmsE family decaheme c-type cytochrome [unclassified Shewanella]
WP_248987636.1	Shewanella_DmsE	Shewanella gelidimarina	500.0	236.9	WP_248987636.1 DmsE family decaheme c-type cytochrome [Shewanella gelidimarina]
WP_028779593.1	Shewanella_DmsE	Shewanella sp. 38A_GOM-205m	500.0	249.7	WP_028779593.1 DmsE family decaheme c-type cytochrome [Shewanella sp. 38A_GOM-205m]
QNV04086.1	Shewanella_DmsE	Shewanella algae	500.0	247.8	QNV04086.1 DmsE family decaheme c-type cytochrome [Shewanella algae]
AYV12219.1	Shewanella_DmsE	Shewanella algae	500.0	247.8	AYV12219.1 DmsE family decaheme c-type cytochrome [Shewanella algae]
WP_186265281.1	Shewanella_DmsE	Shewanella algae	500.0	249.5	WP_186265281.1 DmsE family decaheme c-type cytochrome [Shewanella algae]
XAG45196.1	Shewanella_DmsE	Shewanella algae	500.0	247.8	XAG45196.1 DmsE family decaheme c-type cytochrome [Shewanella algae]
WP_234505266.1	Shewanella_DmsE	Shewanella algae	499.9	246.3	WP_234505266.1 DmsE family decaheme c-type cytochrome [Shewanella algae]
WP_475630494.1	Shewanella_DmsE	Shewanella algae	499.8	247.0	WP_475630494.1 DmsE family decaheme c-type cytochrome [Shewanella algae]
GAB1130731.1	Shewanella_DmsE	Shewanella algae	499.8	248.5	GAB1130731.1 MAG: DmsE family decaheme c-type cytochrome [Shewanella algae]
GAB1138421.1	Shewanella_DmsE	Shewanella algae	499.8	248.5	GAB1138421.1 MAG: DmsE family decaheme c-type cytochrome [Shewanella algae]
WP_012156045.1	Shewanella_DmsE	Shewanella pealeana	499.8	243.8	WP_012156045.1 DmsE family decaheme c-type cytochrome [Shewanella pealeana]
WP_345875077.1	Shewanella_DmsE	Shewanella algae	499.7	247.5	WP_345875077.1 DmsE family decaheme c-type cytochrome [Shewanella algae]
WP_368881111.1	Shewanella_DmsE	Shewanella algae	499.7	248.5	WP_368881111.1 DmsE family decaheme c-type cytochrome [Shewanella algae]
WP_093981986.1	Shewanella_DmsE	Shewanella algae	499.7	246.4	WP_093981986.1 DmsE family decaheme c-type cytochrome [Shewanella algae]
WP_345845135.1	Shewanella_DmsE	Shewanella algae	499.6	248.5	WP_345845135.1 DmsE family decaheme c-type cytochrome [Shewanella algae]
GAB1063781.1	Shewanella_DmsE	Shewanella algae	499.6	245.7	GAB1063781.1 MAG: DmsE family decaheme c-type cytochrome [Shewanella algae]
WP_088903569.1	Shewanella_DmsE	Shewanella marisflavi	499.6	250.4	WP_088903569.1 DmsE family decaheme c-type cytochrome [Shewanella marisflavi]
WP_208146158.1	Shewanella_DmsE	Shewanella algae	499.6	246.2	WP_208146158.1 DmsE family decaheme c-type cytochrome [Shewanella algae]
WP_208160428.1	Shewanella_DmsE	Shewanella algae	499.5	247.3	WP_208160428.1 DmsE family decaheme c-type cytochrome [Shewanella algae]
WP_234518616.1	Shewanella_DmsE	Shewanella algae	499.5	248.0	WP_234518616.1 DmsE family decaheme c-type cytochrome [Shewanella algae]
WP_432497355.1	Shewanella_DmsE	Shewanella algae	499.5	245.9	WP_432497355.1 DmsE family decaheme c-type cytochrome [Shewanella algae]
WP_208169183.1	Shewanella_DmsE	Shewanella algae	499.5	246.6	WP_208169183.1 DmsE family decaheme c-type cytochrome [Shewanella algae]
WKC42367.1	Shewanella_DmsE	Shewanella algae	499.5	247.1	WKC42367.1 DmsE family decaheme c-type cytochrome [Shewanella algae]
WP_208163214.1	Shewanella_DmsE	Shewanella algae	499.5	247.1	WP_208163214.1 DmsE family decaheme c-type cytochrome [Shewanella algae]
QQX78981.1	Shewanella_DmsE	Shewanella sp. KX20019	499.3	242.1	QQX78981.1 DmsE family decaheme c-type cytochrome [Shewanella sp. KX20019]
WP_202285637.1	Shewanella_DmsE	Shewanella sp. KX20019	499.3	242.1	WP_202285637.1 DmsE family decaheme c-type cytochrome [Shewanella sp. KX20019]
WP_372033809.1	Shewanella_DmsE	Shewanella sp. 10N.286.45.A1	499.2	248.0	WP_372033809.1 DmsE family decaheme c-type cytochrome [Shewanella sp. 10N.286.45.A1]
WP_248469597.1	Shewanella_DmsE	Shewanella sp. 1CM18E	499.2	244.1	WP_248469597.1 DmsE family decaheme c-type cytochrome [Shewanella sp. 1CM18E]
WP_156020379.1	Shewanella_DmsE	Shewanella algae	499.2	247.1	WP_156020379.1 DmsE family decaheme c-type cytochrome [Shewanella algae]
WP_432405652.1	Shewanella_DmsE	Shewanella sp. MF05960	499.2	258.7	WP_432405652.1 DmsE family decaheme c-type cytochrome [Shewanella sp. MF05960]
QGS61497.1	Shewanella_DmsE	Shewanella algae	499.2	247.1	QGS61497.1 DmsE family decaheme c-type cytochrome [Shewanella algae]
WP_447167687.1	Shewanella_DmsE	Shewanella sp. 125m-7	499.1	243.2	WP_447167687.1 DmsE family decaheme c-type cytochrome [Shewanella sp. 125m-7]
WP_342199767.1	Shewanella_DmsE	Shewanella algae	498.9	247.8	WP_342199767.1 DmsE family decaheme c-type cytochrome [Shewanella algae]
WP_418079248.1	Shewanella_DmsE	Shewanella marisflavi	498.7	250.5	WP_418079248.1 DmsE family decaheme c-type cytochrome [Shewanella marisflavi]
GAB1093470.1	Shewanella_DmsE	Shewanella algae	498.7	244.1	GAB1093470.1 MAG: DmsE family decaheme c-type cytochrome [Shewanella algae]
WP_345861023.1	Shewanella_DmsE	Shewanella algae	498.7	245.7	WP_345861023.1 DmsE family decaheme c-type cytochrome [Shewanella algae]
GAB1087487.1	Shewanella_DmsE	Shewanella algae	498.7	244.1	GAB1087487.1 MAG: DmsE family decaheme c-type cytochrome [Shewanella algae]
XQK12161.1	Shewanella_DmsE	Shewanella algae	498.6	246.8	XQK12161.1 DmsE family decaheme c-type cytochrome [Shewanella algae]
WP_012278004.1	Shewanella_DmsE	Shewanella halifaxensis	498.6	242.2	WP_012278004.1 DmsE family decaheme c-type cytochrome [Shewanella halifaxensis]
WP_335901208.1	Shewanella_DmsE	Shewanella algae	498.6	246.8	WP_335901208.1 DmsE family decaheme c-type cytochrome [Shewanella algae]
WP_463267988.1	Shewanella_DmsE	Shewanella fodinae	498.6	261.6	WP_463267988.1 DmsE family decaheme c-type cytochrome [Shewanella fodinae]
WP_345868977.1	Shewanella_DmsE	Shewanella algae	498.5	246.6	WP_345868977.1 DmsE family decaheme c-type cytochrome [Shewanella algae]
WP_335903677.1	Shewanella_DmsE	Shewanella algae	498.5	243.6	WP_335903677.1 DmsE family decaheme c-type cytochrome [Shewanella algae]
WP_248999592.1	Shewanella_DmsE	Shewanella	498.5	246.8	WP_248999592.1 MULTISPECIES: DmsE family decaheme c-type cytochrome [Shewanella]
WP_208223082.1	Shewanella_DmsE	Shewanella algae	498.3	249.6	WP_208223082.1 DmsE family decaheme c-type cytochrome [Shewanella algae]
GAB1100339.1	Shewanella_DmsE	Shewanella algae	498.2	247.9	GAB1100339.1 MAG: DmsE family decaheme c-type cytochrome [Shewanella algae]
WP_413489615.1	Shewanella_DmsE	Shewanella baltica	498.2	240.8	WP_413489615.1 DmsE family decaheme c-type cytochrome [Shewanella baltica]
WP_220738037.1	Shewanella_DmsE	Shewanella sp. c952	498.1	248.4	WP_220738037.1 DmsE family decaheme c-type cytochrome [Shewanella sp. c952]
GAB1122867.1	Shewanella_DmsE	Shewanella algae	498.1	245.8	GAB1122867.1 MAG: DmsE family decaheme c-type cytochrome [Shewanella algae]
QYJ86917.1	Shewanella_DmsE	Shewanella mesophila	498.1	242.7	QYJ86917.1 DmsE family decaheme c-type cytochrome [Shewanella mesophila]
WP_256261001.1	Shewanella_DmsE	Shewanella sp. NIFS-20-20	498.1	243.4	WP_256261001.1 DmsE family decaheme c-type cytochrome [Shewanella sp. NIFS-20-20]
WP_133040108.1	Shewanella_DmsE	Shewanella fodinae	498.1	261.6	WP_133040108.1 DmsE family decaheme c-type cytochrome [Shewanella fodinae]
GAB1136217.1	Shewanella_DmsE	Shewanella algae	498.1	245.8	GAB1136217.1 MAG: DmsE family decaheme c-type cytochrome [Shewanella algae]
TCN80768.1	Shewanella_DmsE	Shewanella fodinae	498.1	261.6	TCN80768.1 DmsE family decaheme c-type cytochrome [Shewanella fodinae]
GAB1055274.1	Shewanella_DmsE	Shewanella algae	498.1	245.8	GAB1055274.1 MAG: DmsE family decaheme c-type cytochrome [Shewanella algae]
WP_394130909.1	Shewanella_DmsE	Shewanella maritima	498.0	251.0	WP_394130909.1 DmsE family decaheme c-type cytochrome [Shewanella maritima]
WP_345334267.1	other	Ferrimonas pelagia	497.8	245.4	WP_345334267.1 DmsE family decaheme c-type cytochrome [Ferrimonas pelagia]
WP_202721634.1	Shewanella_DmsE	Shewanella schlegeliana	497.8	243.0	WP_202721634.1 DmsE family decaheme c-type cytochrome [Shewanella schlegeliana]
BGZ63146.1	Shewanella_DmsE	Shewanella algae	497.8	247.4	BGZ63146.1 DmsE family decaheme c-type cytochrome [Shewanella algae]
WP_372034268.1	Shewanella_DmsE	Shewanella sp. 10N.286.45.A1	497.8	240.9	WP_372034268.1 DmsE family decaheme c-type cytochrome [Shewanella sp. 10N.286.45.A1]
GAB1068073.1	Shewanella_DmsE	Shewanella algae	497.7	245.5	GAB1068073.1 MAG: DmsE family decaheme c-type cytochrome [Shewanella algae]
GAB1074298.1	Shewanella_DmsE	Shewanella algae	497.7	245.5	GAB1074298.1 MAG: DmsE family decaheme c-type cytochrome [Shewanella algae]
WP_119978739.1	Shewanella_DmsE	Shewanella algidipiscicola	497.6	244.1	WP_119978739.1 DmsE family decaheme c-type cytochrome [Shewanella algidipiscicola]
WP_345847549.1	Shewanella_DmsE	Shewanella algae	497.4	246.4	WP_345847549.1 DmsE family decaheme c-type cytochrome [Shewanella algae]
WP_425423600.1	Shewanella_DmsE	Shewanella waksmanii	497.4	245.2	WP_425423600.1 DmsE family decaheme c-type cytochrome [Shewanella waksmanii]
WOT04198.1	Shewanella_DmsE	Shewanella youngdeokensis	497.3	241.3	WOT04198.1 DmsE family decaheme c-type cytochrome [Shewanella youngdeokensis]
WP_310471827.1	Shewanella_DmsE	Shewanella youngdeokensis	497.3	241.3	WP_310471827.1 DmsE family decaheme c-type cytochrome [Shewanella youngdeokensis]
WP_133040710.1	Shewanella_DmsE	Shewanella	497.2	261.9	WP_133040710.1 MULTISPECIES: DmsE family decaheme c-type cytochrome [Shewanella]
TCN76051.1	Shewanella_DmsE	Shewanella fodinae	497.2	261.9	TCN76051.1 DmsE family decaheme c-type cytochrome [Shewanella fodinae]
WP_345843682.1	Shewanella_DmsE	Shewanella algae	496.8	247.7	WP_345843682.1 DmsE family decaheme c-type cytochrome [Shewanella algae]
WP_110458301.1	Shewanella_DmsE	Shewanella algidipiscicola	496.7	242.9	WP_110458301.1 DmsE family decaheme c-type cytochrome [Shewanella algidipiscicola]
WP_173497925.1	Shewanella_DmsE	Shewanella sp. ISTPL2	496.7	254.7	WP_173497925.1 DmsE family decaheme c-type cytochrome [Shewanella sp. ISTPL2]
GAB1082874.1	Shewanella_DmsE	Shewanella algae	496.6	248.3	GAB1082874.1 MAG: DmsE family decaheme c-type cytochrome [Shewanella algae]
GAB1070331.1	Shewanella_DmsE	Shewanella algae	496.6	248.3	GAB1070331.1 MAG: DmsE family decaheme c-type cytochrome [Shewanella algae]
GAB1095076.1	Shewanella_DmsE	Shewanella algae	496.6	248.3	GAB1095076.1 MAG: DmsE family decaheme c-type cytochrome [Shewanella algae]
GAB1113859.1	Shewanella_DmsE	Shewanella algae	496.6	248.3	GAB1113859.1 MAG: DmsE family decaheme c-type cytochrome [Shewanella algae]
GAB1046306.1	Shewanella_DmsE	Shewanella algae	496.6	248.3	GAB1046306.1 MAG: DmsE family decaheme c-type cytochrome [Shewanella algae]
WP_447160546.1	Shewanella_DmsE	Shewanella	496.5	241.8	WP_447160546.1 MULTISPECIES: DmsE family decaheme c-type cytochrome [Shewanella]
GAB1044357.1	Shewanella_DmsE	Shewanella algae	496.2	246.1	GAB1044357.1 MAG: DmsE family decaheme c-type cytochrome [Shewanella algae]
WP_411987560.1	Shewanella_DmsE	Shewanella mytili	496.2	257.1	WP_411987560.1 DmsE family decaheme c-type cytochrome [Shewanella mytili]
GAB1039042.1	Shewanella_DmsE	Shewanella algae	496.2	246.1	GAB1039042.1 MAG: DmsE family decaheme c-type cytochrome [Shewanella algae]
WP_101092805.1	Shewanella_DmsE	unclassified Shewanella	496.1	234.8	WP_101092805.1 MULTISPECIES: DmsE family decaheme c-type cytochrome [unclassified Shewanella]
WP_342197595.1	Shewanella_DmsE	Shewanella algae	495.9	247.0	WP_342197595.1 DmsE family decaheme c-type cytochrome [Shewanella algae]
WP_229799912.1	Shewanella_DmsE	Shewanella fodinae	495.8	261.4	WP_229799912.1 DmsE family decaheme c-type cytochrome [Shewanella fodinae]
WP_243888683.1	Shewanella_DmsE	Shewanella algae	495.7	240.4	WP_243888683.1 DmsE family decaheme c-type cytochrome [Shewanella algae]
GAB1051124.1	Shewanella_DmsE	Shewanella algae	495.6	244.1	GAB1051124.1 MAG: DmsE family decaheme c-type cytochrome [Shewanella algae]
WP_041508946.1	Shewanella_DmsE	Shewanella sp. cp20	495.5	255.1	WP_041508946.1 DmsE family decaheme c-type cytochrome [Shewanella sp. cp20]
GAB1079760.1	Shewanella_DmsE	Shewanella algae	495.2	246.5	GAB1079760.1 MAG: DmsE family decaheme c-type cytochrome [Shewanella algae]
GAB1126980.1	Shewanella_DmsE	Shewanella algae	495.0	245.8	GAB1126980.1 MAG: DmsE family decaheme c-type cytochrome [Shewanella algae]
GAB1118244.1	Shewanella_DmsE	Shewanella algae	495.0	245.8	GAB1118244.1 MAG: DmsE family decaheme c-type cytochrome [Shewanella algae]
WP_394229745.1	Shewanella_DmsE	Shewanella colwelliana	495.0	245.9	WP_394229745.1 DmsE family decaheme c-type cytochrome [Shewanella colwelliana]
WP_220743487.1	Shewanella_DmsE	Shewanella colwelliana	495.0	246.7	WP_220743487.1 DmsE family decaheme c-type cytochrome [Shewanella colwelliana]
WP_434086712.1	Shewanella_DmsE	Shewanella mesophila	494.9	242.8	WP_434086712.1 DmsE family decaheme c-type cytochrome [Shewanella mesophila]
WP_279774315.1	Shewanella_DmsE	Shewanella xiamenensis	494.8	252.4	WP_279774315.1 DmsE family decaheme c-type cytochrome [Shewanella xiamenensis]
GAB1105627.1	Shewanella_DmsE	Shewanella algae	494.7	247.2	GAB1105627.1 MAG: DmsE family decaheme c-type cytochrome [Shewanella algae]
WP_283164342.1	Shewanella_DmsE	Shewanella corallii	494.7	238.1	WP_283164342.1 DmsE family decaheme c-type cytochrome [Shewanella corallii]
GAB1147194.1	Shewanella_DmsE	Shewanella algae	494.7	248.6	GAB1147194.1 MAG: DmsE family decaheme c-type cytochrome [Shewanella algae]
GAB1058901.1	Shewanella_DmsE	Shewanella algae	494.6	245.3	GAB1058901.1 MAG: DmsE family decaheme c-type cytochrome [Shewanella algae]
GAB1143547.1	Shewanella_DmsE	Shewanella algae	494.3	246.6	GAB1143547.1 MAG: DmsE family decaheme c-type cytochrome [Shewanella algae]
GAB1150938.1	Shewanella_DmsE	Shewanella algae	494.3	248.8	GAB1150938.1 MAG: DmsE family decaheme c-type cytochrome [Shewanella algae]
WP_107404966.1	Shewanella_DmsE	Shewanella baltica	494.3	241.1	WP_107404966.1 DmsE family decaheme c-type cytochrome [Shewanella baltica]
GAB1106105.1	Shewanella_DmsE	Shewanella algae	494.3	246.6	GAB1106105.1 MAG: DmsE family decaheme c-type cytochrome [Shewanella algae]
WP_409437992.1	Shewanella_DmsE	Shewanella sp. M16	494.3	253.0	WP_409437992.1 DmsE family decaheme c-type cytochrome [Shewanella sp. M16]
WP_345880826.1	Shewanella_DmsE	Shewanella algae	493.4	250.0	WP_345880826.1 DmsE family decaheme c-type cytochrome [Shewanella algae]
WP_259512927.1	Shewanella_DmsE	Shewanella baltica	493.1	241.7	WP_259512927.1 DmsE family decaheme c-type cytochrome [Shewanella baltica]
WP_283106520.1	Shewanella_DmsE	Shewanella submarina	492.9	235.2	WP_283106520.1 DmsE family decaheme c-type cytochrome [Shewanella submarina]
WP_259521404.1	Shewanella_DmsE	Shewanella baltica	492.8	241.8	WP_259521404.1 DmsE family decaheme c-type cytochrome [Shewanella baltica]
WP_428587227.1	Shewanella_DmsE	Shewanella sp.	492.3	257.3	WP_428587227.1 DmsE family decaheme c-type cytochrome [Shewanella sp.]
WP_446446454.1	Shewanella_DmsE	Shewanella sp. 1180_01	491.9	254.5	WP_446446454.1 DmsE family decaheme c-type cytochrome [Shewanella sp. 1180_01]
WP_089066725.1	Shewanella_DmsE	Shewanella bicestrii	491.5	259.3	WP_089066725.1 DmsE family decaheme c-type cytochrome [Shewanella bicestrii]
WP_285700093.1	Shewanella_DmsE	Shewanella algae	491.4	249.0	WP_285700093.1 DmsE family decaheme c-type cytochrome [Shewanella algae]
WP_012197116.1	Shewanella_DmsE	Shewanella baltica	491.4	255.6	WP_012197116.1 DmsE family decaheme c-type cytochrome [Shewanella baltica]
ADT94391.1	Shewanella_DmsE	Shewanella baltica OS678	491.4	255.6	ADT94391.1 decaheme c-type cytochrome, DmsE family [Shewanella baltica OS678]
WP_438672806.1	Shewanella_DmsE	Shewanella sp.	491.3	248.7	WP_438672806.1 DmsE family decaheme c-type cytochrome [Shewanella sp.]
WP_318963734.1	Shewanella_DmsE	Shewanella colwelliana	491.0	242.1	WP_318963734.1 DmsE family decaheme c-type cytochrome [Shewanella colwelliana]
WP_020913506.1	Shewanella_DmsE	Shewanella piezotolerans	491.0	238.5	WP_020913506.1 DmsE family decaheme c-type cytochrome [Shewanella piezotolerans]
WP_371990256.1	Shewanella_DmsE	Shewanella sp. 10N.286.54.B9	490.8	240.2	WP_371990256.1 DmsE family decaheme c-type cytochrome [Shewanella sp. 10N.286.54.B9]
WP_416918644.1	Shewanella_DmsE	Shewanella sp.	490.6	255.8	WP_416918644.1 DmsE family decaheme c-type cytochrome [Shewanella sp.]
WP_428829719.1	Shewanella_DmsE	Shewanella colwelliana	490.6	248.8	WP_428829719.1 DmsE family decaheme c-type cytochrome [Shewanella colwelliana]
WP_014611855.1	Shewanella_DmsE	Shewanella chilikensis	490.4	256.0	WP_014611855.1 DmsE family decaheme c-type cytochrome [Shewanella chilikensis]
WP_108944171.1	Shewanella_DmsE	Shewanella halifaxensis	490.3	246.6	WP_108944171.1 DmsE family decaheme c-type cytochrome [Shewanella halifaxensis]
WP_011624398.1	Shewanella_DmsE	Shewanella sp. MR-4	490.3	257.7	WP_011624398.1 DmsE family decaheme c-type cytochrome [Shewanella sp. MR-4]
WP_028769397.1	Shewanella_DmsE	Shewanella	490.1	246.6	WP_028769397.1 MULTISPECIES: DmsE family decaheme c-type cytochrome [Shewanella]
WP_475515586.1	Shewanella_DmsE	Shewanella sp. QJM3NY_23	489.7	242.3	WP_475515586.1 DmsE family decaheme c-type cytochrome [Shewanella sp. QJM3NY_23]
WP_374919828.1	Shewanella_DmsE	Shewanella seohaensis	489.5	259.0	WP_374919828.1 DmsE family decaheme c-type cytochrome [Shewanella seohaensis]
WP_413740568.1	Shewanella_DmsE	Shewanella xiamenensis	489.4	254.6	WP_413740568.1 DmsE family decaheme c-type cytochrome [Shewanella xiamenensis]
WP_088212241.1	Shewanella_DmsE	Shewanella	489.1	256.5	WP_088212241.1 MULTISPECIES: DmsE family decaheme c-type cytochrome [Shewanella]
WP_374925950.1	Shewanella_DmsE	Shewanella mangrovisoli	488.8	257.3	WP_374925950.1 DmsE family decaheme c-type cytochrome [Shewanella mangrovisoli]
WP_374897510.1	Shewanella_DmsE	Shewanella mangrovisoli	488.7	256.3	WP_374897510.1 DmsE family decaheme c-type cytochrome [Shewanella mangrovisoli]
WP_374923643.1	Shewanella_DmsE	Shewanella mangrovisoli	488.3	255.8	WP_374923643.1 DmsE family decaheme c-type cytochrome [Shewanella mangrovisoli]
WP_254451460.1	Shewanella_DmsE	Shewanella oncorhynchi	487.7	251.9	WP_254451460.1 DmsE family decaheme c-type cytochrome [Shewanella oncorhynchi]
WP_222525860.1	other	Ferrimonas balearica	487.0	264.8	WP_222525860.1 DmsE family decaheme c-type cytochrome [Ferrimonas balearica]
WP_326515538.1	Shewanella_DmsE	unclassified Shewanella	486.9	250.0	WP_326515538.1 MULTISPECIES: DmsE family decaheme c-type cytochrome, partial [unclassified Shewanella]
WP_220054095.1	Shewanella_DmsE	Shewanella sp. FJAT-51649	486.7	258.4	WP_220054095.1 DmsE family decaheme c-type cytochrome [Shewanella sp. FJAT-51649]
QYJ71163.1	Shewanella_DmsE	Shewanella sp. FJAT-51649	486.7	258.4	QYJ71163.1 DmsE family decaheme c-type cytochrome [Shewanella sp. FJAT-51649]
WP_090365015.1	other	Ferrimonas sediminum	486.4	257.2	WP_090365015.1 DmsE family decaheme c-type cytochrome [Ferrimonas sediminum]
SDJ25788.1	other	Ferrimonas sediminum	486.4	257.2	SDJ25788.1 decaheme c-type cytochrome, DmsE family [Ferrimonas sediminum]
WP_299791901.1	Shewanella_DmsE	uncultured Shewanella sp.	486.2	253.2	WP_299791901.1 DmsE family decaheme c-type cytochrome [uncultured Shewanella sp.]
WP_286342796.1	other	Ferrimonas sp. YFM	485.3	261.4	WP_286342796.1 DmsE family decaheme c-type cytochrome [Ferrimonas sp. YFM]
WP_035416421.1	other	Ferrimonas kyonanensis	485.1	254.1	WP_035416421.1 DmsE family decaheme c-type cytochrome [Ferrimonas kyonanensis]
USD35690.1	other	Ferrimonas sp. SCSIO 43195	485.0	254.3	USD35690.1 DmsE family decaheme c-type cytochrome [Ferrimonas sp. SCSIO 43195]
WP_252006515.1	other	Ferrimonas sp. SCSIO 43195	485.0	254.3	WP_252006515.1 DmsE family decaheme c-type cytochrome [Ferrimonas sp. SCSIO 43195]
RTR32486.1	Shewanella_DmsE	Shewanella atlantica	484.8	261.1	RTR32486.1 DmsE family decaheme c-type cytochrome [Shewanella atlantica]
WP_425470165.1	Shewanella_DmsE	Shewanella atlantica	484.6	261.1	WP_425470165.1 DmsE family decaheme c-type cytochrome [Shewanella atlantica]
WP_259650744.1	Shewanella_DmsE	unclassified Shewanella	484.3	244.4	WP_259650744.1 MULTISPECIES: DmsE family decaheme c-type cytochrome [unclassified Shewanella]
WP_417347484.1	other	Ferrimonas sp.	484.0	258.4	WP_417347484.1 DmsE family decaheme c-type cytochrome [Ferrimonas sp.]
WP_430964184.1	Shewanella_DmsE	Shewanella indica	483.9	239.8	WP_430964184.1 DmsE family decaheme c-type cytochrome [Shewanella indica]
WP_394147211.1	Shewanella_DmsE	Shewanella atlantica	482.4	255.1	WP_394147211.1 DmsE family decaheme c-type cytochrome [Shewanella atlantica]
WP_438944551.1	Shewanella_DmsE	Shewanella electrica	482.1	251.2	WP_438944551.1 DmsE family decaheme c-type cytochrome [Shewanella electrica]
WP_282679924.1	Shewanella_DmsE	Shewanella xiamenensis	481.2	257.9	WP_282679924.1 DmsE family decaheme c-type cytochrome [Shewanella xiamenensis]
WP_213682740.1	Shewanella_DmsE	Shewanella dokdonensis	480.2	252.4	WP_213682740.1 DmsE family decaheme c-type cytochrome [Shewanella dokdonensis]
QVK24127.1	Shewanella_DmsE	Shewanella dokdonensis	480.2	252.4	QVK24127.1 DmsE family decaheme c-type cytochrome [Shewanella dokdonensis]
WP_028108532.1	other	Ferrimonas futtsuensis	480.1	254.2	WP_028108532.1 DmsE family decaheme c-type cytochrome [Ferrimonas futtsuensis]
WP_012143262.1	Shewanella_DmsE	Shewanella sediminis	479.2	260.3	WP_012143262.1 DmsE family decaheme c-type cytochrome [Shewanella sediminis]
WP_432527339.1	Shewanella_DmsE	Shewanella sp. GXUN23E	479.1	243.1	WP_432527339.1 DmsE family decaheme c-type cytochrome [Shewanella sp. GXUN23E]
ADN75568.1	other	Ferrimonas balearica DSM 9799	478.5	256.5	ADN75568.1 decaheme c-type cytochrome, DmsE family [Ferrimonas balearica DSM 9799]
WP_013344874.1	other	Ferrimonas balearica	478.5	256.5	WP_013344874.1 DmsE family decaheme c-type cytochrome [Ferrimonas balearica]
WP_222542321.1	other	Ferrimonas balearica	478.2	262.0	WP_222542321.1 DmsE family decaheme c-type cytochrome [Ferrimonas balearica]
WP_219172358.1	other	Ferrimonas balearica	478.2	256.5	WP_219172358.1 DmsE family decaheme c-type cytochrome [Ferrimonas balearica]
WP_214507042.1	Shewanella_DmsE	Shewanella jiangmenensis	478.0	246.5	WP_214507042.1 DmsE family decaheme c-type cytochrome [Shewanella jiangmenensis]
TKB57409.1	other	Ferrimonas aestuarii	477.7	251.1	TKB57409.1 DmsE family decaheme c-type cytochrome [Ferrimonas aestuarii]
WP_222466952.1	other	Ferrimonas balearica	477.7	256.7	WP_222466952.1 DmsE family decaheme c-type cytochrome [Ferrimonas balearica]
WP_136862055.1	other	Ferrimonas aestuarii	477.7	251.1	WP_136862055.1 DmsE family decaheme c-type cytochrome [Ferrimonas aestuarii]
WP_241407381.1	Shewanella_DmsE	Shewanella sp. MM_2022_3	477.1	259.0	WP_241407381.1 DmsE family decaheme c-type cytochrome [Shewanella sp. MM_2022_3]
TKB50486.1	other	Ferrimonas sediminicola	476.4	253.5	TKB50486.1 DmsE family decaheme c-type cytochrome [Ferrimonas sediminicola]
WP_136851902.1	other	Ferrimonas sediminicola	476.4	253.5	WP_136851902.1 DmsE family decaheme c-type cytochrome [Ferrimonas sediminicola]
WP_351017255.1	Shewanella_DmsE	Shewanella	474.9	246.3	WP_351017255.1 MULTISPECIES: DmsE family decaheme c-type cytochrome [Shewanella]
WP_207355059.1	Shewanella_DmsE	Shewanella avicenniae	474.5	251.7	WP_207355059.1 DmsE family decaheme c-type cytochrome [Shewanella avicenniae]
QSX33851.1	Shewanella_DmsE	Shewanella avicenniae	474.5	251.7	QSX33851.1 DmsE family decaheme c-type cytochrome [Shewanella avicenniae]
WP_051252538.1	other	Ferrimonas kyonanensis	473.8	249.8	WP_051252538.1 DmsE family decaheme c-type cytochrome [Ferrimonas kyonanensis]
GAB1111201.1	Shewanella_DmsE	Shewanella algae	473.7	227.2	GAB1111201.1 MAG: DmsE family decaheme c-type cytochrome [Shewanella algae]
WP_188926878.1	Shewanella_DmsE	Shewanella algicola	473.7	243.0	WP_188926878.1 DmsE family decaheme c-type cytochrome [Shewanella algicola]
WP_425439833.1	other	Paraferrimonas sedimenticola	472.4	235.0	WP_425439833.1 DmsE family decaheme c-type cytochrome [Paraferrimonas sedimenticola]
WP_124013333.1	Shewanella_DmsE	Shewanella psychromarinicola	471.1	246.3	WP_124013333.1 DmsE family decaheme c-type cytochrome [Shewanella psychromarinicola]
AZG35466.1	Shewanella_DmsE	Shewanella psychromarinicola	471.1	246.3	AZG35466.1 DmsE family decaheme c-type cytochrome [Shewanella psychromarinicola]
RPA31200.1	Shewanella_DmsE	Shewanella psychromarinicola	471.1	246.3	RPA31200.1 DmsE family decaheme c-type cytochrome [Shewanella psychromarinicola]
RTR38668.1	Shewanella_DmsE	Shewanella canadensis	463.9	244.2	RTR38668.1 DmsE family decaheme c-type cytochrome [Shewanella canadensis]
WP_126520284.1	Shewanella_DmsE	Shewanella canadensis	463.9	244.2	WP_126520284.1 DmsE family decaheme c-type cytochrome [Shewanella canadensis]
WP_394148087.1	Shewanella_DmsE	Shewanella atlantica	461.9	243.3	WP_394148087.1 DmsE family decaheme c-type cytochrome [Shewanella atlantica]
WP_298439234.1	other	uncultured Ferrimonas sp.	461.6	262.6	WP_298439234.1 DmsE family decaheme c-type cytochrome [uncultured Ferrimonas sp.]
RTR33588.1	Shewanella_DmsE	Shewanella atlantica	460.9	243.0	RTR33588.1 DmsE family decaheme c-type cytochrome [Shewanella atlantica]
WP_126505141.1	Shewanella_DmsE	Shewanella atlantica	460.9	243.0	WP_126505141.1 DmsE family decaheme c-type cytochrome [Shewanella atlantica]
WOT05396.1	Shewanella_DmsE	Shewanella youngdeokensis	460.4	233.8	WOT05396.1 DmsE family decaheme c-type cytochrome [Shewanella youngdeokensis]
WP_310469655.1	Shewanella_DmsE	Shewanella youngdeokensis	460.4	233.8	WP_310469655.1 DmsE family decaheme c-type cytochrome [Shewanella youngdeokensis]
WP_435806287.1	Shewanella_DmsE	Shewanella psychromarinicola	460.3	242.5	WP_435806287.1 DmsE family decaheme c-type cytochrome [Shewanella psychromarinicola]
WP_299794970.1	Shewanella_DmsE	uncultured Shewanella sp.	460.1	243.3	WP_299794970.1 DmsE family decaheme c-type cytochrome [uncultured Shewanella sp.]
WP_012142493.1	Shewanella_DmsE	Shewanella sediminis	459.3	241.2	WP_012142493.1 DmsE family decaheme c-type cytochrome [Shewanella sediminis]
WP_102039877.1	Shewanella_DmsE	Shewanella sp. GutCb	458.5	243.2	WP_102039877.1 DmsE family decaheme c-type cytochrome, partial [Shewanella sp. GutCb]
WP_090364138.1	other	Ferrimonas sediminum	458.2	263.4	WP_090364138.1 DmsE family decaheme c-type cytochrome [Ferrimonas sediminum]
SDJ02403.1	other	Ferrimonas sediminum	458.2	263.4	SDJ02403.1 decaheme c-type cytochrome, DmsE family [Ferrimonas sediminum]
WP_345317923.1	other	Ferrimonas gelatinilytica	457.4	276.4	WP_345317923.1 DmsE family decaheme c-type cytochrome [Ferrimonas gelatinilytica]
GAA5194925.1	other	Ferrimonas gelatinilytica	457.3	276.7	GAA5194925.1 DmsE family decaheme c-type cytochrome [Ferrimonas gelatinilytica]
WP_081933436.1	Shewanella_DmsE	Shewanella mangrovi	456.3	232.9	WP_081933436.1 DmsE family decaheme c-type cytochrome [Shewanella mangrovi]
WP_484616983.1	other	Ferrimonas sp. YIN67	454.3	265.9	WP_484616983.1 DmsE family decaheme c-type cytochrome [Ferrimonas sp. YIN67]
WP_167870825.1	Shewanella_DmsE	Shewanella sp. WXL01	452.3	235.9	WP_167870825.1 DmsE family decaheme c-type cytochrome, partial [Shewanella sp. WXL01]
WP_100146003.1	Shewanella_DmsE	Shewanella carassii	449.4	244.7	WP_100146003.1 DmsE family decaheme c-type cytochrome, partial [Shewanella carassii]
WOT06990.1	Shewanella_DmsE	Shewanella youngdeokensis	447.6	229.1	WOT06990.1 DmsE family decaheme c-type cytochrome [Shewanella youngdeokensis]
WP_375087941.1	Shewanella_DmsE	Shewanella youngdeokensis	447.5	229.6	WP_375087941.1 DmsE family decaheme c-type cytochrome [Shewanella youngdeokensis]
SDJ21936.1	other	Ferrimonas sediminum	447.4	256.9	SDJ21936.1 decaheme c-type cytochrome, DmsE family [Ferrimonas sediminum]
WP_090365080.1	other	Ferrimonas sediminum	447.4	256.9	WP_090365080.1 DmsE family decaheme c-type cytochrome [Ferrimonas sediminum]
USD39740.1	other	Ferrimonas sp. SCSIO 43195	447.3	256.8	USD39740.1 DmsE family decaheme c-type cytochrome [Ferrimonas sp. SCSIO 43195]
WP_156896973.1	other	Ferrimonas kyonanensis	447.3	256.8	WP_156896973.1 DmsE family decaheme c-type cytochrome [Ferrimonas kyonanensis]
WP_342208296.1	Shewanella_DmsE	Shewanella xiamenensis	447.1	242.2	WP_342208296.1 DmsE family decaheme c-type cytochrome [Shewanella xiamenensis]
WP_252010292.1	other	Ferrimonas sp. SCSIO 43195	443.7	256.2	WP_252010292.1 DmsE family decaheme c-type cytochrome [Ferrimonas sp. SCSIO 43195]
WP_108946621.1	Shewanella_DmsE	Shewanella halifaxensis	441.5	245.1	WP_108946621.1 DmsE family decaheme c-type cytochrome [Shewanella halifaxensis]
WP_136862399.1	other	Ferrimonas aestuarii	440.8	236.7	WP_136862399.1 DmsE family decaheme c-type cytochrome [Ferrimonas aestuarii]
TKB56595.1	other	Ferrimonas aestuarii	440.8	236.7	TKB56595.1 DmsE family decaheme c-type cytochrome [Ferrimonas aestuarii]
WP_168663161.1	other	Ferrimonas lipolytica	440.8	257.1	WP_168663161.1 DmsE family decaheme c-type cytochrome [Ferrimonas lipolytica]
QIZ78818.1	other	Ferrimonas lipolytica	440.8	257.1	QIZ78818.1 DmsE family decaheme c-type cytochrome [Ferrimonas lipolytica]
WP_222544555.1	other	Ferrimonas balearica	440.3	225.6	WP_222544555.1 DmsE family decaheme c-type cytochrome [Ferrimonas balearica]
WP_286342437.1	other	Ferrimonas sp. YFM	439.8	238.1	WP_286342437.1 DmsE family decaheme c-type cytochrome [Ferrimonas sp. YFM]
WP_311197304.1	other	Vibrio sp. SS-MA-C1-2	439.1	242.2	WP_311197304.1 DmsE family decaheme c-type cytochrome [Vibrio sp. SS-MA-C1-2]
WP_299805285.1	Shewanella_DmsE	uncultured Shewanella sp.	438.1	241.2	WP_299805285.1 DmsE family decaheme c-type cytochrome [uncultured Shewanella sp.]
WP_220763809.1	Shewanella_DmsE	unclassified Shewanella	437.9	239.6	WP_220763809.1 MULTISPECIES: DmsE family decaheme c-type cytochrome [unclassified Shewanella]
WP_447167293.1	Shewanella_DmsE	Shewanella sp. 125m-7	436.5	239.2	WP_447167293.1 DmsE family decaheme c-type cytochrome [Shewanella sp. 125m-7]
WP_286342938.1	other	Ferrimonas sp. YFM	435.7	240.4	WP_286342938.1 DmsE family decaheme c-type cytochrome [Ferrimonas sp. YFM]
WP_417347285.1	other	Ferrimonas sp.	435.3	236.4	WP_417347285.1 DmsE family decaheme c-type cytochrome [Ferrimonas sp.]
WP_345334279.1	other	Ferrimonas pelagia	434.9	258.8	WP_345334279.1 DmsE family decaheme c-type cytochrome [Ferrimonas pelagia]
GAA4879257.1	other	Ferrimonas pelagia	434.9	258.8	GAA4879257.1 DmsE family decaheme c-type cytochrome [Ferrimonas pelagia]
WP_084644094.1	other	Ferrimonas futtsuensis	433.5	234.3	WP_084644094.1 DmsE family decaheme c-type cytochrome [Ferrimonas futtsuensis]
WP_456042693.1	Shewanella_DmsE	unclassified Shewanella	433.4	246.6	WP_456042693.1 MULTISPECIES: DmsE family decaheme c-type cytochrome [unclassified Shewanella]
WP_202720331.1	Shewanella_DmsE	Shewanella schlegeliana	432.2	238.8	WP_202720331.1 DmsE family decaheme c-type cytochrome [Shewanella schlegeliana]
WP_012141652.1	Shewanella_DmsE	Shewanella sediminis	431.9	228.7	WP_012141652.1 DmsE family decaheme c-type cytochrome [Shewanella sediminis]
SHI15553.1	other	Ferrimonas marina	431.2	261.6	SHI15553.1 decaheme c-type cytochrome, DmsE family [Ferrimonas marina]
WP_298444110.1	other	uncultured Ferrimonas sp.	431.0	224.7	WP_298444110.1 DmsE family decaheme c-type cytochrome [uncultured Ferrimonas sp.]
WP_143165798.1	other	Ferrimonas marina	430.8	261.6	WP_143165798.1 DmsE family decaheme c-type cytochrome [Ferrimonas marina]
WP_222525187.1	other	Ferrimonas balearica	429.6	224.2	WP_222525187.1 DmsE family decaheme c-type cytochrome [Ferrimonas balearica]
WP_153914391.1	Shewanella_DmsE	Shewanella sp. TC10	429.1	244.4	WP_153914391.1 DmsE family decaheme c-type cytochrome [Shewanella sp. TC10]
WP_013347121.1	other	Ferrimonas balearica	429.0	223.9	WP_013347121.1 DmsE family decaheme c-type cytochrome [Ferrimonas balearica]
ADN77815.1	other	Ferrimonas balearica DSM 9799	429.0	223.9	ADN77815.1 decaheme c-type cytochrome, DmsE family [Ferrimonas balearica DSM 9799]
WP_102475820.1	Shewanella_DmsE	unclassified Shewanella	428.6	253.8	WP_102475820.1 MULTISPECIES: DmsE family decaheme c-type cytochrome [unclassified Shewanella]
QIZ78035.1	other	Ferrimonas lipolytica	428.0	243.3	QIZ78035.1 DmsE family decaheme c-type cytochrome [Ferrimonas lipolytica]
WP_439267559.1	other	Psychrobacter sp. 1Y1	427.1	236.2	WP_439267559.1 DmsE family decaheme c-type cytochrome, partial [Psychrobacter sp. 1Y1]
WP_238786942.1	other	Ferrimonas lipolytica	426.9	243.3	WP_238786942.1 DmsE family decaheme c-type cytochrome [Ferrimonas lipolytica]
WP_033077239.1	other	Thalassotalea sp. ND16A	426.9	291.3	WP_033077239.1 DmsE family decaheme c-type cytochrome [Thalassotalea sp. ND16A]
WP_298439481.1	other	uncultured Ferrimonas sp.	425.2	243.3	WP_298439481.1 DmsE family decaheme c-type cytochrome [uncultured Ferrimonas sp.]
WP_219286896.1	other	Ferrimonas balearica	425.0	222.4	WP_219286896.1 DmsE family decaheme c-type cytochrome, partial [Ferrimonas balearica]
WP_222489011.1	other	Ferrimonas balearica	424.5	221.3	WP_222489011.1 DmsE family decaheme c-type cytochrome, partial [Ferrimonas balearica]
WP_259651204.1	Shewanella_DmsE	Shewanella sp. KT0246	421.9	248.9	WP_259651204.1 DmsE family decaheme c-type cytochrome [Shewanella sp. KT0246]
WP_219177925.1	other	Ferrimonas balearica	421.8	242.1	WP_219177925.1 DmsE family decaheme c-type cytochrome [Ferrimonas balearica]
WP_233538858.1	other	Ferrimonas balearica	420.8	242.2	WP_233538858.1 DmsE family decaheme c-type cytochrome [Ferrimonas balearica]
WP_168659559.1	other	Ferrimonas lipolytica	420.5	243.9	WP_168659559.1 DmsE family decaheme c-type cytochrome [Ferrimonas lipolytica]
QIZ76299.1	other	Ferrimonas lipolytica	420.5	243.9	QIZ76299.1 DmsE family decaheme c-type cytochrome [Ferrimonas lipolytica]
WP_222468067.1	other	Ferrimonas balearica	419.9	241.0	WP_222468067.1 DmsE family decaheme c-type cytochrome [Ferrimonas balearica]
UUO24370.1	other	Colwellia sp. M166	419.3	275.7	UUO24370.1 DmsE family decaheme c-type cytochrome [Colwellia sp. M166]
WP_257171934.1	other	Colwellia sp. M166	419.3	275.7	WP_257171934.1 DmsE family decaheme c-type cytochrome [Colwellia sp. M166]
WP_282109568.1	Shewanella_DmsE	Shewanella algicola	418.7	250.4	WP_282109568.1 DmsE family decaheme c-type cytochrome [Shewanella algicola]
CAM4453096.1	Shewanella_DmsE	Shewanella livingstonensis	418.3	247.6	CAM4453096.1 DmsE family decaheme c-type cytochrome [Shewanella livingstonensis]
WP_124730841.1	Shewanella_DmsE	Shewanella livingstonensis	418.3	247.6	WP_124730841.1 DmsE family decaheme c-type cytochrome [Shewanella livingstonensis]
AZG73284.1	Shewanella_DmsE	Shewanella livingstonensis	418.3	247.6	AZG73284.1 DmsE family decaheme c-type cytochrome [Shewanella livingstonensis]
QIZ76304.1	other	Ferrimonas lipolytica	416.3	248.6	QIZ76304.1 DmsE family decaheme c-type cytochrome [Ferrimonas lipolytica]
WP_168659564.1	other	Ferrimonas lipolytica	416.3	248.6	WP_168659564.1 DmsE family decaheme c-type cytochrome [Ferrimonas lipolytica]
WP_484617302.1	other	Ferrimonas sp. YIN67	415.3	221.5	WP_484617302.1 DmsE family decaheme c-type cytochrome [Ferrimonas sp. YIN67]
WP_013345986.1	other	Ferrimonas balearica	414.6	213.8	WP_013345986.1 DmsE family decaheme c-type cytochrome [Ferrimonas balearica]
ADN76680.1	other	Ferrimonas balearica DSM 9799	414.6	213.8	ADN76680.1 decaheme c-type cytochrome, DmsE family [Ferrimonas balearica DSM 9799]
WP_228497452.1	Shewanella_DmsE	Shewanella intestini	413.6	244.2	WP_228497452.1 DmsE family decaheme c-type cytochrome [Shewanella intestini]
QIZ78255.1	other	Ferrimonas lipolytica	412.4	234.1	QIZ78255.1 DmsE family decaheme c-type cytochrome [Ferrimonas lipolytica]
WP_168662043.1	other	Ferrimonas lipolytica	412.4	234.1	WP_168662043.1 DmsE family decaheme c-type cytochrome [Ferrimonas lipolytica]
WP_108944066.1	Shewanella_DmsE	Shewanella halifaxensis	411.0	227.3	WP_108944066.1 DmsE family decaheme c-type cytochrome [Shewanella halifaxensis]
WP_153916700.1	Shewanella_DmsE	Shewanella sp. TC10	410.0	235.3	WP_153916700.1 DmsE family decaheme c-type cytochrome [Shewanella sp. TC10]
WP_070373819.1	other	Colwellia sp. PAMC 20917	406.2	283.8	WP_070373819.1 DmsE family decaheme c-type cytochrome [Colwellia sp. PAMC 20917]
TKB51724.1	other	Ferrimonas aestuarii	405.6	249.1	TKB51724.1 DmsE family decaheme c-type cytochrome [Ferrimonas aestuarii]
WP_407644380.1	other	Ferrimonas aestuarii	405.4	249.0	WP_407644380.1 DmsE family decaheme c-type cytochrome [Ferrimonas aestuarii]
WP_182222274.1	other	unclassified Colwellia	405.1	285.1	WP_182222274.1 MULTISPECIES: DmsE family decaheme c-type cytochrome [unclassified Colwellia]
WP_028116483.1	other	Ferrimonas senticii	404.2	229.3	WP_028116483.1 DmsE family decaheme c-type cytochrome [Ferrimonas senticii]
WP_248953184.1	Shewanella_DmsE	Shewanella chilikensis	403.2	185.7	WP_248953184.1 DmsE family decaheme c-type cytochrome [Shewanella chilikensis]
WP_229780020.1	Shewanella_DmsE	Shewanella gelidii	398.8	195.0	WP_229780020.1 DmsE family decaheme c-type cytochrome, partial [Shewanella gelidii]
WP_043140853.1	other	Aeromonas bestiarum	397.3	270.5	WP_043140853.1 DmsE family decaheme c-type cytochrome [Aeromonas bestiarum]
WP_100295281.1	other	Aeromonas cavernicola	396.6	276.8	WP_100295281.1 DmsE family decaheme c-type cytochrome [Aeromonas cavernicola]
WP_310598216.1	other	Aeromonas aquatica	396.3	261.7	WP_310598216.1 DmsE family decaheme c-type cytochrome [Aeromonas aquatica]
WP_241342214.1	other	Aeromonas sp. MR16	396.2	262.4	WP_241342214.1 DmsE family decaheme c-type cytochrome [Aeromonas sp. MR16]
WP_033131996.1	other	Aeromonas aquatica	396.1	262.1	WP_033131996.1 DmsE family decaheme c-type cytochrome [Aeromonas aquatica]
WP_373359507.1	other	Aeromonas dhakensis	395.8	267.7	WP_373359507.1 DmsE family decaheme c-type cytochrome [Aeromonas dhakensis]
XIA71677.1	other	Aeromonas dhakensis	395.5	270.8	XIA71677.1 DmsE family decaheme c-type cytochrome [Aeromonas dhakensis]
WP_279451170.1	other	Aeromonas dhakensis	395.5	270.8	WP_279451170.1 DmsE family decaheme c-type cytochrome [Aeromonas dhakensis]
WP_042866040.1	other	Aeromonas	395.4	270.7	WP_042866040.1 MULTISPECIES: DmsE family decaheme c-type cytochrome [Aeromonas]
WP_454470525.1	other	Aeromonas piscicola	395.3	268.9	WP_454470525.1 DmsE family decaheme c-type cytochrome [Aeromonas piscicola]
WP_101617402.1	other	Aeromonas	395.2	269.7	WP_101617402.1 MULTISPECIES: DmsE family decaheme c-type cytochrome [Aeromonas]
AWA07179.1	other	Aeromonas hydrophila subsp. hydrophila	395.2	269.7	AWA07179.1 DmsE family decaheme c-type cytochrome [Aeromonas hydrophila subsp. hydrophila]
UUT61401.1	other	Aeromonas hydrophila	395.2	269.7	UUT61401.1 DmsE family decaheme c-type cytochrome [Aeromonas hydrophila]
WP_339331124.1	other	Aeromonas hydrophila	394.8	269.4	WP_339331124.1 DmsE family decaheme c-type cytochrome [Aeromonas hydrophila]
WP_308424046.1	Shewanella_DmsE	Shewanella gelidii	394.7	197.9	WP_308424046.1 DmsE family decaheme c-type cytochrome, partial [Shewanella gelidii]
WP_476003225.1	other	Aeromonas sp. TECH754	394.7	261.5	WP_476003225.1 DmsE family decaheme c-type cytochrome [Aeromonas sp. TECH754]
WOX50988.1	other	Aeromonas sp. CD	394.6	271.5	WOX50988.1 DmsE family decaheme c-type cytochrome [Aeromonas sp. CD]
WP_318163691.1	other	Aeromonas sp. CD	394.6	271.5	WP_318163691.1 DmsE family decaheme c-type cytochrome [Aeromonas sp. CD]
WP_421157366.1	other	Aeromonas dhakensis	394.4	269.7	WP_421157366.1 DmsE family decaheme c-type cytochrome [Aeromonas dhakensis]
WP_479314303.1	other	Aeromonas hydrophila	394.4	271.0	WP_479314303.1 DmsE family decaheme c-type cytochrome [Aeromonas hydrophila]
WP_290042491.1	other	Aeromonas piscicola	394.4	270.6	WP_290042491.1 DmsE family decaheme c-type cytochrome [Aeromonas piscicola]
WP_429014718.1	other	Aeromonas hydrophila	394.2	271.8	WP_429014718.1 DmsE family decaheme c-type cytochrome [Aeromonas hydrophila]
WP_408791827.1	other	Aeromonas hydrophila	394.2	270.8	WP_408791827.1 DmsE family decaheme c-type cytochrome [Aeromonas hydrophila]
CAQ8795914.1	other	Aeromonas hydrophila	394.2	270.8	CAQ8795914.1 MAG: DmsE family decaheme c-type cytochrome [Aeromonas hydrophila]
QSR77690.1	other	Aeromonas hydrophila	394.1	268.5	QSR77690.1 DmsE family decaheme c-type cytochrome [Aeromonas hydrophila]
UMQ36339.1	other	Aeromonas hydrophila	394.1	268.5	UMQ36339.1 DmsE family decaheme c-type cytochrome [Aeromonas hydrophila]
WP_416016091.1	other	Aeromonas sp. A04	394.1	268.6	WP_416016091.1 DmsE family decaheme c-type cytochrome [Aeromonas sp. A04]
UNU34216.1	other	Aeromonas hydrophila	394.1	268.5	UNU34216.1 DmsE family decaheme c-type cytochrome [Aeromonas hydrophila]
QSR51202.1	other	Aeromonas hydrophila	394.1	268.5	QSR51202.1 DmsE family decaheme c-type cytochrome [Aeromonas hydrophila]
QSR68126.1	other	Aeromonas hydrophila	394.1	268.5	QSR68126.1 DmsE family decaheme c-type cytochrome [Aeromonas hydrophila]
WP_206818151.1	other	Aeromonas hydrophila	394.1	268.5	WP_206818151.1 DmsE family decaheme c-type cytochrome [Aeromonas hydrophila]
QSR63895.1	other	Aeromonas hydrophila	394.1	268.5	QSR63895.1 DmsE family decaheme c-type cytochrome [Aeromonas hydrophila]
UNU38434.1	other	Aeromonas hydrophila	394.1	268.5	UNU38434.1 DmsE family decaheme c-type cytochrome [Aeromonas hydrophila]
UMQ44872.1	other	Aeromonas hydrophila	394.1	268.5	UMQ44872.1 DmsE family decaheme c-type cytochrome [Aeromonas hydrophila]
QSR81882.1	other	Aeromonas hydrophila	394.1	268.5	QSR81882.1 DmsE family decaheme c-type cytochrome [Aeromonas hydrophila]
QSR59693.1	other	Aeromonas hydrophila	394.1	268.5	QSR59693.1 DmsE family decaheme c-type cytochrome [Aeromonas hydrophila]
WP_264303499.1	other	Aeromonas piscicola	394.1	267.5	WP_264303499.1 DmsE family decaheme c-type cytochrome [Aeromonas piscicola]
QWL79314.1	other	Aeromonas hydrophila	394.0	269.7	QWL79314.1 DmsE family decaheme c-type cytochrome [Aeromonas hydrophila]
WP_412840029.1	other	Aeromonas dhakensis	394.0	269.8	WP_412840029.1 DmsE family decaheme c-type cytochrome [Aeromonas dhakensis]
WP_386892150.1	other	Aeromonas hydrophila	394.0	269.2	WP_386892150.1 DmsE family decaheme c-type cytochrome [Aeromonas hydrophila]
WP_029299992.1	other	Aeromonas	394.0	269.7	WP_029299992.1 MULTISPECIES: DmsE family decaheme c-type cytochrome [Aeromonas]
WP_438399537.1	other	Aeromonas hydrophila	394.0	271.1	WP_438399537.1 DmsE family decaheme c-type cytochrome [Aeromonas hydrophila]
WP_456495622.1	other	Aeromonas enterica	393.9	271.1	WP_456495622.1 DmsE family decaheme c-type cytochrome [Aeromonas enterica]
QXA14998.1	other	Aeromonas sp. FDAARGOS 1403	393.9	271.3	QXA14998.1 DmsE family decaheme c-type cytochrome [Aeromonas sp. FDAARGOS 1403]
UBQ51253.1	other	Aeromonas hydrophila	393.9	270.3	UBQ51253.1 DmsE family decaheme c-type cytochrome [Aeromonas hydrophila]
WP_314921896.1	other	Aeromonas piscicola	393.9	268.5	WP_314921896.1 DmsE family decaheme c-type cytochrome [Aeromonas piscicola]
WP_146061266.1	other	Aeromonas	393.9	269.8	WP_146061266.1 MULTISPECIES: DmsE family decaheme c-type cytochrome [Aeromonas]
WP_216973083.1	other	Aeromonas	393.9	271.3	WP_216973083.1 MULTISPECIES: DmsE family decaheme c-type cytochrome [Aeromonas]
WRK93054.1	other	Aeromonas hydrophila	393.9	270.3	WRK93054.1 DmsE family decaheme c-type cytochrome [Aeromonas hydrophila]
WP_045789439.1	other	Aeromonas hydrophila	393.9	270.3	WP_045789439.1 DmsE family decaheme c-type cytochrome [Aeromonas hydrophila]
WP_482284750.1	other	Aeromonas hydrophila	393.9	269.5	WP_482284750.1 DmsE family decaheme c-type cytochrome [Aeromonas hydrophila]
WP_139726049.1	other	Aeromonas	393.8	270.1	WP_139726049.1 MULTISPECIES: DmsE family decaheme c-type cytochrome [Aeromonas]
WAF96476.1	other	Aeromonas sp. BC14	393.8	269.7	WAF96476.1 DmsE family decaheme c-type cytochrome [Aeromonas sp. BC14]
WP_139392812.1	other	Aeromonas hydrophila	393.8	270.1	WP_139392812.1 DmsE family decaheme c-type cytochrome [Aeromonas hydrophila]
WP_244088780.1	other	Aeromonas hydrophila	393.8	270.2	WP_244088780.1 DmsE family decaheme c-type cytochrome [Aeromonas hydrophila]
XZA47775.1	other	Aeromonas hydrophila	393.7	270.5	XZA47775.1 DmsE family decaheme c-type cytochrome [Aeromonas hydrophila]
XYY02700.1	other	Aeromonas hydrophila	393.7	270.5	XYY02700.1 DmsE family decaheme c-type cytochrome [Aeromonas hydrophila]
WP_408827311.1	other	Aeromonas hydrophila	393.7	269.9	WP_408827311.1 DmsE family decaheme c-type cytochrome [Aeromonas hydrophila]
QJT14833.1	other	Aeromonas sp. 2692-1	393.7	270.5	QJT14833.1 DmsE family decaheme c-type cytochrome [Aeromonas sp. 2692-1]
YAC80384.1	other	Aeromonas hydrophila	393.7	270.5	YAC80384.1 DmsE family decaheme c-type cytochrome [Aeromonas hydrophila]
SIQ69073.1	other	Aeromonas hydrophila	393.7	270.5	SIQ69073.1 decaheme c-type cytochrome, DmsE family [Aeromonas hydrophila]
WP_448763105.1	other	Aeromonas hydrophila	393.7	269.6	WP_448763105.1 DmsE family decaheme c-type cytochrome [Aeromonas hydrophila]
WEF00519.1	other	Aeromonas hydrophila	393.7	270.5	WEF00519.1 DmsE family decaheme c-type cytochrome [Aeromonas hydrophila]
UOV93628.1	other	Aeromonas hydrophila	393.7	270.5	UOV93628.1 DmsE family decaheme c-type cytochrome [Aeromonas hydrophila]
XYZ16064.1	other	Aeromonas hydrophila	393.7	270.5	XYZ16064.1 DmsE family decaheme c-type cytochrome [Aeromonas hydrophila]
WDF92230.1	other	Aeromonas hydrophila subsp. hydrophila	393.7	270.5	WDF92230.1 DmsE family decaheme c-type cytochrome [Aeromonas hydrophila subsp. hydrophila]
BHF01538.1	other	Aeromonas hydrophila	393.7	270.0	BHF01538.1 DmsE family decaheme c-type cytochrome [Aeromonas hydrophila]
XZA38701.1	other	Aeromonas hydrophila	393.7	270.5	XZA38701.1 DmsE family decaheme c-type cytochrome [Aeromonas hydrophila]
XRJ33308.1	other	Aeromonas oralensis	393.7	270.5	XRJ33308.1 DmsE family decaheme c-type cytochrome [Aeromonas oralensis]
WP_323952730.1	other	Aeromonas hydrophila	393.7	271.3	WP_323952730.1 DmsE family decaheme c-type cytochrome [Aeromonas hydrophila]
WP_011706573.1	other	Aeromonas	393.7	270.0	WP_011706573.1 MULTISPECIES: DmsE family decaheme c-type cytochrome [Aeromonas]
XYZ52301.1	other	Aeromonas dhakensis	393.7	270.0	XYZ52301.1 DmsE family decaheme c-type cytochrome [Aeromonas dhakensis]
QIO17901.1	other	Aeromonas hydrophila	393.7	270.5	QIO17901.1 DmsE family decaheme c-type cytochrome [Aeromonas hydrophila]
BGP76046.1	other	Aeromonas hydrophila	393.7	270.5	BGP76046.1 DmsE family decaheme c-type cytochrome [Aeromonas hydrophila]
QNF23704.1	other	Aeromonas hydrophila	393.7	270.5	QNF23704.1 DmsE family decaheme c-type cytochrome [Aeromonas hydrophila]
SIQ72527.1	other	Aeromonas hydrophila	393.7	270.5	SIQ72527.1 decaheme c-type cytochrome, DmsE family [Aeromonas hydrophila]
XYZ11646.1	other	Aeromonas hydrophila	393.7	270.5	XYZ11646.1 DmsE family decaheme c-type cytochrome [Aeromonas hydrophila]
BHF04703.1	other	Aeromonas hydrophila	393.7	270.5	BHF04703.1 DmsE family decaheme c-type cytochrome [Aeromonas hydrophila]
USJ78266.1	other	Aeromonas hydrophila	393.7	270.5	USJ78266.1 DmsE family decaheme c-type cytochrome [Aeromonas hydrophila]
QJT19711.1	other	Aeromonas sp. 1805	393.7	270.5	QJT19711.1 DmsE family decaheme c-type cytochrome [Aeromonas sp. 1805]
XYZ20502.1	other	Aeromonas hydrophila	393.7	270.5	XYZ20502.1 DmsE family decaheme c-type cytochrome [Aeromonas hydrophila]
UUT52057.1	other	Aeromonas hydrophila	393.7	270.5	UUT52057.1 DmsE family decaheme c-type cytochrome [Aeromonas hydrophila]
XZA50688.1	other	Aeromonas hydrophila	393.7	270.5	XZA50688.1 DmsE family decaheme c-type cytochrome [Aeromonas hydrophila]
XYZ50381.1	other	Aeromonas dhakensis	393.7	270.0	XYZ50381.1 DmsE family decaheme c-type cytochrome [Aeromonas dhakensis]
BHM26147.1	other	Aeromonas hydrophila	393.7	270.0	BHM26147.1 DmsE family decaheme c-type cytochrome [Aeromonas hydrophila]
WP_016351216.1	other	Aeromonas	393.7	270.5	WP_016351216.1 MULTISPECIES: DmsE family decaheme c-type cytochrome [Aeromonas]
WVM47052.1	other	Aeromonas hydrophila	393.7	270.5	WVM47052.1 DmsE family decaheme c-type cytochrome [Aeromonas hydrophila]
XYZ07198.1	other	Aeromonas hydrophila	393.7	270.5	XYZ07198.1 DmsE family decaheme c-type cytochrome [Aeromonas hydrophila]
QNF21343.1	other	Aeromonas hydrophila	393.7	270.5	QNF21343.1 DmsE family decaheme c-type cytochrome [Aeromonas hydrophila]
QGZ72488.1	other	Aeromonas hydrophila	393.7	270.5	QGZ72488.1 DmsE family decaheme c-type cytochrome [Aeromonas hydrophila]
UNU29107.1	other	Aeromonas hydrophila	393.7	270.0	UNU29107.1 DmsE family decaheme c-type cytochrome [Aeromonas hydrophila]
XIH98556.1	other	Aeromonas hydrophila	393.7	270.5	XIH98556.1 DmsE family decaheme c-type cytochrome [Aeromonas hydrophila]
WP_274439183.1	other	Aeromonas hydrophila	393.6	268.4	WP_274439183.1 DmsE family decaheme c-type cytochrome [Aeromonas hydrophila]
WP_242763378.1	other	Aeromonas dhakensis	393.6	268.0	WP_242763378.1 DmsE family decaheme c-type cytochrome [Aeromonas dhakensis]
WP_060390196.1	other	Aeromonas hydrophila	393.6	270.1	WP_060390196.1 DmsE family decaheme c-type cytochrome [Aeromonas hydrophila]
UNU87238.1	other	Aeromonas dhakensis	393.6	268.0	UNU87238.1 DmsE family decaheme c-type cytochrome [Aeromonas dhakensis]
WP_323973231.1	other	Aeromonas hydrophila	393.5	266.8	WP_323973231.1 DmsE family decaheme c-type cytochrome [Aeromonas hydrophila]
WP_257685370.1	other	Aeromonas hydrophila	393.5	269.0	WP_257685370.1 DmsE family decaheme c-type cytochrome [Aeromonas hydrophila]
WP_039214188.1	other	Aeromonas hydrophila	393.5	270.4	WP_039214188.1 DmsE family decaheme c-type cytochrome [Aeromonas hydrophila]
WP_378008419.1	other	Aeromonas hydrophila	393.5	267.2	WP_378008419.1 DmsE family decaheme c-type cytochrome [Aeromonas hydrophila]
WP_290022624.1	other	Aeromonas bestiarum	393.4	267.5	WP_290022624.1 DmsE family decaheme c-type cytochrome [Aeromonas bestiarum]
WP_043556584.1	other	Aeromonas bestiarum	393.4	269.3	WP_043556584.1 DmsE family decaheme c-type cytochrome [Aeromonas bestiarum]
WP_348684935.1	other	Aeromonas bestiarum	393.4	269.0	WP_348684935.1 DmsE family decaheme c-type cytochrome [Aeromonas bestiarum]
WP_241279879.1	other	Aeromonas	393.4	269.7	WP_241279879.1 MULTISPECIES: DmsE family decaheme c-type cytochrome [Aeromonas]
WDL84075.1	other	Aeromonas bestiarum	393.4	269.7	WDL84075.1 DmsE family decaheme c-type cytochrome [Aeromonas bestiarum]
CAM4183525.1	other	Aeromonas bestiarum	393.4	269.3	CAM4183525.1 DmsE family decaheme c-type cytochrome [Aeromonas bestiarum]
XHT24647.1	other	Aeromonas bestiarum	393.4	269.3	XHT24647.1 DmsE family decaheme c-type cytochrome [Aeromonas bestiarum]
WP_440890572.1	other	Aeromonas hydrophila	393.3	268.3	WP_440890572.1 DmsE family decaheme c-type cytochrome [Aeromonas hydrophila]
XYZ21820.1	other	Aeromonas hydrophila	393.3	268.3	XYZ21820.1 DmsE family decaheme c-type cytochrome [Aeromonas hydrophila]
QKG00215.1	other	Aeromonas hydrophila	393.2	268.3	QKG00215.1 DmsE family decaheme c-type cytochrome [Aeromonas hydrophila]
WP_270802494.1	other	unclassified Aeromonas	393.2	269.8	WP_270802494.1 MULTISPECIES: DmsE family decaheme c-type cytochrome [unclassified Aeromonas]
WAG01872.1	other	Aeromonas hydrophila	393.2	268.3	WAG01872.1 DmsE family decaheme c-type cytochrome [Aeromonas hydrophila]
WP_024945941.1	other	Aeromonas	393.2	268.3	WP_024945941.1 MULTISPECIES: DmsE family decaheme c-type cytochrome [Aeromonas]
WP_273763900.1	other	Aeromonas hydrophila	393.2	270.4	WP_273763900.1 DmsE family decaheme c-type cytochrome [Aeromonas hydrophila]
WP_268030466.1	other	Aeromonas hydrophila	393.2	268.8	WP_268030466.1 DmsE family decaheme c-type cytochrome [Aeromonas hydrophila]
WAG17176.1	other	Aeromonas hydrophila	393.2	268.8	WAG17176.1 DmsE family decaheme c-type cytochrome [Aeromonas hydrophila]
XSF21596.1	other	Aeromonas hydrophila	393.2	268.3	XSF21596.1 DmsE family decaheme c-type cytochrome [Aeromonas hydrophila]
WAF89156.1	other	Aeromonas hydrophila	393.2	268.3	WAF89156.1 DmsE family decaheme c-type cytochrome [Aeromonas hydrophila]
WP_043164747.1	other	Aeromonas hydrophila	393.2	272.8	WP_043164747.1 DmsE family decaheme c-type cytochrome [Aeromonas hydrophila]
WP_324016116.1	other	Aeromonas hydrophila	393.2	270.0	WP_324016116.1 DmsE family decaheme c-type cytochrome [Aeromonas hydrophila]
WP_065476830.1	other	Aeromonas hydrophila	393.1	269.6	WP_065476830.1 DmsE family decaheme c-type cytochrome [Aeromonas hydrophila]
WP_411603474.1	other	Aeromonas dhakensis	393.1	269.6	WP_411603474.1 DmsE family decaheme c-type cytochrome [Aeromonas dhakensis]
WP_438377008.1	other	Aeromonas hydrophila	393.0	268.6	WP_438377008.1 DmsE family decaheme c-type cytochrome [Aeromonas hydrophila]
WP_227291168.1	other	Aeromonas hydrophila	393.0	274.8	WP_227291168.1 DmsE family decaheme c-type cytochrome [Aeromonas hydrophila]
WP_336988582.1	other	Aeromonas hydrophila	392.9	268.2	WP_336988582.1 DmsE family decaheme c-type cytochrome [Aeromonas hydrophila]
WP_017411271.1	other	Aeromonas hydrophila	392.9	271.6	WP_017411271.1 DmsE family decaheme c-type cytochrome [Aeromonas hydrophila]
WP_429069588.1	other	Aeromonas dhakensis	392.8	269.8	WP_429069588.1 DmsE family decaheme c-type cytochrome [Aeromonas dhakensis]
WP_117403015.1	other	Aeromonas dhakensis	392.8	272.3	WP_117403015.1 DmsE family decaheme c-type cytochrome [Aeromonas dhakensis]
RFS28856.1	other	Aeromonas dhakensis	392.8	272.3	RFS28856.1 DmsE family decaheme c-type cytochrome [Aeromonas dhakensis]
QWL74371.1	other	Aeromonas hydrophila	392.7	270.8	QWL74371.1 DmsE family decaheme c-type cytochrome [Aeromonas hydrophila]
WP_029303917.1	other	Aeromonas hydrophila	392.7	272.6	WP_029303917.1 DmsE family decaheme c-type cytochrome [Aeromonas hydrophila]
WP_319898804.1	other	Aeromonas hydrophila	392.7	272.2	WP_319898804.1 DmsE family decaheme c-type cytochrome [Aeromonas hydrophila]
WP_429151929.1	other	Aeromonas hydrophila	392.7	272.1	WP_429151929.1 DmsE family decaheme c-type cytochrome [Aeromonas hydrophila]
UNB60038.1	other	Aeromonas hydrophila	392.7	272.6	UNB60038.1 DmsE family decaheme c-type cytochrome [Aeromonas hydrophila]
WP_421184180.1	other	Aeromonas hydrophila	392.6	270.4	WP_421184180.1 DmsE family decaheme c-type cytochrome [Aeromonas hydrophila]
WP_124252930.1	other	Aeromonas hydrophila	392.5	269.9	WP_124252930.1 DmsE family decaheme c-type cytochrome [Aeromonas hydrophila]
WP_252452746.1	other	Aeromonas hydrophila	392.5	270.0	WP_252452746.1 DmsE family decaheme c-type cytochrome [Aeromonas hydrophila]
RQM65146.1	other	Aeromonas hydrophila	392.5	269.9	RQM65146.1 DmsE family decaheme c-type cytochrome [Aeromonas hydrophila]
WP_368206121.1	other	Aeromonas	392.5	270.4	WP_368206121.1 MULTISPECIES: DmsE family decaheme c-type cytochrome [Aeromonas]
WP_208201554.1	other	Aeromonas dhakensis	392.4	270.1	WP_208201554.1 DmsE family decaheme c-type cytochrome [Aeromonas dhakensis]
WP_279974569.1	other	Aeromonas dhakensis	392.4	270.1	WP_279974569.1 DmsE family decaheme c-type cytochrome [Aeromonas dhakensis]
WP_408802689.1	other	Aeromonas dhakensis	392.4	269.7	WP_408802689.1 DmsE family decaheme c-type cytochrome [Aeromonas dhakensis]
WP_408763081.1	other	Aeromonas hydrophila	392.4	268.5	WP_408763081.1 DmsE family decaheme c-type cytochrome [Aeromonas hydrophila]
WP_287147615.1	other	Aeromonas	392.4	267.6	WP_287147615.1 MULTISPECIES: DmsE family decaheme c-type cytochrome [Aeromonas]
BEJ48865.1	other	Aeromonas dhakensis	392.3	270.2	BEJ48865.1 DmsE family decaheme c-type cytochrome [Aeromonas dhakensis]
QSR42886.1	other	Aeromonas dhakensis	392.3	270.5	QSR42886.1 DmsE family decaheme c-type cytochrome [Aeromonas dhakensis]
WP_206866760.1	other	Aeromonas dhakensis	392.3	270.5	WP_206866760.1 DmsE family decaheme c-type cytochrome [Aeromonas dhakensis]
WP_010633519.1	other	Aeromonas	392.3	270.2	WP_010633519.1 MULTISPECIES: DmsE family decaheme c-type cytochrome [Aeromonas]
WP_103472826.1	other	Aeromonas bestiarum	392.3	269.1	WP_103472826.1 DmsE family decaheme c-type cytochrome [Aeromonas bestiarum]
WP_042034551.1	other	Aeromonas popoffii	392.2	265.1	WP_042034551.1 DmsE family decaheme c-type cytochrome [Aeromonas popoffii]
WP_411611536.1	other	Aeromonas dhakensis	392.2	268.1	WP_411611536.1 DmsE family decaheme c-type cytochrome [Aeromonas dhakensis]
WP_045527379.1	other	Aeromonas hydrophila	392.1	268.6	WP_045527379.1 DmsE family decaheme c-type cytochrome [Aeromonas hydrophila]
WP_421148942.1	other	Aeromonas dhakensis	392.1	269.3	WP_421148942.1 DmsE family decaheme c-type cytochrome [Aeromonas dhakensis]
QPR89896.1	other	Aeromonas hydrophila	392.1	268.6	QPR89896.1 DmsE family decaheme c-type cytochrome [Aeromonas hydrophila]
UON55003.1	other	Aeromonas hydrophila	392.1	268.6	UON55003.1 DmsE family decaheme c-type cytochrome [Aeromonas hydrophila]
WP_421171288.1	other	Aeromonas dhakensis	391.9	266.5	WP_421171288.1 DmsE family decaheme c-type cytochrome [Aeromonas dhakensis]
UCM43735.1	other	Aeromonas dhakensis	391.9	269.9	UCM43735.1 DmsE family decaheme c-type cytochrome [Aeromonas dhakensis]
WP_123247403.1	other	Aeromonas dhakensis	391.9	269.9	WP_123247403.1 DmsE family decaheme c-type cytochrome [Aeromonas dhakensis]
WP_438559604.1	other	Aeromonas popoffii	391.9	265.4	WP_438559604.1 DmsE family decaheme c-type cytochrome [Aeromonas popoffii]
WAF69388.1	other	Aeromonas dhakensis	391.8	270.2	WAF69388.1 DmsE family decaheme c-type cytochrome [Aeromonas dhakensis]
WP_257689539.1	other	Aeromonas hydrophila	391.8	269.4	WP_257689539.1 DmsE family decaheme c-type cytochrome [Aeromonas hydrophila]
EKB27626.1	other	Aeromonas dhakensis	391.8	270.7	EKB27626.1 DmsE family decaheme c-type cytochrome [Aeromonas dhakensis]
QSR55386.1	other	Aeromonas dhakensis	391.8	270.2	QSR55386.1 DmsE family decaheme c-type cytochrome [Aeromonas dhakensis]
WAF78451.1	other	Aeromonas dhakensis	391.8	270.2	WAF78451.1 DmsE family decaheme c-type cytochrome [Aeromonas dhakensis]
WAF99209.1	other	Aeromonas dhakensis	391.8	270.2	WAF99209.1 DmsE family decaheme c-type cytochrome [Aeromonas dhakensis]
GAC1852964.1	other	Aeromonas dhakensis	391.8	270.2	GAC1852964.1 DmsE family decaheme c-type cytochrome [Aeromonas dhakensis]
WAG09697.1	other	Aeromonas dhakensis	391.8	270.2	WAG09697.1 DmsE family decaheme c-type cytochrome [Aeromonas dhakensis]
USP08459.1	other	Aeromonas dhakensis	391.8	270.2	USP08459.1 DmsE family decaheme c-type cytochrome [Aeromonas dhakensis]
WAF74206.1	other	Aeromonas dhakensis	391.8	270.2	WAF74206.1 DmsE family decaheme c-type cytochrome [Aeromonas dhakensis]
WP_005302688.1	other	Aeromonas dhakensis	391.8	270.7	WP_005302688.1 DmsE family decaheme c-type cytochrome [Aeromonas dhakensis]
WP_054544523.1	other	Aeromonas dhakensis	391.8	270.2	WP_054544523.1 DmsE family decaheme c-type cytochrome [Aeromonas dhakensis]
WP_223951728.1	other	Aeromonas hydrophila	391.7	272.8	WP_223951728.1 DmsE family decaheme c-type cytochrome [Aeromonas hydrophila]
WP_438372079.1	other	Aeromonas hydrophila	391.7	266.8	WP_438372079.1 DmsE family decaheme c-type cytochrome [Aeromonas hydrophila]
WPC69083.1	other	Aeromonas hydrophila	391.7	270.3	WPC69083.1 DmsE family decaheme c-type cytochrome [Aeromonas hydrophila]
WP_421213010.1	other	Aeromonas dhakensis	391.7	268.6	WP_421213010.1 DmsE family decaheme c-type cytochrome [Aeromonas dhakensis]
WP_244365885.1	other	Aeromonas dhakensis	391.7	268.3	WP_244365885.1 DmsE family decaheme c-type cytochrome [Aeromonas dhakensis]
WP_421143000.1	other	Aeromonas dhakensis	391.7	270.1	WP_421143000.1 DmsE family decaheme c-type cytochrome [Aeromonas dhakensis]
WDA26008.1	other	Aeromonas hydrophila	391.6	269.9	WDA26008.1 DmsE family decaheme c-type cytochrome [Aeromonas hydrophila]
QBX70874.1	other	Aeromonas hydrophila	391.6	269.9	QBX70874.1 DmsE family decaheme c-type cytochrome [Aeromonas hydrophila]
UCM60249.1	other	Aeromonas hydrophila	391.6	269.9	UCM60249.1 DmsE family decaheme c-type cytochrome [Aeromonas hydrophila]
WP_337077287.1	other	Aeromonas dhakensis	391.6	267.7	WP_337077287.1 DmsE family decaheme c-type cytochrome [Aeromonas dhakensis]
UCM59060.1	other	Aeromonas hydrophila	391.6	269.9	UCM59060.1 DmsE family decaheme c-type cytochrome [Aeromonas hydrophila]
WGY33768.1	other	Aeromonas hydrophila	391.6	269.3	WGY33768.1 DmsE family decaheme c-type cytochrome [Aeromonas hydrophila]
WP_282467593.1	other	Aeromonas hydrophila	391.6	269.3	WP_282467593.1 DmsE family decaheme c-type cytochrome [Aeromonas hydrophila]
QBX75599.1	other	Aeromonas hydrophila	391.6	269.9	QBX75599.1 DmsE family decaheme c-type cytochrome [Aeromonas hydrophila]
WES91885.1	other	Aeromonas hydrophila	391.6	269.9	WES91885.1 DmsE family decaheme c-type cytochrome [Aeromonas hydrophila]
WP_077097851.1	other	Aeromonas	391.6	269.9	WP_077097851.1 MULTISPECIES: DmsE family decaheme c-type cytochrome [Aeromonas]
WP_236766704.1	other	Aeromonas	391.5	270.0	WP_236766704.1 MULTISPECIES: DmsE family decaheme c-type cytochrome [Aeromonas]
WP_201971414.1	other	Aeromonas dhakensis	391.5	268.6	WP_201971414.1 DmsE family decaheme c-type cytochrome [Aeromonas dhakensis]
WP_187268391.1	other	Aeromonas hydrophila	391.3	266.7	WP_187268391.1 DmsE family decaheme c-type cytochrome [Aeromonas hydrophila]
WP_166463971.1	other	Aeromonas hydrophila	391.3	273.2	WP_166463971.1 DmsE family decaheme c-type cytochrome [Aeromonas hydrophila]
WP_324039569.1	other	Aeromonas dhakensis	391.3	269.0	WP_324039569.1 DmsE family decaheme c-type cytochrome [Aeromonas dhakensis]
WDF93265.1	other	Aeromonas dhakensis	391.2	268.9	WDF93265.1 DmsE family decaheme c-type cytochrome [Aeromonas dhakensis]
WP_042008438.1	other	Aeromonas dhakensis	391.2	268.4	WP_042008438.1 DmsE family decaheme c-type cytochrome [Aeromonas dhakensis]
WP_408839987.1	other	Aeromonas dhakensis	391.2	269.8	WP_408839987.1 DmsE family decaheme c-type cytochrome [Aeromonas dhakensis]
WP_274181313.1	other	Aeromonas dhakensis	391.2	268.9	WP_274181313.1 DmsE family decaheme c-type cytochrome [Aeromonas dhakensis]
WP_211052027.1	other	Aeromonas dhakensis	391.1	270.6	WP_211052027.1 DmsE family decaheme c-type cytochrome [Aeromonas dhakensis]
WP_408756136.1	other	Aeromonas hydrophila	391.0	267.7	WP_408756136.1 DmsE family decaheme c-type cytochrome [Aeromonas hydrophila]
WP_368160717.1	other	Aeromonas	391.0	268.9	WP_368160717.1 MULTISPECIES: DmsE family decaheme c-type cytochrome [Aeromonas]
WP_482297294.1	other	Aeromonas hydrophila	390.9	266.3	WP_482297294.1 DmsE family decaheme c-type cytochrome [Aeromonas hydrophila]
WP_260753679.1	other	Aeromonas dhakensis	390.9	268.3	WP_260753679.1 DmsE family decaheme c-type cytochrome [Aeromonas dhakensis]
UXB11516.1	other	Aeromonas dhakensis	390.9	268.3	UXB11516.1 DmsE family decaheme c-type cytochrome [Aeromonas dhakensis]
UCM51861.1	other	Aeromonas dhakensis	390.8	268.5	UCM51861.1 DmsE family decaheme c-type cytochrome [Aeromonas dhakensis]
WP_482298783.1	other	Aeromonas hydrophila	390.8	269.7	WP_482298783.1 DmsE family decaheme c-type cytochrome [Aeromonas hydrophila]
WWR63371.1	other	Aeromonas hydrophila	390.8	268.5	WWR63371.1 DmsE family decaheme c-type cytochrome [Aeromonas hydrophila]
XYZ34857.1	other	Aeromonas dhakensis	390.8	268.5	XYZ34857.1 DmsE family decaheme c-type cytochrome [Aeromonas dhakensis]
WRT74627.1	other	Aeromonas dhakensis	390.8	268.5	WRT74627.1 DmsE family decaheme c-type cytochrome [Aeromonas dhakensis]
XYZ30444.1	other	Aeromonas dhakensis	390.8	268.5	XYZ30444.1 DmsE family decaheme c-type cytochrome [Aeromonas dhakensis]
WPS57105.1	other	Aeromonas dhakensis	390.8	268.5	WPS57105.1 DmsE family decaheme c-type cytochrome [Aeromonas dhakensis]
WP_323937875.1	other	Aeromonas hydrophila	390.8	272.6	WP_323937875.1 DmsE family decaheme c-type cytochrome [Aeromonas hydrophila]
WP_065017032.1	other	Aeromonas dhakensis	390.8	269.0	WP_065017032.1 DmsE family decaheme c-type cytochrome [Aeromonas dhakensis]
XYZ39270.1	other	Aeromonas dhakensis	390.8	268.5	XYZ39270.1 DmsE family decaheme c-type cytochrome [Aeromonas dhakensis]
QXC10431.1	other	Aeromonas sp. FDAARGOS 1408	390.8	268.5	QXC10431.1 DmsE family decaheme c-type cytochrome [Aeromonas sp. FDAARGOS 1408]
XYZ43642.1	other	Aeromonas dhakensis	390.8	268.5	XYZ43642.1 DmsE family decaheme c-type cytochrome [Aeromonas dhakensis]
XYZ26046.1	other	Aeromonas dhakensis	390.8	268.5	XYZ26046.1 DmsE family decaheme c-type cytochrome [Aeromonas dhakensis]
WP_201882376.1	other	Aeromonas	390.8	268.5	WP_201882376.1 MULTISPECIES: DmsE family decaheme c-type cytochrome [Aeromonas]
WP_373341715.1	other	Aeromonas dhakensis	390.8	268.5	WP_373341715.1 DmsE family decaheme c-type cytochrome [Aeromonas dhakensis]
WP_194758770.1	other	Aeromonas hydrophila	390.7	266.2	WP_194758770.1 DmsE family decaheme c-type cytochrome [Aeromonas hydrophila]
WP_041216767.1	other	Aeromonas hydrophila	390.6	272.0	WP_041216767.1 DmsE family decaheme c-type cytochrome [Aeromonas hydrophila]
WP_421160530.1	other	Aeromonas dhakensis	390.6	270.0	WP_421160530.1 DmsE family decaheme c-type cytochrome [Aeromonas dhakensis]
WP_290019555.1	other	Aeromonas bestiarum	390.6	268.8	WP_290019555.1 DmsE family decaheme c-type cytochrome [Aeromonas bestiarum]
WP_282464212.1	other	Aeromonas sp. V90_14	390.6	270.2	WP_282464212.1 DmsE family decaheme c-type cytochrome [Aeromonas sp. V90_14]
WP_201892024.1	other	Aeromonas	390.6	269.2	WP_201892024.1 MULTISPECIES: DmsE family decaheme c-type cytochrome [Aeromonas]
WP_043169641.1	other	Aeromonas dhakensis	390.6	269.9	WP_043169641.1 DmsE family decaheme c-type cytochrome [Aeromonas dhakensis]
WP_323994321.1	other	Aeromonas hydrophila	390.5	267.4	WP_323994321.1 DmsE family decaheme c-type cytochrome [Aeromonas hydrophila]
WP_378012757.1	other	Aeromonas hydrophila	390.3	270.7	WP_378012757.1 DmsE family decaheme c-type cytochrome [Aeromonas hydrophila]
WP_323992115.1	other	Aeromonas dhakensis	390.2	270.2	WP_323992115.1 DmsE family decaheme c-type cytochrome [Aeromonas dhakensis]
WP_448009864.1	other	Aeromonas hydrophila	390.2	268.2	WP_448009864.1 DmsE family decaheme c-type cytochrome [Aeromonas hydrophila]
WP_095592436.1	other	Aeromonas dhakensis	390.1	269.2	WP_095592436.1 DmsE family decaheme c-type cytochrome [Aeromonas dhakensis]
WP_324054086.1	other	Aeromonas dhakensis	390.1	269.6	WP_324054086.1 DmsE family decaheme c-type cytochrome [Aeromonas dhakensis]
WP_290064829.1	other	Aeromonas bestiarum	390.1	268.3	WP_290064829.1 DmsE family decaheme c-type cytochrome [Aeromonas bestiarum]
WP_259232370.1	other	Aeromonas hydrophila	390.1	271.0	WP_259232370.1 DmsE family decaheme c-type cytochrome [Aeromonas hydrophila]
WP_017786217.1	other	Aeromonas dhakensis	390.1	270.4	WP_017786217.1 DmsE family decaheme c-type cytochrome [Aeromonas dhakensis]
WP_411619543.1	other	Aeromonas dhakensis	390.1	268.9	WP_411619543.1 DmsE family decaheme c-type cytochrome [Aeromonas dhakensis]
WP_288029979.1	other	Aeromonas sp.	390.0	263.7	WP_288029979.1 DmsE family decaheme c-type cytochrome [Aeromonas sp.]
WP_216978493.1	other	unclassified Aeromonas	389.8	274.5	WP_216978493.1 MULTISPECIES: DmsE family decaheme c-type cytochrome [unclassified Aeromonas]
QXB28415.1	other	Aeromonas sp. FDAARGOS 1405	389.8	274.5	QXB28415.1 DmsE family decaheme c-type cytochrome [Aeromonas sp. FDAARGOS 1405]
WP_482305350.1	other	Aeromonas dhakensis	389.5	269.0	WP_482305350.1 DmsE family decaheme c-type cytochrome [Aeromonas dhakensis]
WP_017778668.1	other	Aeromonas dhakensis	389.4	266.8	WP_017778668.1 DmsE family decaheme c-type cytochrome [Aeromonas dhakensis]
WP_236345122.1	other	Aeromonas veronii	389.3	276.0	WP_236345122.1 DmsE family decaheme c-type cytochrome [Aeromonas veronii]
WP_421259583.1	other	Aeromonas sp. 602826	389.2	274.7	WP_421259583.1 DmsE family decaheme c-type cytochrome [Aeromonas sp. 602826]
WP_033136690.1	other	Aeromonas finlandensis	389.2	265.6	WP_033136690.1 DmsE family decaheme c-type cytochrome [Aeromonas finlandensis]
WP_411606083.1	other	Aeromonas dhakensis	389.1	269.0	WP_411606083.1 DmsE family decaheme c-type cytochrome [Aeromonas dhakensis]
WP_276845886.1	other	Aeromonas hydrophila	389.0	266.4	WP_276845886.1 DmsE family decaheme c-type cytochrome [Aeromonas hydrophila]
WP_124251090.1	other	Aeromonas dhakensis	388.9	269.1	WP_124251090.1 DmsE family decaheme c-type cytochrome [Aeromonas dhakensis]
RQM79296.1	other	Aeromonas dhakensis	388.9	269.1	RQM79296.1 DmsE family decaheme c-type cytochrome [Aeromonas dhakensis]
WP_362848980.1	other	Aeromonas dhakensis	388.8	267.2	WP_362848980.1 DmsE family decaheme c-type cytochrome [Aeromonas dhakensis]
WP_005346795.1	other	Aeromonas	388.8	273.3	WP_005346795.1 MULTISPECIES: DmsE family decaheme c-type cytochrome [Aeromonas]
EKB18021.1	other	Aeromonas veronii AMC34	388.8	273.3	EKB18021.1 DmsE family decaheme c-type cytochrome [Aeromonas veronii AMC34]
WP_212512379.1	other	Aeromonas popoffii	388.5	263.6	WP_212512379.1 DmsE family decaheme c-type cytochrome [Aeromonas popoffii]
UDN24338.1	other	Aeromonas veronii	388.5	273.7	UDN24338.1 DmsE family decaheme c-type cytochrome [Aeromonas veronii]
WP_227342431.1	other	Aeromonas	388.5	273.7	WP_227342431.1 MULTISPECIES: DmsE family decaheme c-type cytochrome [Aeromonas]
WP_421251570.1	other	unclassified Aeromonas	388.4	272.9	WP_421251570.1 MULTISPECIES: DmsE family decaheme c-type cytochrome [unclassified Aeromonas]
WP_421255791.1	other	unclassified Aeromonas	388.3	273.1	WP_421255791.1 MULTISPECIES: DmsE family decaheme c-type cytochrome [unclassified Aeromonas]
WP_337072733.1	other	Aeromonas	388.2	274.6	WP_337072733.1 MULTISPECIES: DmsE family decaheme c-type cytochrome [Aeromonas]
WP_429113314.1	other	Aeromonas veronii	388.0	272.9	WP_429113314.1 DmsE family decaheme c-type cytochrome [Aeromonas veronii]
WP_378013520.1	other	Aeromonas dhakensis	387.9	269.9	WP_378013520.1 DmsE family decaheme c-type cytochrome [Aeromonas dhakensis]
WP_324043003.1	other	Aeromonas dhakensis	387.8	273.5	WP_324043003.1 DmsE family decaheme c-type cytochrome [Aeromonas dhakensis]
WP_044620734.1	other	Photobacterium gaetbulicola	387.5	248.2	WP_044620734.1 DmsE family decaheme c-type cytochrome [Photobacterium gaetbulicola]
WP_421353051.1	other	Aeromonas sp. 604443	387.4	272.7	WP_421353051.1 DmsE family decaheme c-type cytochrome [Aeromonas sp. 604443]
WP_252377458.1	other	Aeromonas hydrophila	387.3	265.5	WP_252377458.1 DmsE family decaheme c-type cytochrome [Aeromonas hydrophila]
QWL70383.1	other	Aeromonas hydrophila	387.3	265.5	QWL70383.1 DmsE family decaheme c-type cytochrome [Aeromonas hydrophila]
QWZ82029.1	other	Aeromonas sp. FDAARGOS 1414	386.8	272.1	QWZ82029.1 DmsE family decaheme c-type cytochrome [Aeromonas sp. FDAARGOS 1414]
WP_216953319.1	other	Aeromonas	386.8	272.1	WP_216953319.1 MULTISPECIES: DmsE family decaheme c-type cytochrome [Aeromonas]
WP_421183810.1	other	Aeromonas dhakensis	386.6	267.2	WP_421183810.1 DmsE family decaheme c-type cytochrome [Aeromonas dhakensis]
WP_283103669.1	Shewanella_DmsE	Shewanella gelidii	386.2	186.7	WP_283103669.1 DmsE family decaheme c-type cytochrome, partial [Shewanella gelidii]
WP_421206407.1	other	unclassified Aeromonas	385.8	274.2	WP_421206407.1 MULTISPECIES: DmsE family decaheme c-type cytochrome [unclassified Aeromonas]
WP_374866532.1	other	Aeromonas sp. MdU4	384.4	263.0	WP_374866532.1 DmsE family decaheme c-type cytochrome [Aeromonas sp. MdU4]
WP_107348999.1	other	Photobacterium lutimaris	383.9	243.9	WP_107348999.1 DmsE family decaheme c-type cytochrome [Photobacterium lutimaris]
TDR76286.1	other	Photobacterium lutimaris	383.9	243.9	TDR76286.1 DmsE family decaheme c-type cytochrome [Photobacterium lutimaris]
WP_060587035.1	other	Aeromonas schubertii	383.3	266.7	WP_060587035.1 DmsE family decaheme c-type cytochrome [Aeromonas schubertii]
WEM44440.1	other	Photobacterium sp. DA100	382.7	244.6	WEM44440.1 DmsE family decaheme c-type cytochrome (plasmid) [Photobacterium sp. DA100]
WP_281027863.1	other	Photobacterium sp. DA100	382.7	244.6	WP_281027863.1 DmsE family decaheme c-type cytochrome [Photobacterium sp. DA100]
WP_428774570.1	other	Vibrio sp.	382.2	257.4	WP_428774570.1 DmsE family decaheme c-type cytochrome [Vibrio sp.]
WP_039465632.1	other	Photobacterium gaetbulicola	382.1	245.5	WP_039465632.1 DmsE family decaheme c-type cytochrome [Photobacterium gaetbulicola]
WP_050667925.1	other	Aeromonas schubertii	381.7	266.0	WP_050667925.1 DmsE family decaheme c-type cytochrome [Aeromonas schubertii]
WP_368165685.1	other	Aeromonas sp. R9-1	381.1	266.4	WP_368165685.1 DmsE family decaheme c-type cytochrome [Aeromonas sp. R9-1]
WP_428645920.1	other	Photobacterium satsumensis	380.5	244.8	WP_428645920.1 DmsE family decaheme c-type cytochrome [Photobacterium satsumensis]
WP_368163997.1	other	Aeromonas sp. R6-2	380.4	264.5	WP_368163997.1 DmsE family decaheme c-type cytochrome [Aeromonas sp. R6-2]
QXO18597.1	other	Vibrio ostreae	380.0	255.8	QXO18597.1 DmsE family decaheme c-type cytochrome [Vibrio ostreae]
WP_218563034.1	other	Vibrio ostreae	380.0	255.8	WP_218563034.1 DmsE family decaheme c-type cytochrome [Vibrio ostreae]
QCG48916.1	other	Aeromonas schubertii	380.0	265.5	QCG48916.1 DmsE family decaheme c-type cytochrome [Aeromonas schubertii]
WP_136613985.1	other	Aeromonas schubertii	380.0	265.5	WP_136613985.1 DmsE family decaheme c-type cytochrome [Aeromonas schubertii]
WP_136484784.1	other	Vibrio sp. H11	379.8	255.6	WP_136484784.1 DmsE family decaheme c-type cytochrome [Vibrio sp. H11]
WP_371372468.1	other	Thalassotalea aquiviva	379.5	257.9	WP_371372468.1 DmsE family decaheme c-type cytochrome [Thalassotalea aquiviva]
WMN80070.1	other	Vibrio parahaemolyticus	378.6	254.2	WMN80070.1 DmsE family decaheme c-type cytochrome [Vibrio parahaemolyticus]
WP_140337364.1	other	Vibrio parahaemolyticus	378.6	256.1	WP_140337364.1 DmsE family decaheme c-type cytochrome [Vibrio parahaemolyticus]
WP_394623308.1	other	Vibrio diabolicus	378.5	257.2	WP_394623308.1 DmsE family decaheme c-type cytochrome [Vibrio diabolicus]
WP_238789656.1	other	Vibrio parahaemolyticus	378.2	255.0	WP_238789656.1 DmsE family decaheme c-type cytochrome [Vibrio parahaemolyticus]
WP_140384520.1	other	Vibrio parahaemolyticus	378.1	253.3	WP_140384520.1 DmsE family decaheme c-type cytochrome [Vibrio parahaemolyticus]
WP_025818180.1	other	Vibrio parahaemolyticus	378.0	255.3	WP_025818180.1 DmsE family decaheme c-type cytochrome [Vibrio parahaemolyticus]
WP_318189796.1	other	Vibrio sp. 1874	378.0	253.8	WP_318189796.1 DmsE family decaheme c-type cytochrome, partial [Vibrio sp. 1874]
WP_140329163.1	other	Vibrio parahaemolyticus	377.9	255.1	WP_140329163.1 DmsE family decaheme c-type cytochrome [Vibrio parahaemolyticus]
TBT58132.1	other	Vibrio parahaemolyticus	377.9	255.1	TBT58132.1 DmsE family decaheme c-type cytochrome [Vibrio parahaemolyticus]
WP_407954605.1	other	Aeromonas schubertii	377.7	263.9	WP_407954605.1 DmsE family decaheme c-type cytochrome [Aeromonas schubertii]
WP_353569347.1	other	Vibrio parahaemolyticus	377.7	255.2	WP_353569347.1 DmsE family decaheme c-type cytochrome [Vibrio parahaemolyticus]
WP_053306250.1	other	Vibrio parahaemolyticus	377.6	256.8	WP_053306250.1 DmsE family decaheme c-type cytochrome [Vibrio parahaemolyticus]
WP_062866116.1	other	Vibrio parahaemolyticus	377.6	254.6	WP_062866116.1 DmsE family decaheme c-type cytochrome [Vibrio parahaemolyticus]
WP_281960621.1	other	Vibrio parahaemolyticus	377.5	254.5	WP_281960621.1 DmsE family decaheme c-type cytochrome [Vibrio parahaemolyticus]
WP_444492368.1	other	Vibrio sp. YIC-376	377.4	245.3	WP_444492368.1 DmsE family decaheme c-type cytochrome [Vibrio sp. YIC-376]
WP_471628621.1	other	Vibrio parahaemolyticus	377.3	256.1	WP_471628621.1 DmsE family decaheme c-type cytochrome [Vibrio parahaemolyticus]
WP_140079848.1	other	Vibrio parahaemolyticus	377.2	254.4	WP_140079848.1 DmsE family decaheme c-type cytochrome [Vibrio parahaemolyticus]
WP_348564222.1	other	Vibrio parahaemolyticus	377.2	253.1	WP_348564222.1 DmsE family decaheme c-type cytochrome [Vibrio parahaemolyticus]
WP_301580160.1	other	Vibrio diabolicus subgroup	377.2	252.5	WP_301580160.1 MULTISPECIES: DmsE family decaheme c-type cytochrome [Vibrio diabolicus subgroup]
WP_069525059.1	other	Vibrio	377.2	254.9	WP_069525059.1 MULTISPECIES: DmsE family decaheme c-type cytochrome [Vibrio]
QEL40643.1	other	Vibrio parahaemolyticus	377.0	254.7	QEL40643.1 DmsE family decaheme c-type cytochrome [Vibrio parahaemolyticus]
WP_457519722.1	other	Vibrio sp. FJH11	377.0	244.3	WP_457519722.1 DmsE family decaheme c-type cytochrome [Vibrio sp. FJH11]
WP_031847238.1	other	Vibrio parahaemolyticus	377.0	254.7	WP_031847238.1 DmsE family decaheme c-type cytochrome [Vibrio parahaemolyticus]
WP_412780457.1	other	Aeromonas diversa	376.9	259.2	WP_412780457.1 DmsE family decaheme c-type cytochrome [Aeromonas diversa]
WP_193276410.1	other	Vibrio parahaemolyticus	376.7	254.5	WP_193276410.1 DmsE family decaheme c-type cytochrome [Vibrio parahaemolyticus]
WP_367579841.1	other	Aeromonas diversa	376.7	258.6	WP_367579841.1 DmsE family decaheme c-type cytochrome [Aeromonas diversa]
WP_218761829.1	other	Vibrio parahaemolyticus	376.7	255.2	WP_218761829.1 DmsE family decaheme c-type cytochrome [Vibrio parahaemolyticus]
WP_407921482.1	other	Aeromonas diversa	376.7	258.9	WP_407921482.1 DmsE family decaheme c-type cytochrome [Aeromonas diversa]
WP_065296688.1	other	Vibrio natriegens	376.7	247.7	WP_065296688.1 DmsE family decaheme c-type cytochrome [Vibrio natriegens]
WP_458068469.1	other	Vibrio parahaemolyticus	376.6	253.3	WP_458068469.1 DmsE family decaheme c-type cytochrome [Vibrio parahaemolyticus]
WP_395205218.1	other	Vibrio diabolicus	376.4	252.3	WP_395205218.1 DmsE family decaheme c-type cytochrome [Vibrio diabolicus]
KAB0316691.1	other	Vibrio diabolicus	376.4	257.2	KAB0316691.1 DmsE family decaheme c-type cytochrome [Vibrio diabolicus]
WP_150918474.1	other	Vibrio diabolicus	376.4	257.2	WP_150918474.1 DmsE family decaheme c-type cytochrome [Vibrio diabolicus]
WP_147681752.1	other	Vibrio parahaemolyticus	376.3	254.2	WP_147681752.1 DmsE family decaheme c-type cytochrome [Vibrio parahaemolyticus]
WP_264909728.1	other	Vibrio sp. STUT-A16	376.3	254.1	WP_264909728.1 DmsE family decaheme c-type cytochrome [Vibrio sp. STUT-A16]
WP_047008627.1	other	Vibrio diabolicus	376.3	254.4	WP_047008627.1 DmsE family decaheme c-type cytochrome [Vibrio diabolicus]
WP_152812366.1	other	Vibrio sp. VGrn 2	376.3	253.1	WP_152812366.1 DmsE family decaheme c-type cytochrome [Vibrio sp. VGrn 2]
TXM37821.1	other	Vibrio parahaemolyticus	376.3	254.2	TXM37821.1 DmsE family decaheme c-type cytochrome [Vibrio parahaemolyticus]
WP_140110694.1	other	Vibrio parahaemolyticus	376.2	253.3	WP_140110694.1 DmsE family decaheme c-type cytochrome [Vibrio parahaemolyticus]
WP_080534525.1	other	Vibrio parahaemolyticus	376.2	251.3	WP_080534525.1 DmsE family decaheme c-type cytochrome [Vibrio parahaemolyticus]
WP_395200571.1	other	Vibrio diabolicus	376.2	253.1	WP_395200571.1 DmsE family decaheme c-type cytochrome [Vibrio diabolicus]
WP_069490506.1	other	Vibrio	376.2	253.7	WP_069490506.1 MULTISPECIES: DmsE family decaheme c-type cytochrome [Vibrio]
QRG81767.1	other	Vibrio diabolicus	376.2	253.7	QRG81767.1 DmsE family decaheme c-type cytochrome [Vibrio diabolicus]
WP_199803877.1	other	Vibrio diabolicus	376.1	252.6	WP_199803877.1 DmsE family decaheme c-type cytochrome [Vibrio diabolicus]
WP_301613129.1	other	Vibrio antiquarius	376.1	253.4	WP_301613129.1 DmsE family decaheme c-type cytochrome [Vibrio antiquarius]
WP_409385438.1	other	Vibrio rotiferianus	376.1	251.3	WP_409385438.1 DmsE family decaheme c-type cytochrome [Vibrio rotiferianus]
WP_282149405.1	other	Vibrio diabolicus	376.0	253.1	WP_282149405.1 DmsE family decaheme c-type cytochrome [Vibrio diabolicus]
WP_268845033.1	other	Vibrio diabolicus	376.0	253.8	WP_268845033.1 DmsE family decaheme c-type cytochrome [Vibrio diabolicus]
WP_317420041.1	other	Vibrio diabolicus	376.0	251.3	WP_317420041.1 DmsE family decaheme c-type cytochrome [Vibrio diabolicus]
WP_031827880.1	other	Vibrio parahaemolyticus	375.9	253.4	WP_031827880.1 DmsE family decaheme c-type cytochrome [Vibrio parahaemolyticus]
WP_317387559.1	other	Vibrio diabolicus	375.9	253.7	WP_317387559.1 DmsE family decaheme c-type cytochrome [Vibrio diabolicus]
WP_140087362.1	other	Vibrio parahaemolyticus	375.9	253.2	WP_140087362.1 DmsE family decaheme c-type cytochrome [Vibrio parahaemolyticus]
WP_071234765.1	other	Vibrio rotiferianus	375.9	251.8	WP_071234765.1 DmsE family decaheme c-type cytochrome [Vibrio rotiferianus]
WP_029836983.1	other	Vibrio parahaemolyticus	375.8	250.3	WP_029836983.1 DmsE family decaheme c-type cytochrome [Vibrio parahaemolyticus]
WP_045602239.1	other	Vibrio harveyi group	375.8	254.6	WP_045602239.1 MULTISPECIES: DmsE family decaheme c-type cytochrome [Vibrio harveyi group]
TPA12020.1	other	Vibrio parahaemolyticus	375.8	249.7	TPA12020.1 DmsE family decaheme c-type cytochrome [Vibrio parahaemolyticus]
ETT16795.1	other	Vibrio parahaemolyticus 50	375.8	250.3	ETT16795.1 decaheme c-type cytochrome, DmsE family protein [Vibrio parahaemolyticus 50]
WP_140303536.1	other	Vibrio parahaemolyticus	375.8	249.7	WP_140303536.1 DmsE family decaheme c-type cytochrome [Vibrio parahaemolyticus]
WP_140145583.1	other	Vibrio parahaemolyticus	375.8	249.2	WP_140145583.1 DmsE family decaheme c-type cytochrome [Vibrio parahaemolyticus]
WP_170891325.1	other	Vibrio	375.8	250.6	WP_170891325.1 MULTISPECIES: DmsE family decaheme c-type cytochrome [Vibrio]
WP_140255386.1	other	Vibrio parahaemolyticus	375.7	252.1	WP_140255386.1 DmsE family decaheme c-type cytochrome [Vibrio parahaemolyticus]
WP_029855042.1	other	Vibrio parahaemolyticus	375.7	253.2	WP_029855042.1 DmsE family decaheme c-type cytochrome [Vibrio parahaemolyticus]
WP_432596134.1	other	Vibrio diabolicus	375.6	253.5	WP_432596134.1 DmsE family decaheme c-type cytochrome [Vibrio diabolicus]
WP_124008737.1	other	Vibrio	375.6	253.4	WP_124008737.1 MULTISPECIES: DmsE family decaheme c-type cytochrome [Vibrio]
WP_218745850.1	other	Vibrio parahaemolyticus	375.6	252.7	WP_218745850.1 DmsE family decaheme c-type cytochrome [Vibrio parahaemolyticus]
WP_395208337.1	other	Vibrio diabolicus	375.6	250.5	WP_395208337.1 DmsE family decaheme c-type cytochrome [Vibrio diabolicus]
WP_029843071.1	other	Vibrio parahaemolyticus	375.6	252.9	WP_029843071.1 DmsE family decaheme c-type cytochrome [Vibrio parahaemolyticus]
WP_085343125.1	other	Vibrio	375.6	252.8	WP_085343125.1 MULTISPECIES: DmsE family decaheme c-type cytochrome [Vibrio]
XXF28819.1	other	Vibrio sp. SCSIO 43086	375.6	253.4	XXF28819.1 DmsE family decaheme c-type cytochrome [Vibrio sp. SCSIO 43086]
WP_237283789.1	other	Vibrio sp. J2-4	375.5	252.7	WP_237283789.1 DmsE family decaheme c-type cytochrome [Vibrio sp. J2-4]
QIR98012.1	other	Vibrio diabolicus	375.4	253.7	QIR98012.1 DmsE family decaheme c-type cytochrome [Vibrio diabolicus]
WP_167426697.1	other	Vibrio diabolicus	375.4	253.7	WP_167426697.1 DmsE family decaheme c-type cytochrome [Vibrio diabolicus]
WP_258517801.1	other	Vibrio parahaemolyticus	375.4	256.0	WP_258517801.1 DmsE family decaheme c-type cytochrome [Vibrio parahaemolyticus]
WP_432584404.1	other	Vibrio diabolicus	375.4	252.5	WP_432584404.1 DmsE family decaheme c-type cytochrome [Vibrio diabolicus]
WP_446628057.1	other	Vibrio rotiferianus	375.4	254.1	WP_446628057.1 DmsE family decaheme c-type cytochrome [Vibrio rotiferianus]
WP_140071732.1	other	Vibrio parahaemolyticus	375.3	252.1	WP_140071732.1 DmsE family decaheme c-type cytochrome [Vibrio parahaemolyticus]
WP_409387140.1	other	Vibrio rotiferianus	375.3	252.0	WP_409387140.1 DmsE family decaheme c-type cytochrome [Vibrio rotiferianus]
WP_395197654.1	other	Vibrio diabolicus	375.2	252.8	WP_395197654.1 DmsE family decaheme c-type cytochrome [Vibrio diabolicus]
WP_065645327.1	other	Vibrio diabolicus	375.2	253.0	WP_065645327.1 DmsE family decaheme c-type cytochrome [Vibrio diabolicus]
WP_457857994.1	other	Vibrio chemaguriensis	375.2	252.4	WP_457857994.1 DmsE family decaheme c-type cytochrome [Vibrio chemaguriensis]
WP_258666473.1	other	Vibrio diabolicus	375.2	250.8	WP_258666473.1 DmsE family decaheme c-type cytochrome [Vibrio diabolicus]
WP_229626767.1	other	Vibrio parahaemolyticus	375.1	252.2	WP_229626767.1 DmsE family decaheme c-type cytochrome [Vibrio parahaemolyticus]
XYC01880.1	other	Vibrio parahaemolyticus	375.0	253.4	XYC01880.1 DmsE family decaheme c-type cytochrome [Vibrio parahaemolyticus]
WP_014231553.1	other	Vibrio	375.0	246.6	WP_014231553.1 MULTISPECIES: DmsE family decaheme c-type cytochrome [Vibrio]
XEV09600.1	other	Vibrio natriegens	375.0	246.6	XEV09600.1 DmsE family decaheme c-type cytochrome [Vibrio natriegens]
WP_060657498.1	other	Vibrio parahaemolyticus	375.0	253.4	WP_060657498.1 DmsE family decaheme c-type cytochrome [Vibrio parahaemolyticus]
WP_140346665.1	other	Vibrio parahaemolyticus	375.0	251.4	WP_140346665.1 DmsE family decaheme c-type cytochrome [Vibrio parahaemolyticus]
WRS49611.1	other	Vibrio natriegens NBRC 15636 = ATCC 14048 = DSM 759	375.0	246.6	WRS49611.1 DmsE family decaheme c-type cytochrome [Vibrio natriegens NBRC 15636 = ATCC 14048 = DSM 759]
UUI12769.1	other	Vibrio natriegens	375.0	246.6	UUI12769.1 DmsE family decaheme c-type cytochrome [Vibrio natriegens]
WP_140108077.1	other	Vibrio parahaemolyticus	375.0	255.2	WP_140108077.1 DmsE family decaheme c-type cytochrome [Vibrio parahaemolyticus]
WP_031778483.1	other	Vibrio parahaemolyticus	374.9	250.5	WP_031778483.1 DmsE family decaheme c-type cytochrome [Vibrio parahaemolyticus]
WP_140339919.1	other	Vibrio parahaemolyticus	374.9	253.0	WP_140339919.1 DmsE family decaheme c-type cytochrome [Vibrio parahaemolyticus]
WP_447032062.1	other	Vibrio parahaemolyticus	374.9	251.0	WP_447032062.1 DmsE family decaheme c-type cytochrome [Vibrio parahaemolyticus]
WP_447819472.1	other	Vibrio diabolicus	374.8	253.0	WP_447819472.1 DmsE family decaheme c-type cytochrome [Vibrio diabolicus]
WP_104969305.1	other	Vibrio diabolicus	374.8	256.1	WP_104969305.1 DmsE family decaheme c-type cytochrome [Vibrio diabolicus]
WP_047724585.1	other	Vibrio parahaemolyticus	374.8	251.4	WP_047724585.1 DmsE family decaheme c-type cytochrome [Vibrio parahaemolyticus]
WP_128413023.1	other	Vibrio parahaemolyticus	374.8	255.4	WP_128413023.1 DmsE family decaheme c-type cytochrome [Vibrio parahaemolyticus]
WP_029834311.1	other	Vibrio parahaemolyticus	374.7	253.1	WP_029834311.1 DmsE family decaheme c-type cytochrome [Vibrio parahaemolyticus]
TBT55894.1	other	Vibrio parahaemolyticus	374.7	253.3	TBT55894.1 DmsE family decaheme c-type cytochrome [Vibrio parahaemolyticus]
WP_258640732.1	other	Vibrio diabolicus	374.7	252.6	WP_258640732.1 DmsE family decaheme c-type cytochrome [Vibrio diabolicus]
TNX96714.1	other	Vibrio parahaemolyticus	374.7	253.3	TNX96714.1 DmsE family decaheme c-type cytochrome [Vibrio parahaemolyticus]
KAB5600920.1	other	Vibrio parahaemolyticus	374.7	253.3	KAB5600920.1 DmsE family decaheme c-type cytochrome [Vibrio parahaemolyticus]
XYB76508.1	other	Vibrio parahaemolyticus	374.7	253.3	XYB76508.1 DmsE family decaheme c-type cytochrome [Vibrio parahaemolyticus]
WP_025504258.1	other	Vibrio parahaemolyticus	374.7	253.3	WP_025504258.1 DmsE family decaheme c-type cytochrome [Vibrio parahaemolyticus]
TBT21344.1	other	Vibrio parahaemolyticus	374.7	253.3	TBT21344.1 DmsE family decaheme c-type cytochrome [Vibrio parahaemolyticus]
WP_062907785.1	other	Vibrio parahaemolyticus	374.7	251.9	WP_062907785.1 DmsE family decaheme c-type cytochrome [Vibrio parahaemolyticus]
WP_118118227.1	other	Vibrio sp. dhg	374.5	244.3	WP_118118227.1 DmsE family decaheme c-type cytochrome [Vibrio sp. dhg]
WP_301577763.1	other	Vibrio antiquarius	374.5	255.5	WP_301577763.1 DmsE family decaheme c-type cytochrome [Vibrio antiquarius]
WVE32242.1	other	Vibrio natriegens	374.5	246.7	WVE32242.1 DmsE family decaheme c-type cytochrome [Vibrio natriegens]
WP_329352422.1	other	Vibrio natriegens	374.5	246.7	WP_329352422.1 DmsE family decaheme c-type cytochrome [Vibrio natriegens]
WP_228071533.1	other	Vibrio parahaemolyticus	374.5	250.3	WP_228071533.1 DmsE family decaheme c-type cytochrome [Vibrio parahaemolyticus]
WP_069507177.1	other	Vibrio parahaemolyticus	374.5	251.9	WP_069507177.1 DmsE family decaheme c-type cytochrome [Vibrio parahaemolyticus]
WP_140131536.1	other	Vibrio parahaemolyticus	374.5	253.9	WP_140131536.1 DmsE family decaheme c-type cytochrome [Vibrio parahaemolyticus]
WP_256898955.1	other	Vibrio diabolicus	374.4	253.3	WP_256898955.1 DmsE family decaheme c-type cytochrome [Vibrio diabolicus]
WP_176320380.1	other	Vibrio diabolicus	374.4	251.8	WP_176320380.1 DmsE family decaheme c-type cytochrome [Vibrio diabolicus]
WP_042780710.1	other	Vibrio parahaemolyticus	374.4	246.3	WP_042780710.1 DmsE family decaheme c-type cytochrome [Vibrio parahaemolyticus]
WP_020840428.1	other	Vibrio parahaemolyticus	374.4	251.9	WP_020840428.1 DmsE family decaheme c-type cytochrome [Vibrio parahaemolyticus]
QQC99744.1	other	Vibrio parahaemolyticus	374.4	251.9	QQC99744.1 DmsE family decaheme c-type cytochrome [Vibrio parahaemolyticus]
WP_062889318.1	other	Vibrio parahaemolyticus	374.3	251.2	WP_062889318.1 DmsE family decaheme c-type cytochrome [Vibrio parahaemolyticus]
WP_021453735.1	other	Vibrio parahaemolyticus	374.3	251.6	WP_021453735.1 DmsE family decaheme c-type cytochrome [Vibrio parahaemolyticus]
WP_257082377.1	other	Vibrio	374.3	254.0	WP_257082377.1 MULTISPECIES: DmsE family decaheme c-type cytochrome [Vibrio]
ETJ91415.1	other	Vibrio parahaemolyticus EKP-008	374.3	251.6	ETJ91415.1 decaheme c-type cytochrome, DmsE family protein [Vibrio parahaemolyticus EKP-008]
EQM13373.1	other	Vibrio parahaemolyticus 3259	374.3	251.6	EQM13373.1 decaheme c-type cytochrome, DmsE family protein [Vibrio parahaemolyticus 3259]
WP_140261476.1	other	Vibrio parahaemolyticus	374.2	251.7	WP_140261476.1 DmsE family decaheme c-type cytochrome [Vibrio parahaemolyticus]
WP_301576043.1	other	Vibrio antiquarius	374.2	253.9	WP_301576043.1 DmsE family decaheme c-type cytochrome [Vibrio antiquarius]
WP_274032659.1	other	Vibrio parahaemolyticus	374.2	251.4	WP_274032659.1 DmsE family decaheme c-type cytochrome [Vibrio parahaemolyticus]
WP_140359623.1	other	Vibrio parahaemolyticus	374.2	251.7	WP_140359623.1 DmsE family decaheme c-type cytochrome [Vibrio parahaemolyticus]
WP_031381020.1	other	Vibrio parahaemolyticus	374.2	251.0	WP_031381020.1 DmsE family decaheme c-type cytochrome [Vibrio parahaemolyticus]
WP_140378706.1	other	Vibrio parahaemolyticus	374.1	250.3	WP_140378706.1 DmsE family decaheme c-type cytochrome [Vibrio parahaemolyticus]
TPB45543.1	other	Vibrio parahaemolyticus	374.1	250.3	TPB45543.1 DmsE family decaheme c-type cytochrome [Vibrio parahaemolyticus]
WP_140269190.1	other	Vibrio parahaemolyticus	374.1	250.7	WP_140269190.1 DmsE family decaheme c-type cytochrome [Vibrio parahaemolyticus]
QGT90228.1	other	Vibrio parahaemolyticus	374.0	250.6	QGT90228.1 DmsE family decaheme c-type cytochrome [Vibrio parahaemolyticus]
WP_069497971.1	other	Vibrio parahaemolyticus	374.0	249.8	WP_069497971.1 DmsE family decaheme c-type cytochrome [Vibrio parahaemolyticus]
QPM86490.1	other	Vibrio parahaemolyticus	374.0	250.6	QPM86490.1 DmsE family decaheme c-type cytochrome [Vibrio parahaemolyticus]
WMO10394.1	other	Vibrio parahaemolyticus	374.0	251.3	WMO10394.1 DmsE family decaheme c-type cytochrome [Vibrio parahaemolyticus]
WP_237311819.1	other	Vibrio	374.0	251.6	WP_237311819.1 MULTISPECIES: DmsE family decaheme c-type cytochrome [Vibrio]
WP_258487552.1	other	Vibrio diabolicus	374.0	251.9	WP_258487552.1 DmsE family decaheme c-type cytochrome [Vibrio diabolicus]
TPA38775.1	other	Vibrio parahaemolyticus	374.0	250.9	TPA38775.1 DmsE family decaheme c-type cytochrome [Vibrio parahaemolyticus]
WP_193237937.1	other	Vibrio parahaemolyticus	374.0	250.5	WP_193237937.1 DmsE family decaheme c-type cytochrome [Vibrio parahaemolyticus]
WP_140364154.1	other	Vibrio parahaemolyticus	374.0	250.9	WP_140364154.1 DmsE family decaheme c-type cytochrome [Vibrio parahaemolyticus]
WMN92769.1	other	Vibrio parahaemolyticus	374.0	251.3	WMN92769.1 DmsE family decaheme c-type cytochrome [Vibrio parahaemolyticus]
WP_025792072.1	other	Vibrio parahaemolyticus	374.0	250.6	WP_025792072.1 DmsE family decaheme c-type cytochrome [Vibrio parahaemolyticus]
UPR05592.1	other	Vibrio parahaemolyticus	374.0	250.6	UPR05592.1 DmsE family decaheme c-type cytochrome [Vibrio parahaemolyticus]
UDY83837.1	other	Vibrio diabolicus	374.0	251.6	UDY83837.1 DmsE family decaheme c-type cytochrome [Vibrio diabolicus]
UAY43705.1	other	Vibrio parahaemolyticus	374.0	250.6	UAY43705.1 DmsE family decaheme c-type cytochrome [Vibrio parahaemolyticus]
WP_029864415.1	other	Vibrio parahaemolyticus	374.0	251.6	WP_029864415.1 DmsE family decaheme c-type cytochrome [Vibrio parahaemolyticus]
QHG99480.1	other	Vibrio parahaemolyticus	373.9	251.4	QHG99480.1 DmsE family decaheme c-type cytochrome [Vibrio parahaemolyticus]
WCP75991.1	other	Vibrio parahaemolyticus	373.9	251.4	WCP75991.1 DmsE family decaheme c-type cytochrome [Vibrio parahaemolyticus]
WP_317411188.1	other	Vibrio diabolicus	373.9	252.0	WP_317411188.1 DmsE family decaheme c-type cytochrome [Vibrio diabolicus]
XJJ27969.1	other	Vibrio sp. D3	373.9	251.4	XJJ27969.1 DmsE family decaheme c-type cytochrome [Vibrio sp. D3]
QHH04627.1	other	Vibrio parahaemolyticus	373.9	251.4	QHH04627.1 DmsE family decaheme c-type cytochrome [Vibrio parahaemolyticus]
WP_031850307.1	other	Vibrio parahaemolyticus	373.9	251.1	WP_031850307.1 DmsE family decaheme c-type cytochrome [Vibrio parahaemolyticus]
QHH15334.1	other	Vibrio parahaemolyticus	373.9	251.4	QHH15334.1 DmsE family decaheme c-type cytochrome [Vibrio parahaemolyticus]
WP_406996338.1	other	Vibrio parahaemolyticus	373.9	251.6	WP_406996338.1 DmsE family decaheme c-type cytochrome [Vibrio parahaemolyticus]
XXC40163.1	other	Vibrio parahaemolyticus	373.9	251.4	XXC40163.1 DmsE family decaheme c-type cytochrome [Vibrio parahaemolyticus]
WP_395191319.1	other	Vibrio diabolicus	373.9	253.8	WP_395191319.1 DmsE family decaheme c-type cytochrome [Vibrio diabolicus]
QET60558.1	other	Vibrio parahaemolyticus	373.9	251.1	QET60558.1 DmsE family decaheme c-type cytochrome [Vibrio parahaemolyticus]
WP_256894903.1	other	Vibrio diabolicus	373.9	251.4	WP_256894903.1 DmsE family decaheme c-type cytochrome [Vibrio diabolicus]
WP_025540705.1	other	Vibrio	373.9	251.4	WP_025540705.1 MULTISPECIES: DmsE family decaheme c-type cytochrome [Vibrio]
QHG94485.1	other	Vibrio parahaemolyticus	373.9	251.4	QHG94485.1 DmsE family decaheme c-type cytochrome [Vibrio parahaemolyticus]
WZC76903.1	other	Vibrio parahaemolyticus	373.9	251.4	WZC76903.1 DmsE family decaheme c-type cytochrome [Vibrio parahaemolyticus]
XBR00845.1	other	Vibrio parahaemolyticus	373.9	251.4	XBR00845.1 DmsE family decaheme c-type cytochrome [Vibrio parahaemolyticus]
WHP51081.1	other	Vibrio parahaemolyticus	373.9	251.4	WHP51081.1 DmsE family decaheme c-type cytochrome [Vibrio parahaemolyticus]
EXJ30075.1	other	Vibrio parahaemolyticus VPTS-2009	373.9	251.4	EXJ30075.1 decaheme c-type cytochrome, DmsE family protein [Vibrio parahaemolyticus VPTS-2009]
XAW00118.1	other	Vibrio parahaemolyticus	373.9	251.4	XAW00118.1 DmsE family decaheme c-type cytochrome [Vibrio parahaemolyticus]
WHT06599.1	other	Vibrio parahaemolyticus	373.9	251.4	WHT06599.1 DmsE family decaheme c-type cytochrome [Vibrio parahaemolyticus]
WP_069508480.1	other	Vibrio parahaemolyticus	373.9	251.0	WP_069508480.1 DmsE family decaheme c-type cytochrome [Vibrio parahaemolyticus]
WP_065771102.1	other	Vibrio parahaemolyticus	373.9	251.7	WP_065771102.1 DmsE family decaheme c-type cytochrome [Vibrio parahaemolyticus]
YCS24402.1	other	Vibrio parahaemolyticus	373.9	251.4	YCS24402.1 DmsE family decaheme c-type cytochrome [Vibrio parahaemolyticus]
TPA79668.1	other	Vibrio parahaemolyticus	373.9	251.4	TPA79668.1 DmsE family decaheme c-type cytochrome [Vibrio parahaemolyticus]
WP_182032086.1	other	Vibrio sp. B1FLJ16	373.8	245.6	WP_182032086.1 DmsE family decaheme c-type cytochrome [Vibrio sp. B1FLJ16]
WP_100661816.1	other	Vibrio parahaemolyticus	373.8	250.3	WP_100661816.1 DmsE family decaheme c-type cytochrome [Vibrio parahaemolyticus]
WP_317342948.1	other	Vibrio sp. T13N	373.8	252.1	WP_317342948.1 DmsE family decaheme c-type cytochrome [Vibrio sp. T13N]
UPR16977.1	other	Vibrio parahaemolyticus	373.8	250.3	UPR16977.1 DmsE family decaheme c-type cytochrome [Vibrio parahaemolyticus]
UPR19376.1	other	Vibrio parahaemolyticus	373.8	250.3	UPR19376.1 DmsE family decaheme c-type cytochrome [Vibrio parahaemolyticus]
WP_140207286.1	other	Vibrio parahaemolyticus	373.8	250.2	WP_140207286.1 DmsE family decaheme c-type cytochrome [Vibrio parahaemolyticus]
WP_029840841.1	other	Vibrio parahaemolyticus	373.8	250.8	WP_029840841.1 DmsE family decaheme c-type cytochrome [Vibrio parahaemolyticus]
WP_043037879.1	other	Vibrio parahaemolyticus	373.8	251.1	WP_043037879.1 DmsE family decaheme c-type cytochrome [Vibrio parahaemolyticus]
WP_025630905.1	other	Vibrio parahaemolyticus	373.8	250.3	WP_025630905.1 DmsE family decaheme c-type cytochrome [Vibrio parahaemolyticus]
RXP77865.1	other	Vibrio parahaemolyticus	373.7	251.2	RXP77865.1 DmsE family decaheme c-type cytochrome [Vibrio parahaemolyticus]
TPB30394.1	other	Vibrio parahaemolyticus	373.7	251.2	TPB30394.1 DmsE family decaheme c-type cytochrome [Vibrio parahaemolyticus]
TPA00050.1	other	Vibrio parahaemolyticus	373.7	251.2	TPA00050.1 DmsE family decaheme c-type cytochrome [Vibrio parahaemolyticus]
TPB06674.1	other	Vibrio parahaemolyticus	373.7	251.2	TPB06674.1 DmsE family decaheme c-type cytochrome [Vibrio parahaemolyticus]
UJX14376.1	other	Vibrio parahaemolyticus	373.7	251.2	UJX14376.1 DmsE family decaheme c-type cytochrome [Vibrio parahaemolyticus]
TXM23186.1	other	Vibrio parahaemolyticus	373.7	251.2	TXM23186.1 DmsE family decaheme c-type cytochrome [Vibrio parahaemolyticus]
RXP62366.1	other	Vibrio parahaemolyticus	373.7	251.2	RXP62366.1 DmsE family decaheme c-type cytochrome [Vibrio parahaemolyticus]
TPA75097.1	other	Vibrio parahaemolyticus	373.7	251.2	TPA75097.1 DmsE family decaheme c-type cytochrome [Vibrio parahaemolyticus]
TXM15981.1	other	Vibrio parahaemolyticus	373.7	251.2	TXM15981.1 DmsE family decaheme c-type cytochrome [Vibrio parahaemolyticus]
EQM50124.1	other	Vibrio parahaemolyticus VPCR-2010	373.7	251.2	EQM50124.1 decaheme c-type cytochrome, DmsE family protein [Vibrio parahaemolyticus VPCR-2010]
TPA46841.1	other	Vibrio parahaemolyticus	373.7	251.2	TPA46841.1 DmsE family decaheme c-type cytochrome [Vibrio parahaemolyticus]
WCZ11012.1	other	Vibrio parahaemolyticus	373.7	251.2	WCZ11012.1 DmsE family decaheme c-type cytochrome [Vibrio parahaemolyticus]
TPA55987.1	other	Vibrio parahaemolyticus	373.7	251.2	TPA55987.1 DmsE family decaheme c-type cytochrome [Vibrio parahaemolyticus]
TBT46119.1	other	Vibrio parahaemolyticus	373.7	251.2	TBT46119.1 DmsE family decaheme c-type cytochrome [Vibrio parahaemolyticus]
WP_069540002.1	other	Vibrio parahaemolyticus	373.7	251.8	WP_069540002.1 DmsE family decaheme c-type cytochrome [Vibrio parahaemolyticus]
TPD17650.1	other	Vibrio parahaemolyticus	373.7	251.2	TPD17650.1 DmsE family decaheme c-type cytochrome [Vibrio parahaemolyticus]
TPB70611.1	other	Vibrio parahaemolyticus	373.7	251.2	TPB70611.1 DmsE family decaheme c-type cytochrome [Vibrio parahaemolyticus]
TPA28323.1	other	Vibrio parahaemolyticus	373.7	251.2	TPA28323.1 DmsE family decaheme c-type cytochrome [Vibrio parahaemolyticus]
WP_025442038.1	other	Vibrio parahaemolyticus	373.7	251.2	WP_025442038.1 DmsE family decaheme c-type cytochrome [Vibrio parahaemolyticus]
YCS19783.1	other	Vibrio parahaemolyticus	373.7	251.2	YCS19783.1 DmsE family decaheme c-type cytochrome [Vibrio parahaemolyticus]
UJX01689.1	other	Vibrio parahaemolyticus	373.7	251.2	UJX01689.1 DmsE family decaheme c-type cytochrome [Vibrio parahaemolyticus]
TPB05904.1	other	Vibrio parahaemolyticus	373.7	251.2	TPB05904.1 DmsE family decaheme c-type cytochrome [Vibrio parahaemolyticus]
TPB01836.1	other	Vibrio parahaemolyticus	373.7	251.2	TPB01836.1 DmsE family decaheme c-type cytochrome [Vibrio parahaemolyticus]
XRN14844.1	other	Vibrio parahaemolyticus	373.7	251.2	XRN14844.1 DmsE family decaheme c-type cytochrome [Vibrio parahaemolyticus]
TPB32337.1	other	Vibrio parahaemolyticus	373.7	251.2	TPB32337.1 DmsE family decaheme c-type cytochrome [Vibrio parahaemolyticus]
QOW04450.1	other	Vibrio parahaemolyticus	373.7	251.2	QOW04450.1 DmsE family decaheme c-type cytochrome [Vibrio parahaemolyticus]
TPA20151.1	other	Vibrio parahaemolyticus	373.7	251.2	TPA20151.1 DmsE family decaheme c-type cytochrome [Vibrio parahaemolyticus]
XHU52285.1	other	Vibrio parahaemolyticus	373.7	251.2	XHU52285.1 DmsE family decaheme c-type cytochrome [Vibrio parahaemolyticus]
TPC41890.1	other	Vibrio parahaemolyticus	373.7	251.2	TPC41890.1 DmsE family decaheme c-type cytochrome [Vibrio parahaemolyticus]
TBT42365.1	other	Vibrio parahaemolyticus	373.7	251.2	TBT42365.1 DmsE family decaheme c-type cytochrome [Vibrio parahaemolyticus]
WMN95052.1	other	Vibrio parahaemolyticus	373.7	251.2	WMN95052.1 DmsE family decaheme c-type cytochrome [Vibrio parahaemolyticus]
WP_005393237.1	other	Vibrio diabolicus	373.7	254.6	WP_005393237.1 DmsE family decaheme c-type cytochrome [Vibrio diabolicus]
CAM3953106.1	other	Vibrio parahaemolyticus	373.7	251.2	CAM3953106.1 DmsE family decaheme c-type cytochrome [Vibrio parahaemolyticus]
RXP74225.1	other	Vibrio parahaemolyticus	373.7	251.2	RXP74225.1 DmsE family decaheme c-type cytochrome [Vibrio parahaemolyticus]
TXM84778.1	other	Vibrio parahaemolyticus	373.7	251.2	TXM84778.1 DmsE family decaheme c-type cytochrome [Vibrio parahaemolyticus]
WP_140191818.1	other	Vibrio parahaemolyticus	373.7	252.5	WP_140191818.1 DmsE family decaheme c-type cytochrome [Vibrio parahaemolyticus]
UJW90493.1	other	Vibrio parahaemolyticus	373.7	251.2	UJW90493.1 DmsE family decaheme c-type cytochrome [Vibrio parahaemolyticus]
RXP64087.1	other	Vibrio parahaemolyticus	373.7	251.2	RXP64087.1 DmsE family decaheme c-type cytochrome [Vibrio parahaemolyticus]
TBT03669.1	other	Vibrio parahaemolyticus	373.7	251.2	TBT03669.1 DmsE family decaheme c-type cytochrome [Vibrio parahaemolyticus]
WOZ58179.1	other	Vibrio parahaemolyticus	373.7	251.2	WOZ58179.1 DmsE family decaheme c-type cytochrome [Vibrio parahaemolyticus]
TPA63888.1	other	Vibrio parahaemolyticus	373.7	251.2	TPA63888.1 DmsE family decaheme c-type cytochrome [Vibrio parahaemolyticus]
RXQ31285.1	other	Vibrio parahaemolyticus	373.7	251.2	RXQ31285.1 DmsE family decaheme c-type cytochrome [Vibrio parahaemolyticus]
TPB38607.1	other	Vibrio parahaemolyticus	373.7	251.2	TPB38607.1 DmsE family decaheme c-type cytochrome [Vibrio parahaemolyticus]
TBT76759.1	other	Vibrio parahaemolyticus	373.7	251.2	TBT76759.1 DmsE family decaheme c-type cytochrome [Vibrio parahaemolyticus]
TXM52866.1	other	Vibrio parahaemolyticus	373.7	251.2	TXM52866.1 DmsE family decaheme c-type cytochrome [Vibrio parahaemolyticus]
YCS28970.1	other	Vibrio parahaemolyticus	373.7	251.2	YCS28970.1 DmsE family decaheme c-type cytochrome [Vibrio parahaemolyticus]
UYW22552.1	other	Vibrio parahaemolyticus	373.7	252.2	UYW22552.1 DmsE family decaheme c-type cytochrome [Vibrio parahaemolyticus]
WP_432609268.1	other	Vibrio diabolicus	373.7	252.3	WP_432609268.1 DmsE family decaheme c-type cytochrome [Vibrio diabolicus]
WYC00623.1	other	Vibrio parahaemolyticus	373.7	251.2	WYC00623.1 DmsE family decaheme c-type cytochrome [Vibrio parahaemolyticus]
QNE57027.1	other	Vibrio parahaemolyticus	373.7	251.2	QNE57027.1 DmsE family decaheme c-type cytochrome [Vibrio parahaemolyticus]
TPB54546.1	other	Vibrio parahaemolyticus	373.7	251.2	TPB54546.1 DmsE family decaheme c-type cytochrome [Vibrio parahaemolyticus]
WHT01608.1	other	Vibrio parahaemolyticus	373.7	251.2	WHT01608.1 DmsE family decaheme c-type cytochrome [Vibrio parahaemolyticus]
UJX28370.1	other	Vibrio parahaemolyticus	373.7	251.2	UJX28370.1 DmsE family decaheme c-type cytochrome [Vibrio parahaemolyticus]
TOZ64180.1	other	Vibrio parahaemolyticus	373.7	251.2	TOZ64180.1 DmsE family decaheme c-type cytochrome [Vibrio parahaemolyticus]
UJX04722.1	other	Vibrio parahaemolyticus	373.7	251.2	UJX04722.1 DmsE family decaheme c-type cytochrome [Vibrio parahaemolyticus]
TXM49179.1	other	Vibrio parahaemolyticus	373.7	251.2	TXM49179.1 DmsE family decaheme c-type cytochrome [Vibrio parahaemolyticus]
RXQ07608.1	other	Vibrio parahaemolyticus	373.7	251.2	RXQ07608.1 DmsE family decaheme c-type cytochrome [Vibrio parahaemolyticus]
RXP98747.1	other	Vibrio parahaemolyticus	373.7	251.2	RXP98747.1 DmsE family decaheme c-type cytochrome [Vibrio parahaemolyticus]
TOZ73595.1	other	Vibrio parahaemolyticus	373.7	251.2	TOZ73595.1 DmsE family decaheme c-type cytochrome [Vibrio parahaemolyticus]
WCZ05956.1	other	Vibrio parahaemolyticus	373.7	251.2	WCZ05956.1 DmsE family decaheme c-type cytochrome [Vibrio parahaemolyticus]
TBT61156.1	other	Vibrio parahaemolyticus	373.7	251.2	TBT61156.1 DmsE family decaheme c-type cytochrome [Vibrio parahaemolyticus]
WP_069532529.1	other	Vibrio parahaemolyticus	373.7	249.2	WP_069532529.1 DmsE family decaheme c-type cytochrome [Vibrio parahaemolyticus]
XYB69671.1	other	Vibrio parahaemolyticus	373.7	251.2	XYB69671.1 DmsE family decaheme c-type cytochrome [Vibrio parahaemolyticus]
TOZ95303.1	other	Vibrio parahaemolyticus	373.7	251.2	TOZ95303.1 DmsE family decaheme c-type cytochrome [Vibrio parahaemolyticus]
TBT67394.1	other	Vibrio parahaemolyticus	373.7	251.2	TBT67394.1 DmsE family decaheme c-type cytochrome [Vibrio parahaemolyticus]
UYW16995.1	other	Vibrio parahaemolyticus	373.7	252.2	UYW16995.1 DmsE family decaheme c-type cytochrome [Vibrio parahaemolyticus]
WP_015296565.1	other	Vibrio	373.7	251.2	WP_015296565.1 MULTISPECIES: DmsE family decaheme c-type cytochrome [Vibrio]
WMN81895.1	other	Vibrio parahaemolyticus	373.7	251.2	WMN81895.1 DmsE family decaheme c-type cytochrome [Vibrio parahaemolyticus]
XRN51478.1	other	Vibrio parahaemolyticus	373.7	251.2	XRN51478.1 DmsE family decaheme c-type cytochrome [Vibrio parahaemolyticus]
QUD91252.1	other	Vibrio parahaemolyticus	373.7	251.2	QUD91252.1 DmsE family decaheme c-type cytochrome [Vibrio parahaemolyticus]
TPA91583.1	other	Vibrio parahaemolyticus	373.7	251.2	TPA91583.1 DmsE family decaheme c-type cytochrome [Vibrio parahaemolyticus]
UPR39946.1	other	Vibrio parahaemolyticus	373.7	251.2	UPR39946.1 DmsE family decaheme c-type cytochrome [Vibrio parahaemolyticus]
TOZ84051.1	other	Vibrio parahaemolyticus	373.7	251.2	TOZ84051.1 DmsE family decaheme c-type cytochrome [Vibrio parahaemolyticus]
TXN11723.1	other	Vibrio parahaemolyticus	373.7	251.2	TXN11723.1 DmsE family decaheme c-type cytochrome [Vibrio parahaemolyticus]
TBT31068.1	other	Vibrio parahaemolyticus	373.7	251.2	TBT31068.1 DmsE family decaheme c-type cytochrome [Vibrio parahaemolyticus]
RXQ22496.1	other	Vibrio parahaemolyticus	373.7	251.2	RXQ22496.1 DmsE family decaheme c-type cytochrome [Vibrio parahaemolyticus]
TPA85843.1	other	Vibrio parahaemolyticus	373.7	251.2	TPA85843.1 DmsE family decaheme c-type cytochrome [Vibrio parahaemolyticus]
EXJ42408.1	other	Vibrio parahaemolyticus VPTS-2010	373.7	251.2	EXJ42408.1 decaheme c-type cytochrome, DmsE family protein [Vibrio parahaemolyticus VPTS-2010]
QLE35631.1	other	Vibrio parahaemolyticus	373.7	251.2	QLE35631.1 DmsE family decaheme c-type cytochrome [Vibrio parahaemolyticus]
TPA04125.1	other	Vibrio parahaemolyticus	373.7	251.2	TPA04125.1 DmsE family decaheme c-type cytochrome [Vibrio parahaemolyticus]
XOJ45639.1	other	Vibrio parahaemolyticus	373.7	251.2	XOJ45639.1 DmsE family decaheme c-type cytochrome [Vibrio parahaemolyticus]
RXQ19994.1	other	Vibrio parahaemolyticus	373.7	251.2	RXQ19994.1 DmsE family decaheme c-type cytochrome [Vibrio parahaemolyticus]
QLE31301.1	other	Vibrio parahaemolyticus	373.7	251.2	QLE31301.1 DmsE family decaheme c-type cytochrome [Vibrio parahaemolyticus]
WP_264401290.1	other	Vibrio parahaemolyticus	373.7	252.2	WP_264401290.1 DmsE family decaheme c-type cytochrome [Vibrio parahaemolyticus]
TXM25521.1	other	Vibrio parahaemolyticus	373.7	251.2	TXM25521.1 DmsE family decaheme c-type cytochrome [Vibrio parahaemolyticus]
TXN16520.1	other	Vibrio parahaemolyticus	373.7	251.2	TXN16520.1 DmsE family decaheme c-type cytochrome [Vibrio parahaemolyticus]
WP_069492290.1	other	Vibrio parahaemolyticus	373.6	250.6	WP_069492290.1 DmsE family decaheme c-type cytochrome [Vibrio parahaemolyticus]
WP_140312093.1	other	Vibrio parahaemolyticus	373.6	250.1	WP_140312093.1 DmsE family decaheme c-type cytochrome [Vibrio parahaemolyticus]
UYV27535.1	other	Vibrio parahaemolyticus	373.6	250.2	UYV27535.1 DmsE family decaheme c-type cytochrome [Vibrio parahaemolyticus]
WP_432578933.1	other	Vibrio parahaemolyticus	373.6	250.5	WP_432578933.1 DmsE family decaheme c-type cytochrome [Vibrio parahaemolyticus]
WOO28773.1	other	Vibrio parahaemolyticus	373.6	251.5	WOO28773.1 DmsE family decaheme c-type cytochrome [Vibrio parahaemolyticus]
EXJ47372.1	other	Vibrio parahaemolyticus VPTS-2010_2	373.6	250.2	EXJ47372.1 decaheme c-type cytochrome, DmsE family protein [Vibrio parahaemolyticus VPTS-2010_2]
WP_407015204.1	other	Vibrio parahaemolyticus	373.6	250.8	WP_407015204.1 DmsE family decaheme c-type cytochrome [Vibrio parahaemolyticus]
WP_273978662.1	other	Vibrio parahaemolyticus	373.6	254.3	WP_273978662.1 DmsE family decaheme c-type cytochrome [Vibrio parahaemolyticus]
WP_031817875.1	other	Vibrio parahaemolyticus	373.6	250.2	WP_031817875.1 DmsE family decaheme c-type cytochrome [Vibrio parahaemolyticus]
WP_203502777.1	other	Vibrio	373.6	251.5	WP_203502777.1 MULTISPECIES: DmsE family decaheme c-type cytochrome [Vibrio]
WP_140115825.1	other	Vibrio parahaemolyticus	373.6	251.0	WP_140115825.1 DmsE family decaheme c-type cytochrome [Vibrio parahaemolyticus]
WP_318080523.1	other	Vibrio sp. 506	373.6	250.0	WP_318080523.1 DmsE family decaheme c-type cytochrome [Vibrio sp. 506]
WP_140382734.1	other	Vibrio parahaemolyticus	373.5	252.0	WP_140382734.1 DmsE family decaheme c-type cytochrome [Vibrio parahaemolyticus]
BHB30207.1	other	Vibrio sp. JCM 18905	373.5	251.7	BHB30207.1 DmsE family decaheme c-type cytochrome [Vibrio sp. JCM 18905]
WP_140169343.1	other	Vibrio parahaemolyticus	373.5	251.9	WP_140169343.1 DmsE family decaheme c-type cytochrome [Vibrio parahaemolyticus]
WP_258635782.1	other	Vibrio diabolicus	373.5	253.3	WP_258635782.1 DmsE family decaheme c-type cytochrome [Vibrio diabolicus]
WP_069546725.1	other	Vibrio parahaemolyticus	373.5	252.1	WP_069546725.1 DmsE family decaheme c-type cytochrome [Vibrio parahaemolyticus]
WP_274009478.1	other	Vibrio	373.5	251.7	WP_274009478.1 MULTISPECIES: DmsE family decaheme c-type cytochrome [Vibrio]
WP_330943537.1	other	Vibrio diabolicus	373.5	252.1	WP_330943537.1 DmsE family decaheme c-type cytochrome [Vibrio diabolicus]
WP_120458701.1	other	Vibrio parahaemolyticus	373.5	251.5	WP_120458701.1 DmsE family decaheme c-type cytochrome [Vibrio parahaemolyticus]
WP_140141918.1	other	Vibrio parahaemolyticus	373.5	251.8	WP_140141918.1 DmsE family decaheme c-type cytochrome [Vibrio parahaemolyticus]
WP_176296279.1	other	Vibrio parahaemolyticus	373.5	250.0	WP_176296279.1 DmsE family decaheme c-type cytochrome [Vibrio parahaemolyticus]
WP_301615145.1	other	Vibrio antiquarius	373.4	254.3	WP_301615145.1 DmsE family decaheme c-type cytochrome [Vibrio antiquarius]
WP_258482289.1	other	Vibrio parahaemolyticus	373.4	256.1	WP_258482289.1 DmsE family decaheme c-type cytochrome [Vibrio parahaemolyticus]
WP_395192888.1	other	Vibrio diabolicus	373.4	254.2	WP_395192888.1 DmsE family decaheme c-type cytochrome [Vibrio diabolicus]
WP_395218923.1	other	Vibrio diabolicus	373.4	253.8	WP_395218923.1 DmsE family decaheme c-type cytochrome [Vibrio diabolicus]
WP_140278723.1	other	Vibrio parahaemolyticus	373.4	251.1	WP_140278723.1 DmsE family decaheme c-type cytochrome [Vibrio parahaemolyticus]
TBT82247.1	other	Vibrio parahaemolyticus	373.4	251.6	TBT82247.1 DmsE family decaheme c-type cytochrome [Vibrio parahaemolyticus]
WP_182018943.1	other	Vibrio diabolicus	373.4	251.9	WP_182018943.1 DmsE family decaheme c-type cytochrome [Vibrio diabolicus]
WP_447041646.1	other	Vibrio parahaemolyticus	373.4	251.9	WP_447041646.1 DmsE family decaheme c-type cytochrome [Vibrio parahaemolyticus]
WP_069547919.1	other	Vibrio parahaemolyticus	373.4	251.1	WP_069547919.1 DmsE family decaheme c-type cytochrome [Vibrio parahaemolyticus]
WP_140309921.1	other	Vibrio parahaemolyticus	373.4	252.0	WP_140309921.1 DmsE family decaheme c-type cytochrome [Vibrio parahaemolyticus]
WP_256936183.1	other	Vibrio diabolicus	373.4	253.4	WP_256936183.1 DmsE family decaheme c-type cytochrome [Vibrio diabolicus]
WP_025574543.1	other	Vibrio parahaemolyticus	373.4	251.6	WP_025574543.1 DmsE family decaheme c-type cytochrome [Vibrio parahaemolyticus]
WP_274058130.1	other	Vibrio parahaemolyticus	373.4	250.1	WP_274058130.1 DmsE family decaheme c-type cytochrome [Vibrio parahaemolyticus]
WP_274008003.1	other	Vibrio parahaemolyticus	373.4	249.0	WP_274008003.1 DmsE family decaheme c-type cytochrome [Vibrio parahaemolyticus]
WP_374092710.1	other	Vibrio diabolicus	373.3	252.5	WP_374092710.1 DmsE family decaheme c-type cytochrome [Vibrio diabolicus]
XKW83548.1	other	Vibrio diabolicus	373.3	252.5	XKW83548.1 DmsE family decaheme c-type cytochrome [Vibrio diabolicus]
WP_045546113.1	other	Vibrio	373.3	250.2	WP_045546113.1 MULTISPECIES: DmsE family decaheme c-type cytochrome [Vibrio]
WP_258460558.1	other	Vibrio diabolicus	373.3	251.2	WP_258460558.1 DmsE family decaheme c-type cytochrome [Vibrio diabolicus]
WP_025592436.1	other	Vibrio parahaemolyticus	373.3	251.3	WP_025592436.1 DmsE family decaheme c-type cytochrome [Vibrio parahaemolyticus]
WP_187567233.1	other	Vibrio parahaemolyticus	373.3	251.7	WP_187567233.1 DmsE family decaheme c-type cytochrome [Vibrio parahaemolyticus]
TPA16961.1	other	Vibrio parahaemolyticus	373.3	251.3	TPA16961.1 DmsE family decaheme c-type cytochrome [Vibrio parahaemolyticus]
WP_258512206.1	other	Vibrio parahaemolyticus	373.3	252.7	WP_258512206.1 DmsE family decaheme c-type cytochrome [Vibrio parahaemolyticus]
WP_021449242.1	other	Vibrio parahaemolyticus	373.3	252.6	WP_021449242.1 DmsE family decaheme c-type cytochrome [Vibrio parahaemolyticus]
EQM01966.1	other	Vibrio parahaemolyticus VP2007-095	373.3	252.6	EQM01966.1 decaheme c-type cytochrome, DmsE family protein [Vibrio parahaemolyticus VP2007-095]
WP_025629733.1	other	Vibrio parahaemolyticus	373.2	252.9	WP_025629733.1 DmsE family decaheme c-type cytochrome [Vibrio parahaemolyticus]
WP_140214126.1	other	Vibrio parahaemolyticus	373.2	251.6	WP_140214126.1 DmsE family decaheme c-type cytochrome [Vibrio parahaemolyticus]
WP_258657951.1	other	Vibrio	373.2	252.6	WP_258657951.1 MULTISPECIES: DmsE family decaheme c-type cytochrome [Vibrio]
WP_069521414.1	other	Vibrio parahaemolyticus	373.2	251.6	WP_069521414.1 DmsE family decaheme c-type cytochrome [Vibrio parahaemolyticus]
WP_407525141.1	other	Vibrio parahaemolyticus	373.2	251.6	WP_407525141.1 DmsE family decaheme c-type cytochrome [Vibrio parahaemolyticus]
WP_395200336.1	other	Vibrio diabolicus	373.2	251.2	WP_395200336.1 DmsE family decaheme c-type cytochrome [Vibrio diabolicus]
WP_140067444.1	other	Vibrio parahaemolyticus	373.2	250.1	WP_140067444.1 DmsE family decaheme c-type cytochrome [Vibrio parahaemolyticus]
WP_395203981.1	other	Vibrio diabolicus	373.2	253.3	WP_395203981.1 DmsE family decaheme c-type cytochrome [Vibrio diabolicus]
WP_447814400.1	other	Vibrio diabolicus	373.2	251.2	WP_447814400.1 DmsE family decaheme c-type cytochrome [Vibrio diabolicus]
WP_237308426.1	other	Vibrio sp. A1-1	373.2	253.9	WP_237308426.1 DmsE family decaheme c-type cytochrome [Vibrio sp. A1-1]
WP_102600463.1	other	Vibrio parahaemolyticus	373.1	251.7	WP_102600463.1 DmsE family decaheme c-type cytochrome [Vibrio parahaemolyticus]
WP_031841595.1	other	Vibrio parahaemolyticus	373.1	250.6	WP_031841595.1 DmsE family decaheme c-type cytochrome [Vibrio parahaemolyticus]
XMD44096.1	other	Vibrio parahaemolyticus	373.1	250.6	XMD44096.1 DmsE family decaheme c-type cytochrome [Vibrio parahaemolyticus]
WP_025546063.1	other	Vibrio parahaemolyticus	373.1	251.9	WP_025546063.1 DmsE family decaheme c-type cytochrome [Vibrio parahaemolyticus]
WAG34250.1	other	Vibrio parahaemolyticus	373.1	250.4	WAG34250.1 DmsE family decaheme c-type cytochrome [Vibrio parahaemolyticus]
WP_069533547.1	other	Vibrio parahaemolyticus	373.1	250.6	WP_069533547.1 DmsE family decaheme c-type cytochrome [Vibrio parahaemolyticus]
XUI84378.1	other	Vibrio parahaemolyticus	373.1	251.9	XUI84378.1 DmsE family decaheme c-type cytochrome [Vibrio parahaemolyticus]
WP_237459233.1	other	Vibrio parahaemolyticus	373.1	251.2	WP_237459233.1 DmsE family decaheme c-type cytochrome [Vibrio parahaemolyticus]
WP_140352679.1	other	Vibrio parahaemolyticus	373.1	250.4	WP_140352679.1 DmsE family decaheme c-type cytochrome [Vibrio parahaemolyticus]
WP_100088347.1	other	Vibrio parahaemolyticus	373.0	250.9	WP_100088347.1 DmsE family decaheme c-type cytochrome [Vibrio parahaemolyticus]
WP_218756588.1	other	Vibrio parahaemolyticus	373.0	252.0	WP_218756588.1 DmsE family decaheme c-type cytochrome [Vibrio parahaemolyticus]
WP_335927231.1	other	Vibrio parahaemolyticus	373.0	251.3	WP_335927231.1 DmsE family decaheme c-type cytochrome [Vibrio parahaemolyticus]
XLX45107.1	other	Vibrio parahaemolyticus	373.0	251.6	XLX45107.1 DmsE family decaheme c-type cytochrome [Vibrio parahaemolyticus]
WP_140250343.1	other	Vibrio parahaemolyticus	373.0	253.4	WP_140250343.1 DmsE family decaheme c-type cytochrome [Vibrio parahaemolyticus]
XDL41255.1	other	Vibrio diabolicus	373.0	253.6	XDL41255.1 DmsE family decaheme c-type cytochrome [Vibrio diabolicus]
WMN62592.1	other	Vibrio parahaemolyticus	373.0	251.0	WMN62592.1 DmsE family decaheme c-type cytochrome [Vibrio parahaemolyticus]
WP_140307349.1	other	Vibrio parahaemolyticus	373.0	251.6	WP_140307349.1 DmsE family decaheme c-type cytochrome [Vibrio parahaemolyticus]
WP_140112062.1	other	Vibrio parahaemolyticus	373.0	251.5	WP_140112062.1 DmsE family decaheme c-type cytochrome [Vibrio parahaemolyticus]
WP_025520777.1	other	Vibrio	373.0	251.6	WP_025520777.1 MULTISPECIES: DmsE family decaheme c-type cytochrome [Vibrio]
WP_039462388.1	other	Photobacterium gaetbulicola	373.0	252.2	WP_039462388.1 DmsE family decaheme c-type cytochrome [Photobacterium gaetbulicola]
WP_053805698.1	other	Vibrio parahaemolyticus	373.0	251.0	WP_053805698.1 DmsE family decaheme c-type cytochrome [Vibrio parahaemolyticus]
WP_368848872.1	other	Vibrio diabolicus	373.0	253.6	WP_368848872.1 DmsE family decaheme c-type cytochrome [Vibrio diabolicus]
WP_140343663.1	other	Vibrio parahaemolyticus	373.0	250.5	WP_140343663.1 DmsE family decaheme c-type cytochrome [Vibrio parahaemolyticus]
WMN73230.1	other	Vibrio parahaemolyticus	373.0	251.0	WMN73230.1 DmsE family decaheme c-type cytochrome [Vibrio parahaemolyticus]
TBT13976.1	other	Vibrio parahaemolyticus	373.0	251.6	TBT13976.1 DmsE family decaheme c-type cytochrome [Vibrio parahaemolyticus]
QQE16889.1	other	Vibrio parahaemolyticus	373.0	251.6	QQE16889.1 DmsE family decaheme c-type cytochrome [Vibrio parahaemolyticus]
ETX57469.1	other	Vibrio parahaemolyticus SBR10290	372.9	252.2	ETX57469.1 decaheme c-type cytochrome, DmsE family protein [Vibrio parahaemolyticus SBR10290]
WP_005495626.1	other	Vibrio parahaemolyticus	372.9	252.2	WP_005495626.1 DmsE family decaheme c-type cytochrome [Vibrio parahaemolyticus]
ETT22077.1	other	Vibrio parahaemolyticus 3256	372.9	252.2	ETT22077.1 decaheme c-type cytochrome, DmsE family protein [Vibrio parahaemolyticus 3256]
WP_258514412.1	other	Vibrio parahaemolyticus	372.9	251.7	WP_258514412.1 DmsE family decaheme c-type cytochrome [Vibrio parahaemolyticus]
TXM44626.1	other	Vibrio parahaemolyticus	372.9	247.5	TXM44626.1 DmsE family decaheme c-type cytochrome [Vibrio parahaemolyticus]
WP_432606552.1	other	Vibrio diabolicus	372.9	251.4	WP_432606552.1 DmsE family decaheme c-type cytochrome [Vibrio diabolicus]
WP_078230242.1	other	Vibrio parahaemolyticus	372.9	250.9	WP_078230242.1 DmsE family decaheme c-type cytochrome [Vibrio parahaemolyticus]
WP_140297261.1	other	Vibrio parahaemolyticus	372.9	250.8	WP_140297261.1 DmsE family decaheme c-type cytochrome [Vibrio parahaemolyticus]
WP_473574828.1	other	Vibrio parahaemolyticus	372.9	250.2	WP_473574828.1 DmsE family decaheme c-type cytochrome [Vibrio parahaemolyticus]
WP_140098908.1	other	Vibrio parahaemolyticus	372.9	252.2	WP_140098908.1 DmsE family decaheme c-type cytochrome [Vibrio parahaemolyticus]
WP_029805982.1	other	Vibrio parahaemolyticus	372.9	251.2	WP_029805982.1 DmsE family decaheme c-type cytochrome [Vibrio parahaemolyticus]
EQL88681.1	other	Vibrio parahaemolyticus 10290	372.9	252.2	EQL88681.1 decaheme c-type cytochrome, DmsE family protein [Vibrio parahaemolyticus 10290]
WP_020903936.1	other	Vibrio parahaemolyticus	372.9	247.5	WP_020903936.1 DmsE family decaheme c-type cytochrome [Vibrio parahaemolyticus]
WP_229623464.1	other	Vibrio parahaemolyticus	372.9	252.5	WP_229623464.1 DmsE family decaheme c-type cytochrome [Vibrio parahaemolyticus]
ESW44690.1	other	Vibrio parahaemolyticus 12310	372.9	252.2	ESW44690.1 decaheme c-type cytochrome, DmsE family protein [Vibrio parahaemolyticus 12310]
WP_140165639.1	other	Vibrio parahaemolyticus	372.9	250.5	WP_140165639.1 DmsE family decaheme c-type cytochrome [Vibrio parahaemolyticus]
ASZ52481.1	other	Vibrio parahaemolyticus	372.9	252.2	ASZ52481.1 DmsE family decaheme c-type cytochrome [Vibrio parahaemolyticus]
ESV69011.1	other	Vibrio parahaemolyticus 10296	372.9	252.2	ESV69011.1 decaheme c-type cytochrome, DmsE family protein [Vibrio parahaemolyticus 10296]
QET86793.1	other	Vibrio parahaemolyticus	372.9	252.2	QET86793.1 DmsE family decaheme c-type cytochrome [Vibrio parahaemolyticus]
QGG33984.1	other	Vibrio parahaemolyticus 10329	372.9	252.2	QGG33984.1 DmsE family decaheme c-type cytochrome [Vibrio parahaemolyticus 10329]
QHH09051.1	other	Vibrio parahaemolyticus	372.8	251.5	QHH09051.1 DmsE family decaheme c-type cytochrome [Vibrio parahaemolyticus]
WCZ00471.1	other	Vibrio parahaemolyticus	372.8	251.5	WCZ00471.1 DmsE family decaheme c-type cytochrome [Vibrio parahaemolyticus]
WP_025604768.1	other	Vibrio	372.8	251.5	WP_025604768.1 MULTISPECIES: DmsE family decaheme c-type cytochrome [Vibrio]
TXM13743.1	other	Vibrio parahaemolyticus	372.8	251.5	TXM13743.1 DmsE family decaheme c-type cytochrome [Vibrio parahaemolyticus]
WOZ65642.1	other	Vibrio parahaemolyticus	372.8	251.5	WOZ65642.1 DmsE family decaheme c-type cytochrome [Vibrio parahaemolyticus]
WP_243327174.1	other	Vibrio	372.8	252.6	WP_243327174.1 MULTISPECIES: DmsE family decaheme c-type cytochrome [Vibrio]
WMN99556.1	other	Vibrio parahaemolyticus	372.8	251.5	WMN99556.1 DmsE family decaheme c-type cytochrome [Vibrio parahaemolyticus]
TPB18737.1	other	Vibrio parahaemolyticus	372.8	251.5	TPB18737.1 DmsE family decaheme c-type cytochrome [Vibrio parahaemolyticus]
XAW05116.1	other	Vibrio parahaemolyticus	372.8	251.5	XAW05116.1 DmsE family decaheme c-type cytochrome [Vibrio parahaemolyticus]
WP_446553159.1	other	Vibrio parahaemolyticus	372.8	250.5	WP_446553159.1 DmsE family decaheme c-type cytochrome [Vibrio parahaemolyticus]
WCM64393.1	other	Vibrio parahaemolyticus	372.8	251.5	WCM64393.1 DmsE family decaheme c-type cytochrome [Vibrio parahaemolyticus]
RXQ17870.1	other	Vibrio parahaemolyticus	372.8	251.5	RXQ17870.1 DmsE family decaheme c-type cytochrome [Vibrio parahaemolyticus]
WP_277441861.1	other	Vibrio parahaemolyticus	372.8	252.1	WP_277441861.1 DmsE family decaheme c-type cytochrome [Vibrio parahaemolyticus]
WP_140068514.1	other	Vibrio parahaemolyticus	372.8	250.5	WP_140068514.1 DmsE family decaheme c-type cytochrome [Vibrio parahaemolyticus]
WP_258430824.1	other	unclassified Vibrio	372.8	252.8	WP_258430824.1 MULTISPECIES: DmsE family decaheme c-type cytochrome [unclassified Vibrio]
XVN49540.1	other	Vibrio parahaemolyticus	372.8	251.5	XVN49540.1 DmsE family decaheme c-type cytochrome [Vibrio parahaemolyticus]
WP_069510476.1	other	Vibrio parahaemolyticus	372.8	250.4	WP_069510476.1 DmsE family decaheme c-type cytochrome [Vibrio parahaemolyticus]
WP_140289159.1	other	Vibrio parahaemolyticus	372.8	250.9	WP_140289159.1 DmsE family decaheme c-type cytochrome [Vibrio parahaemolyticus]
WPD15649.1	other	Vibrio parahaemolyticus	372.8	251.5	WPD15649.1 DmsE family decaheme c-type cytochrome [Vibrio parahaemolyticus]
QLE26824.1	other	Vibrio parahaemolyticus	372.8	251.5	QLE26824.1 DmsE family decaheme c-type cytochrome [Vibrio parahaemolyticus]
WJK28238.1	other	Vibrio parahaemolyticus	372.8	251.5	WJK28238.1 DmsE family decaheme c-type cytochrome [Vibrio parahaemolyticus]
WP_006742632.1	other	Vibrio diabolicus subgroup	372.8	253.1	WP_006742632.1 MULTISPECIES: DmsE family decaheme c-type cytochrome [Vibrio diabolicus subgroup]
UJX09680.1	other	Vibrio parahaemolyticus	372.8	251.5	UJX09680.1 DmsE family decaheme c-type cytochrome [Vibrio parahaemolyticus]
YCS33566.1	other	Vibrio parahaemolyticus	372.8	251.5	YCS33566.1 DmsE family decaheme c-type cytochrome [Vibrio parahaemolyticus]
WP_069494818.1	other	Vibrio parahaemolyticus	372.7	249.7	WP_069494818.1 DmsE family decaheme c-type cytochrome [Vibrio parahaemolyticus]
WP_083151084.1	other	Vibrio parahaemolyticus	372.7	255.4	WP_083151084.1 DmsE family decaheme c-type cytochrome [Vibrio parahaemolyticus]
WP_029804101.1	other	Vibrio parahaemolyticus	372.7	251.4	WP_029804101.1 DmsE family decaheme c-type cytochrome [Vibrio parahaemolyticus]
WP_241619995.1	other	Vibrio parahaemolyticus	372.7	253.1	WP_241619995.1 DmsE family decaheme c-type cytochrome [Vibrio parahaemolyticus]
TBT29541.1	other	Vibrio parahaemolyticus	372.7	252.8	TBT29541.1 DmsE family decaheme c-type cytochrome [Vibrio parahaemolyticus]
WP_074191139.1	other	Vibrio diabolicus subgroup	372.7	252.4	WP_074191139.1 MULTISPECIES: DmsE family decaheme c-type cytochrome [Vibrio diabolicus subgroup]
WP_258687473.1	other	Vibrio diabolicus	372.7	252.7	WP_258687473.1 DmsE family decaheme c-type cytochrome [Vibrio diabolicus]
WP_274024532.1	other	Vibrio parahaemolyticus	372.7	252.8	WP_274024532.1 DmsE family decaheme c-type cytochrome [Vibrio parahaemolyticus]
WP_069501588.1	other	Vibrio parahaemolyticus	372.7	254.3	WP_069501588.1 DmsE family decaheme c-type cytochrome [Vibrio parahaemolyticus]
WLI86723.1	other	Vibrio parahaemolyticus	372.6	250.1	WLI86723.1 DmsE family decaheme c-type cytochrome [Vibrio parahaemolyticus]
WP_273978582.1	other	Vibrio parahaemolyticus	372.6	250.1	WP_273978582.1 DmsE family decaheme c-type cytochrome [Vibrio parahaemolyticus]
WP_069494984.1	other	Vibrio parahaemolyticus	372.6	251.5	WP_069494984.1 DmsE family decaheme c-type cytochrome [Vibrio parahaemolyticus]
WP_031821696.1	other	Vibrio parahaemolyticus	372.6	253.2	WP_031821696.1 DmsE family decaheme c-type cytochrome [Vibrio parahaemolyticus]
WMN88359.1	other	Vibrio parahaemolyticus	372.6	246.1	WMN88359.1 DmsE family decaheme c-type cytochrome [Vibrio parahaemolyticus]
XLQ39720.1	other	Vibrio parahaemolyticus	372.6	253.2	XLQ39720.1 DmsE family decaheme c-type cytochrome [Vibrio parahaemolyticus]
WP_140061369.1	other	Vibrio parahaemolyticus	372.6	252.3	WP_140061369.1 DmsE family decaheme c-type cytochrome [Vibrio parahaemolyticus]
WP_395215819.1	other	Vibrio diabolicus	372.6	252.8	WP_395215819.1 DmsE family decaheme c-type cytochrome [Vibrio diabolicus]
EQM38679.1	other	Vibrio parahaemolyticus NIHCB0757	372.6	249.7	EQM38679.1 decaheme c-type cytochrome, DmsE family protein [Vibrio parahaemolyticus NIHCB0757]
UYI48273.1	other	Vibrio natriegens	372.6	246.1	UYI48273.1 DmsE family decaheme c-type cytochrome [Vibrio natriegens]
WP_263838473.1	other	Vibrio natriegens	372.6	246.1	WP_263838473.1 DmsE family decaheme c-type cytochrome [Vibrio natriegens]
EXJ34952.1	other	Vibrio parahaemolyticus VPCR-2009	372.6	253.2	EXJ34952.1 decaheme c-type cytochrome, DmsE family protein [Vibrio parahaemolyticus VPCR-2009]
WP_374072698.1	other	Vibrio diabolicus	372.6	252.2	WP_374072698.1 DmsE family decaheme c-type cytochrome [Vibrio diabolicus]
XLQ46878.1	other	Vibrio parahaemolyticus	372.6	253.2	XLQ46878.1 DmsE family decaheme c-type cytochrome [Vibrio parahaemolyticus]
XXA40500.1	other	Vibrio parahaemolyticus	372.6	252.3	XXA40500.1 DmsE family decaheme c-type cytochrome [Vibrio parahaemolyticus]
WP_045606143.1	other	Vibrio parahaemolyticus	372.6	251.1	WP_045606143.1 DmsE family decaheme c-type cytochrome [Vibrio parahaemolyticus]
WP_447820930.1	other	Vibrio diabolicus	372.5	252.2	WP_447820930.1 DmsE family decaheme c-type cytochrome [Vibrio diabolicus]
WP_097371769.1	other	Vibrio parahaemolyticus	372.5	250.1	WP_097371769.1 DmsE family decaheme c-type cytochrome [Vibrio parahaemolyticus]
WP_045587734.1	other	Vibrio parahaemolyticus	372.5	251.5	WP_045587734.1 DmsE family decaheme c-type cytochrome [Vibrio parahaemolyticus]
TBT73205.1	other	Vibrio parahaemolyticus	372.5	251.4	TBT73205.1 DmsE family decaheme c-type cytochrome [Vibrio parahaemolyticus]
TBT09304.1	other	Vibrio parahaemolyticus	372.5	251.4	TBT09304.1 DmsE family decaheme c-type cytochrome [Vibrio parahaemolyticus]
TBT89214.1	other	Vibrio parahaemolyticus	372.5	250.1	TBT89214.1 DmsE family decaheme c-type cytochrome [Vibrio parahaemolyticus]
WP_042772743.1	other	Vibrio parahaemolyticus	372.5	251.4	WP_042772743.1 DmsE family decaheme c-type cytochrome [Vibrio parahaemolyticus]
WP_065766571.1	other	Vibrio parahaemolyticus	372.5	250.7	WP_065766571.1 DmsE family decaheme c-type cytochrome [Vibrio parahaemolyticus]
WP_164666193.1	other	Vibrio diabolicus	372.5	252.8	WP_164666193.1 DmsE family decaheme c-type cytochrome [Vibrio diabolicus]
QOV30990.1	other	Vibrio diabolicus	372.5	252.8	QOV30990.1 DmsE family decaheme c-type cytochrome [Vibrio diabolicus]
WP_395185510.1	other	Vibrio diabolicus	372.5	252.6	WP_395185510.1 DmsE family decaheme c-type cytochrome [Vibrio diabolicus]
WP_140296386.1	other	Vibrio parahaemolyticus	372.5	250.9	WP_140296386.1 DmsE family decaheme c-type cytochrome [Vibrio parahaemolyticus]
WP_301605101.1	other	Vibrio antiquarius	372.5	252.1	WP_301605101.1 DmsE family decaheme c-type cytochrome [Vibrio antiquarius]
WP_218770683.1	other	Vibrio parahaemolyticus	372.4	250.4	WP_218770683.1 DmsE family decaheme c-type cytochrome [Vibrio parahaemolyticus]
WP_237301683.1	other	Vibrio parahaemolyticus	372.4	250.9	WP_237301683.1 DmsE family decaheme c-type cytochrome [Vibrio parahaemolyticus]
WP_406964909.1	other	Vibrio	372.4	250.8	WP_406964909.1 MULTISPECIES: DmsE family decaheme c-type cytochrome [Vibrio]
WP_274003657.1	other	Vibrio parahaemolyticus	372.4	251.4	WP_274003657.1 DmsE family decaheme c-type cytochrome [Vibrio parahaemolyticus]
WP_237315541.1	other	Vibrio sp. J1-1	372.4	247.5	WP_237315541.1 DmsE family decaheme c-type cytochrome [Vibrio sp. J1-1]
UJW93117.1	other	Vibrio parahaemolyticus	372.4	250.9	UJW93117.1 DmsE family decaheme c-type cytochrome [Vibrio parahaemolyticus]
WP_138937445.1	other	Vibrio parahaemolyticus	372.4	251.7	WP_138937445.1 DmsE family decaheme c-type cytochrome [Vibrio parahaemolyticus]
QQD04427.1	other	Vibrio parahaemolyticus	372.3	253.8	QQD04427.1 DmsE family decaheme c-type cytochrome [Vibrio parahaemolyticus]
WP_065779424.1	other	Vibrio parahaemolyticus	372.3	249.9	WP_065779424.1 DmsE family decaheme c-type cytochrome [Vibrio parahaemolyticus]
WP_267370604.1	other	Vibrio parahaemolyticus	372.3	251.3	WP_267370604.1 DmsE family decaheme c-type cytochrome [Vibrio parahaemolyticus]
WP_208893685.1	other	Vibrio parahaemolyticus	372.3	253.8	WP_208893685.1 DmsE family decaheme c-type cytochrome [Vibrio parahaemolyticus]
WP_140358291.1	other	Vibrio parahaemolyticus	372.3	251.0	WP_140358291.1 DmsE family decaheme c-type cytochrome [Vibrio parahaemolyticus]
WP_432603978.1	other	Vibrio diabolicus	372.3	252.7	WP_432603978.1 DmsE family decaheme c-type cytochrome [Vibrio diabolicus]
TXM04363.1	other	Vibrio parahaemolyticus	372.2	251.0	TXM04363.1 DmsE family decaheme c-type cytochrome [Vibrio parahaemolyticus]
TXM61774.1	other	Vibrio parahaemolyticus	372.2	251.0	TXM61774.1 DmsE family decaheme c-type cytochrome [Vibrio parahaemolyticus]
WP_274012794.1	other	Vibrio parahaemolyticus	372.2	251.5	WP_274012794.1 DmsE family decaheme c-type cytochrome [Vibrio parahaemolyticus]
WP_140326553.1	other	Vibrio parahaemolyticus	372.2	253.9	WP_140326553.1 DmsE family decaheme c-type cytochrome [Vibrio parahaemolyticus]
TPB48601.1	other	Vibrio parahaemolyticus	372.2	251.0	TPB48601.1 DmsE family decaheme c-type cytochrome [Vibrio parahaemolyticus]
WP_025510323.1	other	Vibrio parahaemolyticus	372.2	251.9	WP_025510323.1 DmsE family decaheme c-type cytochrome [Vibrio parahaemolyticus]
TXM34213.1	other	Vibrio parahaemolyticus	372.2	251.0	TXM34213.1 DmsE family decaheme c-type cytochrome [Vibrio parahaemolyticus]
TPA74282.1	other	Vibrio parahaemolyticus	372.2	251.0	TPA74282.1 DmsE family decaheme c-type cytochrome [Vibrio parahaemolyticus]
WJE02772.1	other	Vibrio parahaemolyticus	372.2	251.9	WJE02772.1 DmsE family decaheme c-type cytochrome [Vibrio parahaemolyticus]
WP_253658581.1	other	unclassified Vibrio	372.2	252.5	WP_253658581.1 MULTISPECIES: DmsE family decaheme c-type cytochrome [unclassified Vibrio]
ETJ90085.1	other	Vibrio parahaemolyticus 970107	372.2	251.9	ETJ90085.1 decaheme c-type cytochrome, DmsE family protein [Vibrio parahaemolyticus 970107]
QWK99016.1	other	Vibrio parahaemolyticus	372.2	251.0	QWK99016.1 DmsE family decaheme c-type cytochrome [Vibrio parahaemolyticus]
WP_069524654.1	other	Vibrio parahaemolyticus	372.2	248.0	WP_069524654.1 DmsE family decaheme c-type cytochrome [Vibrio parahaemolyticus]
WEM43604.1	other	Photobacterium sp. DA100	372.2	252.7	WEM43604.1 DmsE family decaheme c-type cytochrome [Photobacterium sp. DA100]
WP_258630421.1	other	Vibrio parahaemolyticus	372.2	250.4	WP_258630421.1 DmsE family decaheme c-type cytochrome [Vibrio parahaemolyticus]
WP_025624537.1	other	Vibrio parahaemolyticus	372.2	251.0	WP_025624537.1 DmsE family decaheme c-type cytochrome [Vibrio parahaemolyticus]
WP_281027146.1	other	Photobacterium sp. DA100	372.2	252.7	WP_281027146.1 DmsE family decaheme c-type cytochrome [Photobacterium sp. DA100]
WP_140258713.1	other	Vibrio parahaemolyticus	372.1	250.1	WP_140258713.1 DmsE family decaheme c-type cytochrome [Vibrio parahaemolyticus]
WP_140332670.1	other	Vibrio parahaemolyticus	372.1	252.9	WP_140332670.1 DmsE family decaheme c-type cytochrome [Vibrio parahaemolyticus]
WP_044623115.1	other	Photobacterium gaetbulicola	372.1	253.0	WP_044623115.1 DmsE family decaheme c-type cytochrome [Photobacterium gaetbulicola]
WP_025520673.1	other	Vibrio parahaemolyticus	372.1	251.5	WP_025520673.1 DmsE family decaheme c-type cytochrome [Vibrio parahaemolyticus]
XXA42868.1	other	Vibrio parahaemolyticus	372.1	251.5	XXA42868.1 DmsE family decaheme c-type cytochrome [Vibrio parahaemolyticus]
WP_157625361.1	other	Vibrio parahaemolyticus	372.0	250.8	WP_157625361.1 DmsE family decaheme c-type cytochrome [Vibrio parahaemolyticus]
XXC45238.1	other	Vibrio parahaemolyticus	372.0	251.5	XXC45238.1 DmsE family decaheme c-type cytochrome [Vibrio parahaemolyticus]
WP_043045387.1	other	Vibrio parahaemolyticus	372.0	250.3	WP_043045387.1 DmsE family decaheme c-type cytochrome [Vibrio parahaemolyticus]
WZC04251.1	other	Vibrio parahaemolyticus	372.0	251.5	WZC04251.1 DmsE family decaheme c-type cytochrome [Vibrio parahaemolyticus]
XVN93697.1	other	Vibrio parahaemolyticus	372.0	251.5	XVN93697.1 DmsE family decaheme c-type cytochrome [Vibrio parahaemolyticus]
WP_069536502.1	other	Vibrio parahaemolyticus	372.0	251.5	WP_069536502.1 DmsE family decaheme c-type cytochrome [Vibrio parahaemolyticus]
WP_407007032.1	other	Vibrio parahaemolyticus	372.0	248.7	WP_407007032.1 DmsE family decaheme c-type cytochrome [Vibrio parahaemolyticus]
WP_145474218.1	other	Vibrio	372.0	252.7	WP_145474218.1 MULTISPECIES: DmsE family decaheme c-type cytochrome [Vibrio]
WAT91350.1	other	Vibrio parahaemolyticus	372.0	251.5	WAT91350.1 DmsE family decaheme c-type cytochrome [Vibrio parahaemolyticus]
WP_140134771.1	other	Vibrio parahaemolyticus	372.0	248.5	WP_140134771.1 DmsE family decaheme c-type cytochrome [Vibrio parahaemolyticus]
XQL10290.1	other	Vibrio parahaemolyticus	372.0	251.5	XQL10290.1 DmsE family decaheme c-type cytochrome [Vibrio parahaemolyticus]
XAE91117.1	other	Vibrio parahaemolyticus	372.0	251.5	XAE91117.1 DmsE family decaheme c-type cytochrome [Vibrio parahaemolyticus]
WZB98943.1	other	Vibrio parahaemolyticus	372.0	251.5	WZB98943.1 DmsE family decaheme c-type cytochrome [Vibrio parahaemolyticus]
WP_407558637.1	other	Vibrio parahaemolyticus	372.0	250.7	WP_407558637.1 DmsE family decaheme c-type cytochrome [Vibrio parahaemolyticus]
WP_140113426.1	other	Vibrio parahaemolyticus	371.9	249.6	WP_140113426.1 DmsE family decaheme c-type cytochrome [Vibrio parahaemolyticus]
WP_206973797.1	other	Vibrio parahaemolyticus	371.9	250.3	WP_206973797.1 DmsE family decaheme c-type cytochrome [Vibrio parahaemolyticus]
WP_140300455.1	other	Vibrio parahaemolyticus	371.9	250.8	WP_140300455.1 DmsE family decaheme c-type cytochrome [Vibrio parahaemolyticus]
WP_267411758.1	other	Vibrio parahaemolyticus	371.9	253.3	WP_267411758.1 DmsE family decaheme c-type cytochrome [Vibrio parahaemolyticus]
WP_218763572.1	other	Vibrio parahaemolyticus	371.9	249.2	WP_218763572.1 DmsE family decaheme c-type cytochrome [Vibrio parahaemolyticus]
WP_395209361.1	other	Vibrio diabolicus	371.9	248.5	WP_395209361.1 DmsE family decaheme c-type cytochrome [Vibrio diabolicus]
WP_140052598.1	other	Vibrio parahaemolyticus	371.9	249.9	WP_140052598.1 DmsE family decaheme c-type cytochrome [Vibrio parahaemolyticus]
XYB88074.1	other	Vibrio parahaemolyticus	371.8	250.7	XYB88074.1 DmsE family decaheme c-type cytochrome [Vibrio parahaemolyticus]
ETY61911.1	other	Vibrio parahaemolyticus EKP-028	371.8	250.7	ETY61911.1 decaheme c-type cytochrome, DmsE family protein [Vibrio parahaemolyticus EKP-028]
TPA65551.1	other	Vibrio parahaemolyticus	371.8	250.7	TPA65551.1 DmsE family decaheme c-type cytochrome [Vibrio parahaemolyticus]
XYB97260.1	other	Vibrio parahaemolyticus	371.8	250.7	XYB97260.1 DmsE family decaheme c-type cytochrome [Vibrio parahaemolyticus]
UYM88989.1	other	Vibrio parahaemolyticus	371.8	250.7	UYM88989.1 DmsE family decaheme c-type cytochrome [Vibrio parahaemolyticus]
XZC26176.1	other	Vibrio parahaemolyticus	371.8	250.7	XZC26176.1 DmsE family decaheme c-type cytochrome [Vibrio parahaemolyticus]
EQL95351.1	other	Vibrio parahaemolyticus VP250	371.8	250.7	EQL95351.1 decaheme c-type cytochrome, DmsE family protein [Vibrio parahaemolyticus VP250]
WP_005462401.1	other	Vibrio parahaemolyticus	371.8	250.7	WP_005462401.1 DmsE family decaheme c-type cytochrome [Vibrio parahaemolyticus]
WCF31538.1	other	Vibrio parahaemolyticus	371.8	250.7	WCF31538.1 DmsE family decaheme c-type cytochrome [Vibrio parahaemolyticus]
TPA94157.1	other	Vibrio parahaemolyticus	371.8	250.7	TPA94157.1 DmsE family decaheme c-type cytochrome [Vibrio parahaemolyticus]
ETX78079.1	other	Vibrio parahaemolyticus Peru-288	371.8	250.7	ETX78079.1 decaheme c-type cytochrome, DmsE family protein [Vibrio parahaemolyticus Peru-288]
ETT11566.1	other	Vibrio parahaemolyticus 605	371.8	250.7	ETT11566.1 decaheme c-type cytochrome, DmsE family protein [Vibrio parahaemolyticus 605]
EQM37052.1	other	Vibrio parahaemolyticus 949	371.8	250.7	EQM37052.1 decaheme c-type cytochrome, DmsE family protein [Vibrio parahaemolyticus 949]
ETX24081.1	other	Vibrio parahaemolyticus IDH02640	371.8	250.7	ETX24081.1 decaheme c-type cytochrome, DmsE family protein [Vibrio parahaemolyticus IDH02640]
WP_140070040.1	other	Vibrio parahaemolyticus	371.8	251.4	WP_140070040.1 DmsE family decaheme c-type cytochrome [Vibrio parahaemolyticus]
WHQ40095.1	other	Vibrio parahaemolyticus	371.8	250.7	WHQ40095.1 DmsE family decaheme c-type cytochrome [Vibrio parahaemolyticus]
EQL91759.1	other	Vibrio parahaemolyticus VP232	371.8	250.7	EQL91759.1 decaheme c-type cytochrome, DmsE family protein [Vibrio parahaemolyticus VP232]
ETS23572.1	other	Vibrio parahaemolyticus B-265	371.8	250.7	ETS23572.1 decaheme c-type cytochrome, DmsE family protein [Vibrio parahaemolyticus B-265]
EVT78778.1	other	Vibrio parahaemolyticus V14/01	371.8	250.7	EVT78778.1 decaheme c-type cytochrome, DmsE family protein [Vibrio parahaemolyticus V14/01]
EUC26303.1	other	Vibrio parahaemolyticus 861	371.8	250.7	EUC26303.1 decaheme c-type cytochrome, DmsE family protein [Vibrio parahaemolyticus 861]
AZV71267.1	other	Vibrio parahaemolyticus	371.8	250.7	AZV71267.1 DmsE family decaheme c-type cytochrome [Vibrio parahaemolyticus]
EUD17637.1	other	Vibrio parahaemolyticus EKP-026	371.8	250.7	EUD17637.1 decaheme c-type cytochrome, DmsE family protein [Vibrio parahaemolyticus EKP-026]
ETX59706.1	other	Vibrio parahaemolyticus IDH02189	371.8	250.7	ETX59706.1 decaheme c-type cytochrome, DmsE family protein [Vibrio parahaemolyticus IDH02189]
WKX41511.1	other	Vibrio parahaemolyticus	371.8	250.7	WKX41511.1 DmsE family decaheme c-type cytochrome [Vibrio parahaemolyticus]
TPA52017.1	other	Vibrio parahaemolyticus	371.8	250.7	TPA52017.1 DmsE family decaheme c-type cytochrome [Vibrio parahaemolyticus]
WP_218758345.1	other	Vibrio parahaemolyticus	371.8	251.8	WP_218758345.1 DmsE family decaheme c-type cytochrome [Vibrio parahaemolyticus]
WP_256949799.1	other	Vibrio diabolicus	371.8	252.5	WP_256949799.1 DmsE family decaheme c-type cytochrome [Vibrio diabolicus]
WP_140283615.1	other	Vibrio parahaemolyticus	371.8	251.7	WP_140283615.1 DmsE family decaheme c-type cytochrome [Vibrio parahaemolyticus]
WP_047733127.1	other	Vibrio parahaemolyticus	371.8	250.3	WP_047733127.1 DmsE family decaheme c-type cytochrome [Vibrio parahaemolyticus]
EXJ39172.1	other	Vibrio parahaemolyticus VP-48	371.8	250.7	EXJ39172.1 decaheme c-type cytochrome, DmsE family protein [Vibrio parahaemolyticus VP-48]
WP_272151808.1	other	Vibrio parahaemolyticus	371.8	247.8	WP_272151808.1 DmsE family decaheme c-type cytochrome [Vibrio parahaemolyticus]
EQM09747.1	other	Vibrio parahaemolyticus VP-NY4	371.8	250.7	EQM09747.1 decaheme c-type cytochrome, DmsE family protein [Vibrio parahaemolyticus VP-NY4]
WP_140371943.1	other	Vibrio parahaemolyticus	371.8	250.7	WP_140371943.1 DmsE family decaheme c-type cytochrome [Vibrio parahaemolyticus]
BFT13255.1	other	Vibrio parahaemolyticus	371.8	250.7	BFT13255.1 DmsE family decaheme c-type cytochrome [Vibrio parahaemolyticus]
XYB94896.1	other	Vibrio parahaemolyticus	371.8	250.7	XYB94896.1 DmsE family decaheme c-type cytochrome [Vibrio parahaemolyticus]
WP_065870542.1	other	Vibrio parahaemolyticus	371.8	251.8	WP_065870542.1 DmsE family decaheme c-type cytochrome [Vibrio parahaemolyticus]
EQM01483.1	other	Vibrio parahaemolyticus NIHCB0603	371.8	250.7	EQM01483.1 decaheme c-type cytochrome, DmsE family protein [Vibrio parahaemolyticus NIHCB0603]
XLX73167.1	other	Vibrio parahaemolyticus	371.8	250.7	XLX73167.1 DmsE family decaheme c-type cytochrome [Vibrio parahaemolyticus]
XYB65120.1	other	Vibrio parahaemolyticus	371.8	250.7	XYB65120.1 DmsE family decaheme c-type cytochrome [Vibrio parahaemolyticus]
WP_053340565.1	other	Vibrio parahaemolyticus	371.8	252.3	WP_053340565.1 DmsE family decaheme c-type cytochrome [Vibrio parahaemolyticus]
WP_274028112.1	other	Vibrio parahaemolyticus	371.7	249.5	WP_274028112.1 DmsE family decaheme c-type cytochrome [Vibrio parahaemolyticus]
WP_140148907.1	other	Vibrio parahaemolyticus	371.7	251.8	WP_140148907.1 DmsE family decaheme c-type cytochrome [Vibrio parahaemolyticus]
WP_139059481.1	other	Vibrio	371.7	252.7	WP_139059481.1 MULTISPECIES: DmsE family decaheme c-type cytochrome [Vibrio]
WP_253643712.1	other	Vibrio	371.7	252.5	WP_253643712.1 MULTISPECIES: DmsE family decaheme c-type cytochrome [Vibrio]
TNC13810.1	other	Vibrio diabolicus	371.7	252.7	TNC13810.1 DmsE family decaheme c-type cytochrome [Vibrio diabolicus]
WP_104974238.1	other	Vibrio diabolicus	371.7	253.9	WP_104974238.1 DmsE family decaheme c-type cytochrome [Vibrio diabolicus]
WP_301568002.1	other	Vibrio antiquarius	371.7	255.2	WP_301568002.1 DmsE family decaheme c-type cytochrome [Vibrio antiquarius]
WP_423840387.1	other	Vibrio mytili	371.7	250.8	WP_423840387.1 DmsE family decaheme c-type cytochrome [Vibrio mytili]
WP_265571776.1	other	Vibrio parahaemolyticus	371.7	248.8	WP_265571776.1 DmsE family decaheme c-type cytochrome [Vibrio parahaemolyticus]
XRF80246.1	other	Vibrio mytili	371.7	250.8	XRF80246.1 DmsE family decaheme c-type cytochrome [Vibrio mytili]
WP_140099481.1	other	Vibrio parahaemolyticus	371.7	251.8	WP_140099481.1 DmsE family decaheme c-type cytochrome [Vibrio parahaemolyticus]
WP_078533384.1	other	Vibrio parahaemolyticus	371.7	250.5	WP_078533384.1 DmsE family decaheme c-type cytochrome [Vibrio parahaemolyticus]
WP_046874811.1	other	Vibrio diabolicus	371.6	249.6	WP_046874811.1 DmsE family decaheme c-type cytochrome [Vibrio diabolicus]
WP_140265017.1	other	Vibrio parahaemolyticus	371.6	250.8	WP_140265017.1 DmsE family decaheme c-type cytochrome [Vibrio parahaemolyticus]
WP_140338617.1	other	Vibrio parahaemolyticus	371.6	251.2	WP_140338617.1 DmsE family decaheme c-type cytochrome [Vibrio parahaemolyticus]
WP_140356907.1	other	Vibrio parahaemolyticus	371.6	251.2	WP_140356907.1 DmsE family decaheme c-type cytochrome [Vibrio parahaemolyticus]
WP_140330375.1	other	Vibrio harveyi group	371.6	250.3	WP_140330375.1 MULTISPECIES: DmsE family decaheme c-type cytochrome [Vibrio harveyi group]
WP_193229461.1	other	Vibrio parahaemolyticus	371.6	250.2	WP_193229461.1 DmsE family decaheme c-type cytochrome [Vibrio parahaemolyticus]
WP_182008042.1	other	Vibrio sp. B1FLJ16	371.5	250.4	WP_182008042.1 DmsE family decaheme c-type cytochrome [Vibrio sp. B1FLJ16]
WP_140146023.1	other	Vibrio parahaemolyticus	371.5	251.1	WP_140146023.1 DmsE family decaheme c-type cytochrome [Vibrio parahaemolyticus]
WP_458067711.1	other	Vibrio parahaemolyticus	371.5	250.3	WP_458067711.1 DmsE family decaheme c-type cytochrome [Vibrio parahaemolyticus]
WP_268979514.1	other	Vibrio diabolicus	371.5	251.0	WP_268979514.1 DmsE family decaheme c-type cytochrome [Vibrio diabolicus]
WP_140100310.1	other	Vibrio parahaemolyticus	371.5	250.2	WP_140100310.1 DmsE family decaheme c-type cytochrome [Vibrio parahaemolyticus]
QRH13997.1	other	Vibrio parahaemolyticus	371.5	251.4	QRH13997.1 DmsE family decaheme c-type cytochrome [Vibrio parahaemolyticus]
WP_208871021.1	other	Vibrio	371.5	251.4	WP_208871021.1 MULTISPECIES: DmsE family decaheme c-type cytochrome [Vibrio]
WP_103882638.1	other	Vibrio hangzhouensis	371.4	237.6	WP_103882638.1 DmsE family decaheme c-type cytochrome [Vibrio hangzhouensis]
WP_281189998.1	other	Vibrio diabolicus	371.4	252.7	WP_281189998.1 DmsE family decaheme c-type cytochrome [Vibrio diabolicus]
SEG73044.1	other	Vibrio hangzhouensis	371.4	237.6	SEG73044.1 decaheme c-type cytochrome, DmsE family [Vibrio hangzhouensis]
WP_218748426.1	other	Vibrio parahaemolyticus	371.4	250.5	WP_218748426.1 DmsE family decaheme c-type cytochrome [Vibrio parahaemolyticus]
WP_140065623.1	other	Vibrio harveyi group	371.4	248.6	WP_140065623.1 MULTISPECIES: DmsE family decaheme c-type cytochrome [Vibrio harveyi group]
TOZ88336.1	other	Vibrio parahaemolyticus	371.3	250.1	TOZ88336.1 DmsE family decaheme c-type cytochrome [Vibrio parahaemolyticus]
WP_025498730.1	other	Vibrio harveyi group	371.3	250.1	WP_025498730.1 MULTISPECIES: DmsE family decaheme c-type cytochrome [Vibrio harveyi group]
WMP08817.1	other	Vibrio parahaemolyticus	371.3	250.1	WMP08817.1 DmsE family decaheme c-type cytochrome [Vibrio parahaemolyticus]
RCW26594.1	other	Vibrio parahaemolyticus	371.3	250.1	RCW26594.1 DmsE family decaheme c-type cytochrome [Vibrio parahaemolyticus]
THE62254.1	other	Vibrio parahaemolyticus	371.3	250.1	THE62254.1 DmsE family decaheme c-type cytochrome [Vibrio parahaemolyticus]
WP_256928637.1	other	Vibrio parahaemolyticus	371.3	248.8	WP_256928637.1 DmsE family decaheme c-type cytochrome [Vibrio parahaemolyticus]
TBT92419.1	other	Vibrio parahaemolyticus	371.3	250.1	TBT92419.1 DmsE family decaheme c-type cytochrome [Vibrio parahaemolyticus]
TBT19672.1	other	Vibrio parahaemolyticus	371.3	248.5	TBT19672.1 DmsE family decaheme c-type cytochrome [Vibrio parahaemolyticus]
WP_273976896.1	other	Vibrio parahaemolyticus	371.3	251.4	WP_273976896.1 DmsE family decaheme c-type cytochrome [Vibrio parahaemolyticus]
WP_434068426.1	other	Vibrio parahaemolyticus	371.3	251.1	WP_434068426.1 DmsE family decaheme c-type cytochrome [Vibrio parahaemolyticus]
WP_256928249.1	other	Vibrio parahaemolyticus	371.3	249.9	WP_256928249.1 DmsE family decaheme c-type cytochrome [Vibrio parahaemolyticus]
WP_047508777.1	other	Vibrio parahaemolyticus	371.3	249.5	WP_047508777.1 DmsE family decaheme c-type cytochrome [Vibrio parahaemolyticus]
WP_169615847.1	other	Vibrio parahaemolyticus	371.3	250.3	WP_169615847.1 DmsE family decaheme c-type cytochrome [Vibrio parahaemolyticus]
TBT36240.1	other	Vibrio parahaemolyticus	371.3	250.1	TBT36240.1 DmsE family decaheme c-type cytochrome [Vibrio parahaemolyticus]
WP_110176823.1	other	Vibrio parahaemolyticus	371.2	250.6	WP_110176823.1 DmsE family decaheme c-type cytochrome [Vibrio parahaemolyticus]
WP_140221787.1	other	Vibrio parahaemolyticus	371.2	251.7	WP_140221787.1 DmsE family decaheme c-type cytochrome [Vibrio parahaemolyticus]
WP_069538268.1	other	Vibrio parahaemolyticus	371.2	251.4	WP_069538268.1 DmsE family decaheme c-type cytochrome [Vibrio parahaemolyticus]
WP_238817399.1	other	Vibrio parahaemolyticus	371.2	251.8	WP_238817399.1 DmsE family decaheme c-type cytochrome [Vibrio parahaemolyticus]
WP_395193603.1	other	Vibrio diabolicus	371.2	252.0	WP_395193603.1 DmsE family decaheme c-type cytochrome [Vibrio diabolicus]
XCZ48485.1	other	Vibrio parahaemolyticus	371.2	250.6	XCZ48485.1 DmsE family decaheme c-type cytochrome [Vibrio parahaemolyticus]
WP_140092155.1	other	Vibrio parahaemolyticus	371.1	251.6	WP_140092155.1 DmsE family decaheme c-type cytochrome [Vibrio parahaemolyticus]
WP_074544386.1	other	Vibrio parahaemolyticus	371.0	250.0	WP_074544386.1 DmsE family decaheme c-type cytochrome [Vibrio parahaemolyticus]
WP_158127942.1	other	Vibrio parahaemolyticus	371.0	252.5	WP_158127942.1 DmsE family decaheme c-type cytochrome [Vibrio parahaemolyticus]
WP_317395064.1	other	Vibrio diabolicus	371.0	251.5	WP_317395064.1 DmsE family decaheme c-type cytochrome [Vibrio diabolicus]
WP_182020768.1	other	Vibrio parahaemolyticus	370.9	250.8	WP_182020768.1 DmsE family decaheme c-type cytochrome [Vibrio parahaemolyticus]
WP_317588139.1	other	Vibrio sp. EA2	370.9	245.0	WP_317588139.1 DmsE family decaheme c-type cytochrome [Vibrio sp. EA2]
WP_069505055.1	other	Vibrio	370.9	253.6	WP_069505055.1 MULTISPECIES: DmsE family decaheme c-type cytochrome [Vibrio]
WP_218755460.1	other	Vibrio parahaemolyticus	370.9	250.4	WP_218755460.1 DmsE family decaheme c-type cytochrome [Vibrio parahaemolyticus]
WP_446635554.1	other	Vibrio rotiferianus	370.9	252.2	WP_446635554.1 DmsE family decaheme c-type cytochrome [Vibrio rotiferianus]
WP_058964554.1	other	Vibrio parahaemolyticus	370.9	248.8	WP_058964554.1 DmsE family decaheme c-type cytochrome [Vibrio parahaemolyticus]
WP_053314306.1	other	Vibrio parahaemolyticus	370.9	250.7	WP_053314306.1 DmsE family decaheme c-type cytochrome [Vibrio parahaemolyticus]
WP_446624848.1	other	Vibrio rotiferianus	370.9	253.2	WP_446624848.1 DmsE family decaheme c-type cytochrome [Vibrio rotiferianus]
WP_069542436.1	other	Vibrio parahaemolyticus	370.8	250.1	WP_069542436.1 DmsE family decaheme c-type cytochrome [Vibrio parahaemolyticus]
WP_025633011.1	other	Vibrio parahaemolyticus	370.8	251.0	WP_025633011.1 DmsE family decaheme c-type cytochrome [Vibrio parahaemolyticus]
WP_446547958.1	other	Vibrio mediterranei	370.8	235.8	WP_446547958.1 DmsE family decaheme c-type cytochrome [Vibrio mediterranei]
WP_140302585.1	other	Vibrio parahaemolyticus	370.8	250.8	WP_140302585.1 DmsE family decaheme c-type cytochrome [Vibrio parahaemolyticus]
WP_258476260.1	other	Vibrio parahaemolyticus	370.7	250.3	WP_258476260.1 DmsE family decaheme c-type cytochrome [Vibrio parahaemolyticus]
WP_140374928.1	other	Vibrio parahaemolyticus	370.7	249.1	WP_140374928.1 DmsE family decaheme c-type cytochrome [Vibrio parahaemolyticus]
WP_140381948.1	other	Vibrio parahaemolyticus	370.7	248.4	WP_140381948.1 DmsE family decaheme c-type cytochrome [Vibrio parahaemolyticus]
WP_420781887.1	other	Vibrio parahaemolyticus	370.7	251.1	WP_420781887.1 DmsE family decaheme c-type cytochrome [Vibrio parahaemolyticus]
WP_258616467.1	other	Vibrio diabolicus	370.7	251.3	WP_258616467.1 DmsE family decaheme c-type cytochrome [Vibrio diabolicus]
WP_256964798.1	other	Vibrio diabolicus	370.7	252.2	WP_256964798.1 DmsE family decaheme c-type cytochrome [Vibrio diabolicus]
WP_140089257.1	other	Vibrio parahaemolyticus	370.6	250.5	WP_140089257.1 DmsE family decaheme c-type cytochrome [Vibrio parahaemolyticus]
WP_025610087.1	other	Vibrio parahaemolyticus	370.5	251.0	WP_025610087.1 DmsE family decaheme c-type cytochrome [Vibrio parahaemolyticus]
WP_140129146.1	other	Vibrio parahaemolyticus	370.5	249.4	WP_140129146.1 DmsE family decaheme c-type cytochrome [Vibrio parahaemolyticus]
WP_140278499.1	other	Vibrio parahaemolyticus	370.5	251.2	WP_140278499.1 DmsE family decaheme c-type cytochrome [Vibrio parahaemolyticus]
WP_406990018.1	other	Vibrio parahaemolyticus	370.5	250.0	WP_406990018.1 DmsE family decaheme c-type cytochrome [Vibrio parahaemolyticus]
WP_140077060.1	other	Vibrio parahaemolyticus	370.5	249.9	WP_140077060.1 DmsE family decaheme c-type cytochrome [Vibrio parahaemolyticus]
XYB85908.1	other	Vibrio parahaemolyticus	370.4	250.3	XYB85908.1 DmsE family decaheme c-type cytochrome [Vibrio parahaemolyticus]
UPR12334.1	other	Vibrio parahaemolyticus	370.4	250.3	UPR12334.1 DmsE family decaheme c-type cytochrome [Vibrio parahaemolyticus]
AYO04777.1	other	Vibrio parahaemolyticus	370.4	250.3	AYO04777.1 DmsE family decaheme c-type cytochrome [Vibrio parahaemolyticus]
WP_053315814.1	other	Vibrio parahaemolyticus	370.4	250.3	WP_053315814.1 DmsE family decaheme c-type cytochrome [Vibrio parahaemolyticus]
WP_408679723.1	other	Vibrio	370.4	252.0	WP_408679723.1 MULTISPECIES: DmsE family decaheme c-type cytochrome [Vibrio]
WP_077283995.1	other	Vibrio parahaemolyticus	370.4	251.1	WP_077283995.1 DmsE family decaheme c-type cytochrome [Vibrio parahaemolyticus]
XRN02615.1	other	Vibrio parahaemolyticus	370.4	250.3	XRN02615.1 DmsE family decaheme c-type cytochrome [Vibrio parahaemolyticus]
XAV97804.1	other	Vibrio parahaemolyticus	370.4	250.3	XAV97804.1 DmsE family decaheme c-type cytochrome [Vibrio parahaemolyticus]
WP_025558541.1	other	Vibrio parahaemolyticus	370.4	249.9	WP_025558541.1 DmsE family decaheme c-type cytochrome [Vibrio parahaemolyticus]
WP_140291096.1	other	Vibrio parahaemolyticus	370.3	249.3	WP_140291096.1 DmsE family decaheme c-type cytochrome [Vibrio parahaemolyticus]
WP_025533504.1	other	Vibrio parahaemolyticus	370.3	249.1	WP_025533504.1 DmsE family decaheme c-type cytochrome [Vibrio parahaemolyticus]
WP_042763620.1	other	Vibrio parahaemolyticus	370.2	249.9	WP_042763620.1 DmsE family decaheme c-type cytochrome [Vibrio parahaemolyticus]
WP_241572830.1	other	Vibrio parahaemolyticus	370.2	250.6	WP_241572830.1 DmsE family decaheme c-type cytochrome [Vibrio parahaemolyticus]
WP_140202755.1	other	Vibrio parahaemolyticus	370.1	251.4	WP_140202755.1 DmsE family decaheme c-type cytochrome [Vibrio parahaemolyticus]
YDE75077.1	other	Vibrio diabolicus	370.1	252.7	YDE75077.1 DmsE family decaheme c-type cytochrome [Vibrio diabolicus]
WP_042766775.1	other	Vibrio parahaemolyticus	370.1	251.9	WP_042766775.1 DmsE family decaheme c-type cytochrome [Vibrio parahaemolyticus]
WP_343429332.1	other	Vibrio diabolicus	370.1	252.7	WP_343429332.1 DmsE family decaheme c-type cytochrome [Vibrio diabolicus]
WP_069544404.1	other	Vibrio parahaemolyticus	370.1	250.1	WP_069544404.1 DmsE family decaheme c-type cytochrome [Vibrio parahaemolyticus]
WP_428652076.1	other	Photobacterium satsumensis	370.0	250.3	WP_428652076.1 DmsE family decaheme c-type cytochrome [Photobacterium satsumensis]
WP_350225789.1	other	Vibrio parahaemolyticus	370.0	249.4	WP_350225789.1 DmsE family decaheme c-type cytochrome [Vibrio parahaemolyticus]
WP_348560182.1	other	Vibrio parahaemolyticus	369.9	247.6	WP_348560182.1 DmsE family decaheme c-type cytochrome [Vibrio parahaemolyticus]
WP_440890036.1	other	Vibrio sp. WZ-1	369.9	251.5	WP_440890036.1 DmsE family decaheme c-type cytochrome [Vibrio sp. WZ-1]
WP_077281255.1	other	Vibrio sp. SALL6	369.8	246.6	WP_077281255.1 DmsE family decaheme c-type cytochrome [Vibrio sp. SALL6]
WP_141180251.1	other	Vibrio parahaemolyticus	369.8	248.4	WP_141180251.1 DmsE family decaheme c-type cytochrome [Vibrio parahaemolyticus]
QDG85658.1	other	Vibrio parahaemolyticus	369.8	248.4	QDG85658.1 DmsE family decaheme c-type cytochrome [Vibrio parahaemolyticus]
XYC13435.1	other	Vibrio parahaemolyticus	369.8	248.4	XYC13435.1 DmsE family decaheme c-type cytochrome [Vibrio parahaemolyticus]
WMO21893.1	other	Vibrio parahaemolyticus	369.7	249.8	WMO21893.1 DmsE family decaheme c-type cytochrome [Vibrio parahaemolyticus]
WP_025555788.1	other	Vibrio parahaemolyticus	369.7	246.9	WP_025555788.1 DmsE family decaheme c-type cytochrome [Vibrio parahaemolyticus]
WP_029815268.1	other	Vibrio parahaemolyticus	369.7	250.1	WP_029815268.1 DmsE family decaheme c-type cytochrome [Vibrio parahaemolyticus]
WP_069493923.1	other	Vibrio parahaemolyticus	369.7	251.6	WP_069493923.1 DmsE family decaheme c-type cytochrome [Vibrio parahaemolyticus]
WP_318117518.1	other	Vibrio sp. 1074	369.7	252.5	WP_318117518.1 DmsE family decaheme c-type cytochrome [Vibrio sp. 1074]
WP_473571784.1	other	Vibrio parahaemolyticus	369.7	249.0	WP_473571784.1 DmsE family decaheme c-type cytochrome [Vibrio parahaemolyticus]
WP_455294441.1	other	Vibrio parahaemolyticus	369.5	249.2	WP_455294441.1 DmsE family decaheme c-type cytochrome [Vibrio parahaemolyticus]
WP_140216340.1	other	Vibrio parahaemolyticus	369.4	248.9	WP_140216340.1 DmsE family decaheme c-type cytochrome [Vibrio parahaemolyticus]
WP_458065077.1	other	Vibrio parahaemolyticus	369.3	249.0	WP_458065077.1 DmsE family decaheme c-type cytochrome [Vibrio parahaemolyticus]
WP_275862347.1	other	Vibrio sp. CAU 1672	369.3	237.5	WP_275862347.1 DmsE family decaheme c-type cytochrome [Vibrio sp. CAU 1672]
WP_286995498.1	Shewanella_DmsE	Shewanella sp.	369.2	163.8	WP_286995498.1 DmsE family decaheme c-type cytochrome, partial [Shewanella sp.]
WP_374081133.1	other	Vibrio diabolicus	368.9	250.3	WP_374081133.1 DmsE family decaheme c-type cytochrome [Vibrio diabolicus]
WP_145532246.1	other	Vibrio diabolicus	368.8	251.7	WP_145532246.1 DmsE family decaheme c-type cytochrome [Vibrio diabolicus]
WP_140351513.1	other	Vibrio parahaemolyticus	368.3	248.0	WP_140351513.1 DmsE family decaheme c-type cytochrome [Vibrio parahaemolyticus]
WP_367000230.1	other	Vibrio diabolicus	368.3	251.6	WP_367000230.1 DmsE family decaheme c-type cytochrome [Vibrio diabolicus]
WP_140369192.1	other	Vibrio parahaemolyticus	368.3	248.4	WP_140369192.1 DmsE family decaheme c-type cytochrome [Vibrio parahaemolyticus]
WP_446615884.1	other	Vibrio alfacsensis	368.2	247.6	WP_446615884.1 DmsE family decaheme c-type cytochrome [Vibrio alfacsensis]
WP_318223082.1	other	Vibrio sp. Vb0667	367.9	245.4	WP_318223082.1 DmsE family decaheme c-type cytochrome, partial [Vibrio sp. Vb0667]
WP_219178181.1	other	Ferrimonas balearica	367.5	213.8	WP_219178181.1 DmsE family decaheme c-type cytochrome, partial [Ferrimonas balearica]
WP_267420599.1	other	Vibrio parahaemolyticus	367.2	249.6	WP_267420599.1 DmsE family decaheme c-type cytochrome [Vibrio parahaemolyticus]
WP_318089773.1	other	Vibrio sp. Vb0349	366.9	248.1	WP_318089773.1 DmsE family decaheme c-type cytochrome [Vibrio sp. Vb0349]
WP_140387653.1	other	Vibrio parahaemolyticus	366.9	245.2	WP_140387653.1 DmsE family decaheme c-type cytochrome [Vibrio parahaemolyticus]
WP_446608682.1	other	Vibrio alfacsensis	366.3	245.6	WP_446608682.1 DmsE family decaheme c-type cytochrome [Vibrio alfacsensis]
WP_099078712.1	other	Vibrio	366.2	246.0	WP_099078712.1 MULTISPECIES: DmsE family decaheme c-type cytochrome [Vibrio]
WP_394452502.1	other	Vibrio diabolicus	365.8	248.2	WP_394452502.1 DmsE family decaheme c-type cytochrome [Vibrio diabolicus]
WP_140206033.1	other	Vibrio parahaemolyticus	364.6	248.2	WP_140206033.1 DmsE family decaheme c-type cytochrome, partial [Vibrio parahaemolyticus]
WP_161607688.1	other	Vibrio parahaemolyticus	364.3	247.5	WP_161607688.1 DmsE family decaheme c-type cytochrome [Vibrio parahaemolyticus]
RZQ37202.1	other	Vibrio vulnificus	364.2	247.1	RZQ37202.1 DmsE family decaheme c-type cytochrome [Vibrio vulnificus]
WP_130193840.1	other	Vibrio vulnificus	364.2	247.1	WP_130193840.1 DmsE family decaheme c-type cytochrome [Vibrio vulnificus]
WP_029847653.1	other	Vibrio parahaemolyticus	364.1	247.8	WP_029847653.1 DmsE family decaheme c-type cytochrome, partial [Vibrio parahaemolyticus]
WP_103182269.1	other	Vibrio vulnificus	363.9	246.2	WP_103182269.1 DmsE family decaheme c-type cytochrome [Vibrio vulnificus]
WP_031842447.1	other	Vibrio parahaemolyticus	363.5	246.1	WP_031842447.1 DmsE family decaheme c-type cytochrome, partial [Vibrio parahaemolyticus]
WP_349955619.1	other	Vibrio vulnificus	363.1	248.2	WP_349955619.1 DmsE family decaheme c-type cytochrome [Vibrio vulnificus]
WP_103198025.1	other	Vibrio vulnificus	363.0	248.2	WP_103198025.1 DmsE family decaheme c-type cytochrome [Vibrio vulnificus]
WP_080533907.1	other	Vibrio vulnificus	362.8	246.2	WP_080533907.1 DmsE family decaheme c-type cytochrome [Vibrio vulnificus]
WP_080527206.1	other	Vibrio vulnificus	362.8	246.5	WP_080527206.1 DmsE family decaheme c-type cytochrome [Vibrio vulnificus]
WP_332163089.1	other	Vibrio vulnificus	362.7	249.4	WP_332163089.1 DmsE family decaheme c-type cytochrome [Vibrio vulnificus]
WP_284159490.1	other	Vibrio vulnificus	362.7	245.5	WP_284159490.1 DmsE family decaheme c-type cytochrome [Vibrio vulnificus]
RZP60481.1	other	Vibrio vulnificus	362.5	246.2	RZP60481.1 DmsE family decaheme c-type cytochrome [Vibrio vulnificus]
WP_047111949.1	other	Vibrio vulnificus	362.5	246.2	WP_047111949.1 DmsE family decaheme c-type cytochrome [Vibrio vulnificus]
WP_446314904.1	other	Vibrio vulnificus	362.5	246.2	WP_446314904.1 DmsE family decaheme c-type cytochrome [Vibrio vulnificus]
WP_039448213.1	other	Vibrio vulnificus	362.5	246.2	WP_039448213.1 DmsE family decaheme c-type cytochrome [Vibrio vulnificus]
WP_045598273.1	other	Vibrio vulnificus	362.4	247.2	WP_045598273.1 DmsE family decaheme c-type cytochrome [Vibrio vulnificus]
QMV38374.1	other	Vibrio vulnificus	362.4	247.2	QMV38374.1 DmsE family decaheme c-type cytochrome [Vibrio vulnificus]
RZQ91226.1	other	Vibrio vulnificus	362.4	247.2	RZQ91226.1 DmsE family decaheme c-type cytochrome [Vibrio vulnificus]
RZQ51025.1	other	Vibrio vulnificus	362.4	247.2	RZQ51025.1 DmsE family decaheme c-type cytochrome [Vibrio vulnificus]
PUZ94062.1	other	Vibrio vulnificus	362.4	247.2	PUZ94062.1 DmsE family decaheme c-type cytochrome [Vibrio vulnificus]
WP_176310200.1	other	Vibrio vulnificus	362.4	247.0	WP_176310200.1 DmsE family decaheme c-type cytochrome [Vibrio vulnificus]
RZQ07696.1	other	Vibrio vulnificus	362.4	247.2	RZQ07696.1 DmsE family decaheme c-type cytochrome [Vibrio vulnificus]
PUZ85269.1	other	Vibrio vulnificus	362.4	247.2	PUZ85269.1 DmsE family decaheme c-type cytochrome [Vibrio vulnificus]
WP_238792899.1	other	Vibrio vulnificus	362.3	246.3	WP_238792899.1 DmsE family decaheme c-type cytochrome [Vibrio vulnificus]
WP_045610624.1	other	Vibrio vulnificus	362.1	246.8	WP_045610624.1 DmsE family decaheme c-type cytochrome [Vibrio vulnificus]
WP_238819186.1	other	Vibrio vulnificus	361.9	245.5	WP_238819186.1 DmsE family decaheme c-type cytochrome [Vibrio vulnificus]
WP_065091063.1	other	Vibrio vulnificus	361.9	245.6	WP_065091063.1 DmsE family decaheme c-type cytochrome [Vibrio vulnificus]
RZP83221.1	other	Vibrio vulnificus	361.9	247.8	RZP83221.1 DmsE family decaheme c-type cytochrome [Vibrio vulnificus]
RZP78441.1	other	Vibrio vulnificus	361.9	247.8	RZP78441.1 DmsE family decaheme c-type cytochrome [Vibrio vulnificus]
WP_130199774.1	other	Vibrio vulnificus	361.9	247.8	WP_130199774.1 DmsE family decaheme c-type cytochrome [Vibrio vulnificus]
RZQ11777.1	other	Vibrio vulnificus	361.9	245.6	RZQ11777.1 DmsE family decaheme c-type cytochrome [Vibrio vulnificus]
WP_045590264.1	other	Vibrio vulnificus	361.9	245.2	WP_045590264.1 DmsE family decaheme c-type cytochrome [Vibrio vulnificus]
WNJ71900.1	other	Vibrio vulnificus	361.9	245.6	WNJ71900.1 DmsE family decaheme c-type cytochrome [Vibrio vulnificus]
WHE23607.1	other	Vibrio vulnificus	361.9	245.6	WHE23607.1 DmsE family decaheme c-type cytochrome [Vibrio vulnificus]
RZP61423.1	other	Vibrio vulnificus	361.9	245.6	RZP61423.1 DmsE family decaheme c-type cytochrome [Vibrio vulnificus]
RZR17338.1	other	Vibrio vulnificus	361.9	245.6	RZR17338.1 DmsE family decaheme c-type cytochrome [Vibrio vulnificus]
RZQ34103.1	other	Vibrio vulnificus	361.9	245.6	RZQ34103.1 DmsE family decaheme c-type cytochrome [Vibrio vulnificus]
RZP63662.1	other	Vibrio vulnificus	361.9	245.6	RZP63662.1 DmsE family decaheme c-type cytochrome [Vibrio vulnificus]
WP_206635542.1	other	Vibrio vulnificus	361.8	247.8	WP_206635542.1 DmsE family decaheme c-type cytochrome [Vibrio vulnificus]
WP_158122457.1	other	Vibrio vulnificus	361.8	242.8	WP_158122457.1 DmsE family decaheme c-type cytochrome [Vibrio vulnificus]
RZQ12516.1	other	Vibrio vulnificus	361.7	241.1	RZQ12516.1 DmsE family decaheme c-type cytochrome [Vibrio vulnificus]
WP_238831621.1	other	Vibrio vulnificus	361.7	243.3	WP_238831621.1 DmsE family decaheme c-type cytochrome [Vibrio vulnificus]
WP_130239364.1	other	Vibrio vulnificus	361.7	241.1	WP_130239364.1 DmsE family decaheme c-type cytochrome [Vibrio vulnificus]
WP_088428388.1	other	Vibrio vulnificus	361.6	245.2	WP_088428388.1 DmsE family decaheme c-type cytochrome [Vibrio vulnificus]
WP_337835810.1	other	Vibrio vulnificus	361.6	244.5	WP_337835810.1 DmsE family decaheme c-type cytochrome [Vibrio vulnificus]
WP_072616177.1	other	Vibrio vulnificus	361.6	248.8	WP_072616177.1 DmsE family decaheme c-type cytochrome [Vibrio vulnificus]
XNL66785.1	other	Vibrio vulnificus	361.6	245.2	XNL66785.1 DmsE family decaheme c-type cytochrome [Vibrio vulnificus]
PUZ93747.1	other	Vibrio vulnificus	361.6	245.2	PUZ93747.1 DmsE family decaheme c-type cytochrome [Vibrio vulnificus]
XKV00344.1	other	Vibrio vulnificus	361.5	244.6	XKV00344.1 DmsE family decaheme c-type cytochrome [Vibrio vulnificus]
WP_017790813.1	other	Vibrio vulnificus	361.5	244.6	WP_017790813.1 DmsE family decaheme c-type cytochrome [Vibrio vulnificus]
WP_434079740.1	other	Vibrio vulnificus	361.5	246.0	WP_434079740.1 DmsE family decaheme c-type cytochrome [Vibrio vulnificus]
WP_315628409.1	other	Vibrio vulnificus	361.4	246.7	WP_315628409.1 DmsE family decaheme c-type cytochrome [Vibrio vulnificus]
WP_072603739.1	other	Vibrio vulnificus	361.3	245.3	WP_072603739.1 DmsE family decaheme c-type cytochrome [Vibrio vulnificus]
WP_102476452.1	Shewanella_DmsE	Shewanella sp. 10N.286.52.C2	361.3	162.6	WP_102476452.1 DmsE family decaheme c-type cytochrome, partial [Shewanella sp. 10N.286.52.C2]
RZQ21193.1	other	Vibrio vulnificus	361.1	241.9	RZQ21193.1 DmsE family decaheme c-type cytochrome [Vibrio vulnificus]
RZQ15466.1	other	Vibrio vulnificus	361.1	241.9	RZQ15466.1 DmsE family decaheme c-type cytochrome [Vibrio vulnificus]
WP_058666635.1	other	Vibrio vulnificus	361.1	241.9	WP_058666635.1 DmsE family decaheme c-type cytochrome [Vibrio vulnificus]
RZQ76051.1	other	Vibrio vulnificus	361.1	241.9	RZQ76051.1 DmsE family decaheme c-type cytochrome [Vibrio vulnificus]
RZQ28172.1	other	Vibrio vulnificus	361.1	241.9	RZQ28172.1 DmsE family decaheme c-type cytochrome [Vibrio vulnificus]
WP_086468018.1	other	Vibrio vulnificus	360.8	242.3	WP_086468018.1 DmsE family decaheme c-type cytochrome [Vibrio vulnificus]
WP_108653922.1	other	Vibrio vulnificus	360.8	244.1	WP_108653922.1 DmsE family decaheme c-type cytochrome [Vibrio vulnificus]
WP_332169553.1	other	Vibrio vulnificus	360.7	246.3	WP_332169553.1 DmsE family decaheme c-type cytochrome [Vibrio vulnificus]
WP_080541380.1	other	Vibrio vulnificus	360.7	240.7	WP_080541380.1 DmsE family decaheme c-type cytochrome [Vibrio vulnificus]
WP_103195551.1	other	Vibrio vulnificus	360.7	246.2	WP_103195551.1 DmsE family decaheme c-type cytochrome [Vibrio vulnificus]
RZQ90640.1	other	Vibrio vulnificus	360.7	246.2	RZQ90640.1 DmsE family decaheme c-type cytochrome [Vibrio vulnificus]
PWY35332.1	other	Vibrio vulnificus	360.5	248.9	PWY35332.1 DmsE family decaheme c-type cytochrome [Vibrio vulnificus]
WP_172572788.1	other	Vibrio vulnificus	360.5	245.0	WP_172572788.1 DmsE family decaheme c-type cytochrome [Vibrio vulnificus]
CAM3784357.1	other	Vibrio vulnificus	360.5	248.9	CAM3784357.1 DmsE family decaheme c-type cytochrome [Vibrio vulnificus]
WP_011151988.1	other	Vibrio vulnificus	360.5	248.9	WP_011151988.1 DmsE family decaheme c-type cytochrome [Vibrio vulnificus]
WP_332187050.1	other	Vibrio vulnificus	360.5	245.7	WP_332187050.1 DmsE family decaheme c-type cytochrome [Vibrio vulnificus]
RZP90713.1	other	Vibrio vulnificus	360.4	243.0	RZP90713.1 DmsE family decaheme c-type cytochrome [Vibrio vulnificus]
WP_310947469.1	other	Vibrio vulnificus	360.4	244.7	WP_310947469.1 DmsE family decaheme c-type cytochrome [Vibrio vulnificus]
WP_158105689.1	other	Vibrio vulnificus	360.4	245.7	WP_158105689.1 DmsE family decaheme c-type cytochrome [Vibrio vulnificus]
RZQ80568.1	other	Vibrio vulnificus	360.4	243.0	RZQ80568.1 DmsE family decaheme c-type cytochrome [Vibrio vulnificus]
RZP82542.1	other	Vibrio vulnificus	360.4	243.0	RZP82542.1 DmsE family decaheme c-type cytochrome [Vibrio vulnificus]
RZR57689.1	other	Vibrio vulnificus	360.4	243.0	RZR57689.1 DmsE family decaheme c-type cytochrome [Vibrio vulnificus]
WP_130241413.1	other	Vibrio vulnificus	360.4	243.0	WP_130241413.1 DmsE family decaheme c-type cytochrome [Vibrio vulnificus]
WP_224635233.1	other	Vibrio vulnificus	360.4	245.4	WP_224635233.1 DmsE family decaheme c-type cytochrome [Vibrio vulnificus]
RZR13194.1	other	Vibrio vulnificus	360.4	243.0	RZR13194.1 DmsE family decaheme c-type cytochrome [Vibrio vulnificus]
RZR22364.1	other	Vibrio vulnificus	360.4	243.0	RZR22364.1 DmsE family decaheme c-type cytochrome [Vibrio vulnificus]
WP_038964635.1	other	Vibrio vulnificus	360.3	243.1	WP_038964635.1 DmsE family decaheme c-type cytochrome [Vibrio vulnificus]
RZR36998.1	other	Vibrio vulnificus	360.3	243.1	RZR36998.1 DmsE family decaheme c-type cytochrome [Vibrio vulnificus]
RZP88019.1	other	Vibrio vulnificus	360.2	240.9	RZP88019.1 DmsE family decaheme c-type cytochrome [Vibrio vulnificus]
WP_349954262.1	other	Vibrio vulnificus	360.2	246.2	WP_349954262.1 DmsE family decaheme c-type cytochrome [Vibrio vulnificus]
WP_130240942.1	other	Vibrio vulnificus	360.2	240.9	WP_130240942.1 DmsE family decaheme c-type cytochrome [Vibrio vulnificus]
WP_347367495.1	other	Vibrio vulnificus	360.1	244.8	WP_347367495.1 DmsE family decaheme c-type cytochrome [Vibrio vulnificus]
QBN16701.1	other	Vibrio vulnificus	360.0	243.4	QBN16701.1 DmsE family decaheme c-type cytochrome [Vibrio vulnificus]
XNL61795.1	other	Vibrio vulnificus	360.0	243.4	XNL61795.1 DmsE family decaheme c-type cytochrome [Vibrio vulnificus]
CAM4465117.1	other	Vibrio vulnificus	360.0	243.4	CAM4465117.1 DmsE family decaheme c-type cytochrome [Vibrio vulnificus]
RZR03285.1	other	Vibrio vulnificus	360.0	243.4	RZR03285.1 DmsE family decaheme c-type cytochrome [Vibrio vulnificus]
PWY32503.1	other	Vibrio vulnificus	360.0	243.4	PWY32503.1 DmsE family decaheme c-type cytochrome [Vibrio vulnificus]
RAH20787.1	other	Vibrio vulnificus	360.0	243.4	RAH20787.1 DmsE family decaheme c-type cytochrome [Vibrio vulnificus]
XMD35365.1	other	Vibrio vulnificus	360.0	243.4	XMD35365.1 DmsE family decaheme c-type cytochrome [Vibrio vulnificus]
WP_011081116.1	other	Vibrio	360.0	243.4	WP_011081116.1 MULTISPECIES: DmsE family decaheme c-type cytochrome [Vibrio]
RZP71152.1	other	Vibrio vulnificus	359.9	243.2	RZP71152.1 DmsE family decaheme c-type cytochrome [Vibrio vulnificus]
WP_206623537.1	other	Vibrio vulnificus	359.9	244.1	WP_206623537.1 DmsE family decaheme c-type cytochrome [Vibrio vulnificus]
WP_130252387.1	other	Vibrio vulnificus	359.9	243.2	WP_130252387.1 DmsE family decaheme c-type cytochrome [Vibrio vulnificus]
WP_094866489.1	other	Vibrio vulnificus	359.8	245.2	WP_094866489.1 DmsE family decaheme c-type cytochrome [Vibrio vulnificus]
QET74303.1	other	Vibrio vulnificus	359.8	243.9	QET74303.1 DmsE family decaheme c-type cytochrome [Vibrio vulnificus]
WP_017422596.1	other	Vibrio vulnificus	359.8	243.9	WP_017422596.1 DmsE family decaheme c-type cytochrome [Vibrio vulnificus]
WP_102476142.1	Shewanella_DmsE	Shewanella sp. 10N.286.52.C2	359.8	157.7	WP_102476142.1 DmsE family decaheme c-type cytochrome, partial [Shewanella sp. 10N.286.52.C2]
WP_230727305.1	other	Vibrio vulnificus	359.7	242.1	WP_230727305.1 DmsE family decaheme c-type cytochrome [Vibrio vulnificus]
WP_243300754.1	other	Vibrio vulnificus	359.7	245.1	WP_243300754.1 DmsE family decaheme c-type cytochrome [Vibrio vulnificus]
WP_406849556.1	other	Vibrio vulnificus	359.7	242.3	WP_406849556.1 DmsE family decaheme c-type cytochrome [Vibrio vulnificus]
WYZ02041.1	other	Vibrio vulnificus	359.7	242.3	WYZ02041.1 DmsE family decaheme c-type cytochrome [Vibrio vulnificus]
WP_337835337.1	other	Vibrio vulnificus	359.6	242.5	WP_337835337.1 DmsE family decaheme c-type cytochrome [Vibrio vulnificus]
WP_238560522.1	Shewanella_DmsE	Shewanella oneidensis	359.6	225.6	WP_238560522.1 DmsE family decaheme c-type cytochrome [Shewanella oneidensis]
WP_111416177.1	other	Vibrio vulnificus	359.5	245.7	WP_111416177.1 DmsE family decaheme c-type cytochrome [Vibrio vulnificus]
RZR11904.1	other	Vibrio vulnificus	359.5	243.7	RZR11904.1 DmsE family decaheme c-type cytochrome [Vibrio vulnificus]
WP_285458192.1	other	Vibrio vulnificus	359.5	243.2	WP_285458192.1 DmsE family decaheme c-type cytochrome [Vibrio vulnificus]
WP_039545281.1	other	Vibrio	359.5	243.6	WP_039545281.1 MULTISPECIES: DmsE family decaheme c-type cytochrome [Vibrio]
RZR42280.1	other	Vibrio vulnificus	359.5	243.7	RZR42280.1 DmsE family decaheme c-type cytochrome [Vibrio vulnificus]
WP_045609755.1	other	Vibrio vulnificus	359.5	244.3	WP_045609755.1 DmsE family decaheme c-type cytochrome [Vibrio vulnificus]
RZR33076.1	other	Vibrio vulnificus	359.5	243.7	RZR33076.1 DmsE family decaheme c-type cytochrome [Vibrio vulnificus]
WIL76787.1	other	Vibrio vulnificus	359.5	243.2	WIL76787.1 DmsE family decaheme c-type cytochrome [Vibrio vulnificus]
WP_038968466.1	other	Vibrio vulnificus	359.5	243.7	WP_038968466.1 DmsE family decaheme c-type cytochrome [Vibrio vulnificus]
RZR00364.1	other	Vibrio vulnificus	359.5	245.7	RZR00364.1 DmsE family decaheme c-type cytochrome [Vibrio vulnificus]
WP_130201642.1	other	Vibrio vulnificus	359.4	240.4	WP_130201642.1 DmsE family decaheme c-type cytochrome [Vibrio vulnificus]
WP_039538199.1	other	Vibrio vulnificus	359.4	245.0	WP_039538199.1 DmsE family decaheme c-type cytochrome [Vibrio vulnificus]
WP_225457046.1	other	Vibrio vulnificus	359.4	244.7	WP_225457046.1 DmsE family decaheme c-type cytochrome [Vibrio vulnificus]
WP_188047071.1	other	Vibrio vulnificus	359.4	246.0	WP_188047071.1 DmsE family decaheme c-type cytochrome [Vibrio vulnificus]
RZP90772.1	other	Vibrio vulnificus	359.4	240.4	RZP90772.1 DmsE family decaheme c-type cytochrome [Vibrio vulnificus]
RZQ81208.1	other	Vibrio vulnificus	359.3	243.4	RZQ81208.1 DmsE family decaheme c-type cytochrome [Vibrio vulnificus]
WP_038940170.1	other	Vibrio vulnificus	359.3	243.4	WP_038940170.1 DmsE family decaheme c-type cytochrome [Vibrio vulnificus]
RZR05278.1	other	Vibrio vulnificus	359.3	243.4	RZR05278.1 DmsE family decaheme c-type cytochrome [Vibrio vulnificus]
RZR51263.1	other	Vibrio vulnificus	359.3	243.4	RZR51263.1 DmsE family decaheme c-type cytochrome [Vibrio vulnificus]
WP_224640315.1	other	Vibrio vulnificus	359.0	244.8	WP_224640315.1 DmsE family decaheme c-type cytochrome [Vibrio vulnificus]
WP_318923181.1	other	Photobacterium sp.	359.0	260.1	WP_318923181.1 DmsE family decaheme c-type cytochrome [Photobacterium sp.]
WP_206626433.1	other	Vibrio vulnificus	358.9	242.6	WP_206626433.1 DmsE family decaheme c-type cytochrome [Vibrio vulnificus]
WP_332207187.1	other	Vibrio vulnificus	358.8	245.0	WP_332207187.1 DmsE family decaheme c-type cytochrome [Vibrio vulnificus]
WP_225459575.1	other	Vibrio vulnificus	358.7	244.9	WP_225459575.1 DmsE family decaheme c-type cytochrome [Vibrio vulnificus]
WP_206633876.1	other	Vibrio vulnificus	358.4	243.2	WP_206633876.1 DmsE family decaheme c-type cytochrome [Vibrio vulnificus]
QKG98453.1	Shewanella_DmsE	Shewanella oneidensis MR-1	358.2	225.8	QKG98453.1 DmsE family decaheme c-type cytochrome [Shewanella oneidensis MR-1]
WP_011074015.1	Shewanella_DmsE	Shewanella oneidensis	358.2	225.8	WP_011074015.1 DmsE family decaheme c-type cytochrome [Shewanella oneidensis]
WP_310956375.1	other	Vibrio vulnificus	358.1	246.0	WP_310956375.1 DmsE family decaheme c-type cytochrome [Vibrio vulnificus]
WP_206637460.1	other	Vibrio vulnificus	358.0	247.0	WP_206637460.1 DmsE family decaheme c-type cytochrome [Vibrio vulnificus]
WP_225490034.1	other	Vibrio vulnificus	357.8	246.2	WP_225490034.1 DmsE family decaheme c-type cytochrome [Vibrio vulnificus]
WP_130241991.1	other	Vibrio vulnificus	357.7	246.3	WP_130241991.1 DmsE family decaheme c-type cytochrome [Vibrio vulnificus]
RZQ04053.1	other	Vibrio vulnificus	357.7	246.3	RZQ04053.1 DmsE family decaheme c-type cytochrome [Vibrio vulnificus]
WP_103189313.1	other	Vibrio vulnificus	357.6	243.7	WP_103189313.1 DmsE family decaheme c-type cytochrome [Vibrio vulnificus]
WP_130361199.1	other	Vibrio vulnificus	357.2	243.9	WP_130361199.1 DmsE family decaheme c-type cytochrome [Vibrio vulnificus]
RZR40356.1	other	Vibrio vulnificus	357.2	243.9	RZR40356.1 DmsE family decaheme c-type cytochrome [Vibrio vulnificus]
WP_337838246.1	other	Vibrio vulnificus	357.0	240.6	WP_337838246.1 DmsE family decaheme c-type cytochrome [Vibrio vulnificus]
WP_103187729.1	other	Vibrio vulnificus	356.6	243.7	WP_103187729.1 DmsE family decaheme c-type cytochrome [Vibrio vulnificus]
WP_053542348.1	other	Vibrio vulnificus	356.6	239.5	WP_053542348.1 DmsE family decaheme c-type cytochrome [Vibrio vulnificus]
WZO25674.1	other	Vibrio vulnificus	356.5	242.3	WZO25674.1 DmsE family decaheme c-type cytochrome [Vibrio vulnificus]
WP_341851603.1	other	Vibrio vulnificus	356.5	242.3	WP_341851603.1 DmsE family decaheme c-type cytochrome [Vibrio vulnificus]
WP_176308193.1	other	Vibrio vulnificus	356.5	243.1	WP_176308193.1 DmsE family decaheme c-type cytochrome [Vibrio vulnificus]
WP_263196753.1	other	Vibrio vulnificus	356.3	243.4	WP_263196753.1 DmsE family decaheme c-type cytochrome [Vibrio vulnificus]
WP_341852629.1	other	Vibrio vulnificus	355.5	243.1	WP_341852629.1 DmsE family decaheme c-type cytochrome [Vibrio vulnificus]
WP_072609205.1	other	Vibrio vulnificus	355.5	245.0	WP_072609205.1 DmsE family decaheme c-type cytochrome [Vibrio vulnificus]
WZO30518.1	other	Vibrio vulnificus	355.5	243.1	WZO30518.1 DmsE family decaheme c-type cytochrome [Vibrio vulnificus]
WP_446291140.1	other	Vibrio vulnificus	355.2	239.0	WP_446291140.1 DmsE family decaheme c-type cytochrome [Vibrio vulnificus]
WP_438672578.1	Shewanella_DmsE	Shewanella sp.	355.2	223.0	WP_438672578.1 DmsE family decaheme c-type cytochrome [Shewanella sp.]
WP_335669127.1	other	Photobacterium frigidiphilum	352.8	257.8	WP_335669127.1 DmsE family decaheme c-type cytochrome [Photobacterium frigidiphilum]
WP_240131359.1	Shewanella_DmsE	Shewanella cutis	352.7	227.9	WP_240131359.1 DmsE family decaheme c-type cytochrome [Shewanella cutis]
WP_278686125.1	Shewanella_DmsE	Shewanella putrefaciens	352.4	235.2	WP_278686125.1 DmsE family decaheme c-type cytochrome, partial [Shewanella putrefaciens]
WP_434067228.1	other	Vibrio vulnificus	351.9	237.4	WP_434067228.1 DmsE family decaheme c-type cytochrome [Vibrio vulnificus]
UCE76500.1	other	Gammaproteobacteria bacterium	350.9	299.4	UCE76500.1 MAG: DmsE family decaheme c-type cytochrome [Gammaproteobacteria bacterium]
WP_144345502.1	Shewanella_DmsE	Shewanella xiamenensis	349.3	226.9	WP_144345502.1 DmsE family decaheme c-type cytochrome [Shewanella xiamenensis]
UCH53079.1	other	Pseudomonadota bacterium	344.6	315.4	UCH53079.1 MAG: DmsE family decaheme c-type cytochrome [Pseudomonadota bacterium]
WP_373052265.1	other	Thioalkalivibrio sp.	343.0	263.3	WP_373052265.1 DmsE family decaheme c-type cytochrome [Thioalkalivibrio sp.]
WP_049877547.1	other	Vibrio parahaemolyticus	342.9	233.5	WP_049877547.1 DmsE family decaheme c-type cytochrome, partial [Vibrio parahaemolyticus]
WP_238797531.1	other	Vibrio vulnificus	342.8	242.7	WP_238797531.1 DmsE family decaheme c-type cytochrome [Vibrio vulnificus]
WP_238834591.1	other	Vibrio vulnificus	342.3	232.8	WP_238834591.1 DmsE family decaheme c-type cytochrome [Vibrio vulnificus]
WP_410344998.1	other	Thioalkalivibrio sp.	341.6	260.2	WP_410344998.1 DmsE family decaheme c-type cytochrome [Thioalkalivibrio sp.]
TAK68318.1	other	Betaproteobacteria bacterium	341.0	303.8	TAK68318.1 MAG: DmsE family decaheme c-type cytochrome [Betaproteobacteria bacterium]
WP_415226294.1	other	Psychromonas sp.	340.2	248.8	WP_415226294.1 DmsE family decaheme c-type cytochrome [Psychromonas sp.]
WP_484411781.1	other	Sulfuricaulis sp.	340.0	311.5	WP_484411781.1 DmsE family decaheme c-type cytochrome [Sulfuricaulis sp.]
TAK51655.1	other	Betaproteobacteria bacterium	338.8	304.1	TAK51655.1 MAG: DmsE family decaheme c-type cytochrome [Betaproteobacteria bacterium]
WP_296755884.1	other	Thioalkalivibrio sp.	337.9	268.4	WP_296755884.1 DmsE family decaheme c-type cytochrome [Thioalkalivibrio sp.]
WP_455203776.1	other	Kaarinaea lacus	337.6	299.2	WP_455203776.1 DmsE family decaheme c-type cytochrome [Kaarinaea lacus]
TVP81984.1	other	Thioalkalivibrio sp.	337.0	267.4	TVP81984.1 MAG: DmsE family decaheme c-type cytochrome [Thioalkalivibrio sp.]
WP_238827409.1	other	Vibrio vulnificus	337.0	243.7	WP_238827409.1 DmsE family decaheme c-type cytochrome [Vibrio vulnificus]
WP_424205617.1	other	Sulfuricaulis sp.	335.7	316.0	WP_424205617.1 DmsE family decaheme c-type cytochrome [Sulfuricaulis sp.]
TSA10552.1	other	Betaproteobacteria bacterium	334.9	301.5	TSA10552.1 MAG: DmsE family decaheme c-type cytochrome [Betaproteobacteria bacterium]
WP_084684991.1	other	Methylohalobius crimeensis	333.0	312.3	WP_084684991.1 DmsE family decaheme c-type cytochrome [Methylohalobius crimeensis]
WP_455221798.1	other	Kaarinaea lacus	331.2	309.7	WP_455221798.1 DmsE family decaheme c-type cytochrome [Kaarinaea lacus]
TKV68354.1	other	Marinobacter panjinensis	330.6	287.4	TKV68354.1 DmsE family decaheme c-type cytochrome [Marinobacter panjinensis]
WP_137435877.1	other	Marinobacter panjinensis	330.6	287.4	WP_137435877.1 DmsE family decaheme c-type cytochrome [Marinobacter panjinensis]
WP_285356135.1	other	Marinobacter sp. SS13-12	330.4	282.9	WP_285356135.1 DmsE family decaheme c-type cytochrome [Marinobacter sp. SS13-12]
WP_285390340.1	other	Marinobacter azerbaijanicus	330.1	285.7	WP_285390340.1 DmsE family decaheme c-type cytochrome [Marinobacter azerbaijanicus]
WP_220635464.1	other	Georgfuchsia toluolica	329.6	310.4	WP_220635464.1 DmsE family decaheme c-type cytochrome [Georgfuchsia toluolica]
SCZ66838.1	other	Thiohalomonas denitrificans	329.5	308.3	SCZ66838.1 decaheme c-type cytochrome, DmsE family [Thiohalomonas denitrificans]
WP_092998837.1	other	Thiohalomonas denitrificans	329.5	308.3	WP_092998837.1 DmsE family decaheme c-type cytochrome [Thiohalomonas denitrificans]
XSG84694.1	other	Methylohalobius sp. ZOD2	328.9	307.4	XSG84694.1 MAG: DmsE family decaheme c-type cytochrome [Methylohalobius sp. ZOD2]
WP_234235440.1	Shewanella_DmsE	Shewanella sp. AS16	327.9	301.1	WP_234235440.1 DmsE family decaheme c-type cytochrome [Shewanella sp. AS16]
WP_324084844.1	other	Marinobacter sp.	327.1	296.4	WP_324084844.1 DmsE family decaheme c-type cytochrome [Marinobacter sp.]
WP_455220135.1	other	Kaarinaea lacus	327.1	318.7	WP_455220135.1 DmsE family decaheme c-type cytochrome [Kaarinaea lacus]
WP_303903498.1	other	Thiohalomonas denitrificans	326.3	306.3	WP_303903498.1 DmsE family decaheme c-type cytochrome [Thiohalomonas denitrificans]
WP_455210922.1	other	Kaarinaea lacus	326.0	280.9	WP_455210922.1 DmsE family decaheme c-type cytochrome [Kaarinaea lacus]
TVZ40667.1	other	Alteromonadaceae bacterium 2753L.S.0a.02	325.9	297.2	TVZ40667.1 DmsE family decaheme c-type cytochrome [Alteromonadaceae bacterium 2753L.S.0a.02]
TJY58929.1	other	Sinimarinibacterium arenosum	325.7	317.8	TJY58929.1 DmsE family decaheme c-type cytochrome [Sinimarinibacterium arenosum]
WP_136849899.1	other	Sinimarinibacterium arenosum	325.7	317.8	WP_136849899.1 DmsE family decaheme c-type cytochrome [Sinimarinibacterium arenosum]
TGX50989.1	other	Marinobacter orientalis	324.4	284.7	TGX50989.1 DmsE family decaheme c-type cytochrome [Marinobacter orientalis]
WP_135953679.1	other	Marinobacter orientalis	324.4	284.7	WP_135953679.1 DmsE family decaheme c-type cytochrome [Marinobacter orientalis]
EVU20246.1	other	Vibrio parahaemolyticus V-223/04	323.9	232.2	EVU20246.1 decaheme c-type cytochrome, DmsE family protein, partial [Vibrio parahaemolyticus V-223/04]
WP_259650742.1	Shewanella_DmsE	unclassified Shewanella	323.8	166.8	WP_259650742.1 MULTISPECIES: DmsE family decaheme c-type cytochrome [unclassified Shewanella]
WP_201496633.1	other	Rubrivivax sp. A210	323.6	294.7	WP_201496633.1 DmsE family decaheme c-type cytochrome [Rubrivivax sp. A210]
WP_455374900.1	other	Kaarinaea lacus	323.2	303.1	WP_455374900.1 DmsE family decaheme c-type cytochrome [Kaarinaea lacus]
RZV37982.1	other	Chromatiales bacterium	322.3	268.0	RZV37982.1 MAG: DmsE family decaheme c-type cytochrome [Chromatiales bacterium]
WP_455208506.1	other	Kaarinaea lacus	322.2	293.6	WP_455208506.1 DmsE family decaheme c-type cytochrome [Kaarinaea lacus]
GAA5174105.1	other	Niveibacterium umoris	321.8	297.1	GAA5174105.1 DmsE family decaheme c-type cytochrome [Niveibacterium umoris]
WP_183636046.1	other	Niveibacterium umoris	321.8	297.1	WP_183636046.1 DmsE family decaheme c-type cytochrome [Niveibacterium umoris]
WP_126507263.1	Shewanella_DmsE	Shewanella atlantica	321.5	160.0	WP_126507263.1 DmsE family decaheme c-type cytochrome [Shewanella atlantica]
RTR29291.1	Shewanella_DmsE	Shewanella atlantica	321.5	160.0	RTR29291.1 DmsE family decaheme c-type cytochrome [Shewanella atlantica]
WP_031839769.1	other	Vibrio parahaemolyticus	321.2	240.1	WP_031839769.1 DmsE family decaheme c-type cytochrome, partial [Vibrio parahaemolyticus]
WP_175452596.1	other	Thiohalomonas denitrificans	321.1	295.7	WP_175452596.1 DmsE family decaheme c-type cytochrome [Thiohalomonas denitrificans]
SCZ65675.1	other	Thiohalomonas denitrificans	321.1	295.7	SCZ65675.1 decaheme c-type cytochrome, DmsE family [Thiohalomonas denitrificans]
WP_076415177.1	Shewanella_DmsE	Shewanella sp. UCD-KL12	320.8	164.8	WP_076415177.1 DmsE family decaheme c-type cytochrome [Shewanella sp. UCD-KL12]
CAM3304995.1	Shewanella_DmsE	Shewanella pealeana	320.4	162.5	CAM3304995.1 DmsE family decaheme c-type cytochrome [Shewanella pealeana]
WP_150102327.1	Shewanella_DmsE	Shewanella pealeana	320.4	162.5	WP_150102327.1 DmsE family decaheme c-type cytochrome [Shewanella pealeana]
XKG39567.1	other	Marinobacter sp.	320.3	282.7	XKG39567.1 DmsE family decaheme c-type cytochrome [Marinobacter sp.]
QFU24798.1	Shewanella_DmsE	Shewanella sp. YLB-09	320.0	164.9	QFU24798.1 DmsE family decaheme c-type cytochrome [Shewanella sp. YLB-09]
WP_142873541.1	Shewanella_DmsE	Shewanella	320.0	164.9	WP_142873541.1 MULTISPECIES: DmsE family decaheme c-type cytochrome [Shewanella]
QPG56255.1	Shewanella_DmsE	Shewanella eurypsychrophilus	320.0	164.9	QPG56255.1 DmsE family decaheme c-type cytochrome [Shewanella eurypsychrophilus]
QFU20687.1	Shewanella_DmsE	Shewanella sp. YLB-09	320.0	164.9	QFU20687.1 DmsE family decaheme c-type cytochrome [Shewanella sp. YLB-09]
UCG73596.1	other	Chromatiales bacterium	320.0	248.6	UCG73596.1 MAG: DmsE family decaheme c-type cytochrome [Chromatiales bacterium]
QXP44940.1	Shewanella_DmsE	Shewanella eurypsychrophilus	320.0	164.9	QXP44940.1 DmsE family decaheme c-type cytochrome [Shewanella eurypsychrophilus]
QFU20967.1	Shewanella_DmsE	Shewanella sp. YLB-09	320.0	164.9	QFU20967.1 DmsE family decaheme c-type cytochrome [Shewanella sp. YLB-09]
WP_169565380.1	Shewanella_DmsE	Shewanella salipaludis	319.8	303.1	WP_169565380.1 DmsE family decaheme c-type cytochrome [Shewanella salipaludis]
WP_227539553.1	other	Marinobacter	319.6	289.0	WP_227539553.1 MULTISPECIES: DmsE family decaheme c-type cytochrome [Marinobacter]
WP_239889463.1	Shewanella_DmsE	Shewanella sp. Isolate13	319.5	159.8	WP_239889463.1 DmsE family decaheme c-type cytochrome [Shewanella sp. Isolate13]
AXS84207.1	other	Marinobacter sp. Arc7-DN-1	319.4	288.9	AXS84207.1 DmsE family decaheme c-type cytochrome [Marinobacter sp. Arc7-DN-1]
WP_455197488.1	other	Kaarinaea lacus	319.3	295.5	WP_455197488.1 DmsE family decaheme c-type cytochrome [Kaarinaea lacus]
QFU24793.1	Shewanella_DmsE	Shewanella sp. YLB-09	318.9	165.7	QFU24793.1 DmsE family decaheme c-type cytochrome [Shewanella sp. YLB-09]
QPG59982.1	Shewanella_DmsE	Shewanella eurypsychrophilus	318.9	165.7	QPG59982.1 DmsE family decaheme c-type cytochrome [Shewanella eurypsychrophilus]
WP_142873546.1	Shewanella_DmsE	Shewanella	318.9	165.7	WP_142873546.1 MULTISPECIES: DmsE family decaheme c-type cytochrome [Shewanella]
WP_012140712.1	Shewanella_DmsE	Shewanella sediminis	318.4	161.4	WP_012140712.1 DmsE family decaheme c-type cytochrome [Shewanella sediminis]
WP_165281773.1	other	Wenzhouxiangella sp. XN24	318.1	256.8	WP_165281773.1 DmsE family decaheme c-type cytochrome [Wenzhouxiangella sp. XN24]
WP_267414059.1	other	Vibrio parahaemolyticus	318.0	216.2	WP_267414059.1 DmsE family decaheme c-type cytochrome, partial [Vibrio parahaemolyticus]
WP_310655614.1	Shewanella_DmsE	Shewanella fidelis	317.4	166.5	WP_310655614.1 DmsE family decaheme c-type cytochrome [Shewanella fidelis]
TRY14912.1	Shewanella_DmsE	Shewanella hanedai	317.3	160.1	TRY14912.1 DmsE family decaheme c-type cytochrome [Shewanella hanedai]
WP_143564019.1	Shewanella_DmsE	Shewanella hanedai	317.3	160.1	WP_143564019.1 DmsE family decaheme c-type cytochrome [Shewanella hanedai]
WP_165348979.1	other	Thioalkalivibrio sp. XN8	317.0	262.7	WP_165348979.1 DmsE family decaheme c-type cytochrome [Thioalkalivibrio sp. XN8]
WP_193630444.1	Shewanella_DmsE	Shewanella benthica	316.9	163.6	WP_193630444.1 DmsE family decaheme c-type cytochrome [Shewanella benthica]
WP_303901251.1	other	Thiohalomonas denitrificans	316.7	297.7	WP_303901251.1 DmsE family decaheme c-type cytochrome [Thiohalomonas denitrificans]
WP_318098617.1	other	Vibrio sp. 1866	316.1	237.5	WP_318098617.1 DmsE family decaheme c-type cytochrome, partial [Vibrio sp. 1866]
RFP68636.1	other	Wenzhouxiangella sp. 15190	316.0	271.1	RFP68636.1 DmsE family decaheme c-type cytochrome [Wenzhouxiangella sp. 15190]
RFF28050.1	other	Wenzhouxiangella sp. 15181	316.0	271.1	RFF28050.1 DmsE family decaheme c-type cytochrome [Wenzhouxiangella sp. 15181]
WP_147306618.1	other	unclassified Wenzhouxiangella	315.8	270.9	WP_147306618.1 MULTISPECIES: DmsE family decaheme c-type cytochrome [unclassified Wenzhouxiangella]
WP_233263506.1	other	Vibrio parahaemolyticus	315.6	236.1	WP_233263506.1 DmsE family decaheme c-type cytochrome [Vibrio parahaemolyticus]
WNO11001.1	other	Teredinibacter sp. KSP-S5-2	315.6	274.6	WNO11001.1 DmsE family decaheme c-type cytochrome [Teredinibacter sp. KSP-S5-2]
WP_316956713.1	other	Teredinibacter sp. KSP-S5-2	315.6	274.6	WP_316956713.1 DmsE family decaheme c-type cytochrome [Teredinibacter sp. KSP-S5-2]
WP_455198918.1	other	Kaarinaea lacus	315.5	297.8	WP_455198918.1 DmsE family decaheme c-type cytochrome [Kaarinaea lacus]
WP_028769295.1	Shewanella_DmsE	Shewanella fidelis	315.4	162.1	WP_028769295.1 DmsE family decaheme c-type cytochrome [Shewanella fidelis]
WP_249697617.1	other	Parendozoicomonas callyspongiae	315.0	249.6	WP_249697617.1 DmsE family decaheme c-type cytochrome [Parendozoicomonas callyspongiae]
TFG84264.1	other	Chromatiales bacterium	314.8	294.3	TFG84264.1 MAG: DmsE family decaheme c-type cytochrome [Chromatiales bacterium]
WP_143564026.1	Shewanella_DmsE	Shewanella hanedai	314.5	159.0	WP_143564026.1 DmsE family decaheme c-type cytochrome [Shewanella hanedai]
TRY14919.1	Shewanella_DmsE	Shewanella hanedai	314.5	159.0	TRY14919.1 DmsE family decaheme c-type cytochrome [Shewanella hanedai]
WP_182130441.1	other	Colwellia sp. BRX10-3	314.4	283.7	WP_182130441.1 DmsE family decaheme c-type cytochrome [Colwellia sp. BRX10-3]
WP_284245411.1	other	Thalassotalea insulae	313.8	295.8	WP_284245411.1 DmsE family decaheme c-type cytochrome [Thalassotalea insulae]
WP_140126896.1	other	Vibrio parahaemolyticus	313.4	213.0	WP_140126896.1 DmsE family decaheme c-type cytochrome, partial [Vibrio parahaemolyticus]
WP_311365227.1	other	Banduia mediterranea	313.4	291.4	WP_311365227.1 DmsE family decaheme c-type cytochrome [Banduia mediterranea]
WP_455235131.1	other	Thiogranum longum	312.8	279.2	WP_455235131.1 DmsE family decaheme c-type cytochrome [Thiogranum longum]
WP_374509441.1	other	Niveibacterium sp.	312.6	274.0	WP_374509441.1 DmsE family decaheme c-type cytochrome [Niveibacterium sp.]
WP_299802563.1	Shewanella_DmsE	uncultured Shewanella sp.	312.5	154.4	WP_299802563.1 DmsE family decaheme c-type cytochrome [uncultured Shewanella sp.]
WP_144394655.1	other	Pleionea sediminis	311.6	277.5	WP_144394655.1 DmsE family decaheme c-type cytochrome [Pleionea sediminis]
WP_166049140.1	other	Thioalkalivibrio sp. XN279	311.6	268.6	WP_166049140.1 DmsE family decaheme c-type cytochrome [Thioalkalivibrio sp. XN279]
WP_374403526.1	other	Niveibacterium sp.	311.0	273.0	WP_374403526.1 DmsE family decaheme c-type cytochrome [Niveibacterium sp.]
WP_111640497.1	other	Marinimicrobium alkaliphilum	310.8	263.6	WP_111640497.1 DmsE family decaheme c-type cytochrome [Marinimicrobium alkaliphilum]
QSI76542.1	other	Niveibacterium microcysteis	309.8	273.6	QSI76542.1 DmsE family decaheme c-type cytochrome [Niveibacterium microcysteis]
WP_164230599.1	other	Wenzhouxiangella sp. XN201	309.8	262.1	WP_164230599.1 DmsE family decaheme c-type cytochrome [Wenzhouxiangella sp. XN201]
WP_206254204.1	other	Niveibacterium microcysteis	309.8	273.6	WP_206254204.1 DmsE family decaheme c-type cytochrome [Niveibacterium microcysteis]
WP_172203424.1	other	Niveibacterium sp. COAC-50	309.8	274.1	WP_172203424.1 DmsE family decaheme c-type cytochrome [Niveibacterium sp. COAC-50]
WP_435099465.1	other	Arhodomonas sp. AD133	309.5	284.7	WP_435099465.1 DmsE family decaheme c-type cytochrome [Arhodomonas sp. AD133]
WP_123637833.1	other	Marinimicrobium koreense	308.6	264.0	WP_123637833.1 DmsE family decaheme c-type cytochrome [Marinimicrobium koreense]
ROQ20731.1	other	Marinimicrobium koreense	308.6	264.0	ROQ20731.1 DmsE family decaheme c-type cytochrome [Marinimicrobium koreense]
WP_286806958.1	other	Marinimicrobium	308.6	264.9	WP_286806958.1 MULTISPECIES: DmsE family decaheme c-type cytochrome [Marinimicrobium]
WP_206483682.1	other	Thalassotalea sp. G2M2-11	308.3	270.8	WP_206483682.1 DmsE family decaheme c-type cytochrome [Thalassotalea sp. G2M2-11]
WP_374603833.1	other	Niveibacterium sp.	308.1	273.0	WP_374603833.1 DmsE family decaheme c-type cytochrome [Niveibacterium sp.]
WP_318127586.1	other	Vibrio sp. 1833	307.9	234.4	WP_318127586.1 DmsE family decaheme c-type cytochrome, partial [Vibrio sp. 1833]
WP_372527967.1	other	Piscinibacter sp.	307.9	313.6	WP_372527967.1 DmsE family decaheme c-type cytochrome [Piscinibacter sp.]
WP_341936454.1	other	Marinimicrobium sp. C2-29	307.6	271.7	WP_341936454.1 DmsE family decaheme c-type cytochrome [Marinimicrobium sp. C2-29]
GMQ89087.1	other	Gammaproteobacteria bacterium	307.4	279.4	GMQ89087.1 MAG: DmsE family decaheme c-type cytochrome [Gammaproteobacteria bacterium]
UZJ46001.1	other	Marinimicrobium sp. C6131	306.6	266.0	UZJ46001.1 DmsE family decaheme c-type cytochrome [Marinimicrobium sp. C6131]
WP_265368591.1	other	Marinimicrobium sp. C6131	306.6	266.0	WP_265368591.1 DmsE family decaheme c-type cytochrome [Marinimicrobium sp. C6131]
TFG38646.1	other	Chromatiales bacterium	306.4	256.2	TFG38646.1 MAG: DmsE family decaheme c-type cytochrome [Chromatiales bacterium]
WP_185231630.1	other	Teredinibacter franksiae	306.1	272.7	WP_185231630.1 DmsE family decaheme c-type cytochrome [Teredinibacter franksiae]
WP_133126573.1	Shewanella_DmsE	Shewanella sp. 10N.286.52.B9	306.0	206.6	WP_133126573.1 DmsE family decaheme c-type cytochrome, partial [Shewanella sp. 10N.286.52.B9]
WP_372779350.1	MtoA_candidate	Litorivivens sp.	305.5	282.5	WP_372779350.1 DmsE family decaheme c-type cytochrome [Litorivivens sp.]
WP_372865398.1	other	Spongiibacter sp.	305.0	290.8	WP_372865398.1 DmsE family decaheme c-type cytochrome [Spongiibacter sp.]
GMR15128.1	other	Gammaproteobacteria bacterium	304.0	285.1	GMR15128.1 MAG: DmsE family decaheme c-type cytochrome [Gammaproteobacteria bacterium]
WP_428353372.1	other	Methyloprofundus sp.	304.0	324.4	WP_428353372.1 DmsE family decaheme c-type cytochrome [Methyloprofundus sp.]
EWM39865.1	other	Vibrio parahaemolyticus EKP-021	303.0	234.2	EWM39865.1 decaheme c-type cytochrome, DmsE family protein [Vibrio parahaemolyticus EKP-021]
WP_308384658.1	other	Vibrio parahaemolyticus	303.0	234.2	WP_308384658.1 DmsE family decaheme c-type cytochrome [Vibrio parahaemolyticus]
WMN67208.1	other	Vibrio parahaemolyticus	303.0	234.2	WMN67208.1 DmsE family decaheme c-type cytochrome [Vibrio parahaemolyticus]
EXF71353.1	other	Vibrio parahaemolyticus AQ3810	303.0	234.2	EXF71353.1 decaheme c-type cytochrome, DmsE family protein [Vibrio parahaemolyticus AQ3810]
WP_479500805.1	other	Methyloprofundus sp.	302.8	326.2	WP_479500805.1 DmsE family decaheme c-type cytochrome [Methyloprofundus sp.]
XAW88615.1	other	Vibrio sp. CDRSL-10 TSBA	301.7	223.0	XAW88615.1 DmsE family decaheme c-type cytochrome [Vibrio sp. CDRSL-10 TSBA]
WP_438678490.1	Shewanella_DmsE	Shewanella sp.	300.4	206.0	WP_438678490.1 DmsE family decaheme c-type cytochrome, partial [Shewanella sp.]
WP_116687219.1	other	Pelagibaculum spongiae	299.8	242.6	WP_116687219.1 DmsE family decaheme c-type cytochrome [Pelagibaculum spongiae]
WP_404369435.1	other	Marinobacter sp.	298.7	263.1	WP_404369435.1 DmsE family decaheme c-type cytochrome [Marinobacter sp.]
WP_013032672.1	other	Nitrosococcus halophilus	298.5	314.1	WP_013032672.1 DmsE family decaheme c-type cytochrome [Nitrosococcus halophilus]
WP_173131532.1	other	Pseudaquabacterium terrae	298.3	291.4	WP_173131532.1 DmsE family decaheme c-type cytochrome [Pseudaquabacterium terrae]
WP_405237229.1	other	Lentisalinibacter orientalis	297.8	265.8	WP_405237229.1 DmsE family decaheme c-type cytochrome [Lentisalinibacter orientalis]
XBS21437.1	other	Methylomarinum roseum	297.8	287.4	XBS21437.1 DmsE family decaheme c-type cytochrome [Methylomarinum roseum]
WP_349432106.1	other	Methylomarinum roseum	297.8	287.4	WP_349432106.1 DmsE family decaheme c-type cytochrome [Methylomarinum roseum]
WP_288055515.1	other	Methylobacter sp.	297.6	279.6	WP_288055515.1 DmsE family decaheme c-type cytochrome [Methylobacter sp.]
WP_221301126.1	other	Rehaibacterium terrae	297.5	328.7	WP_221301126.1 DmsE family decaheme c-type cytochrome [Rehaibacterium terrae]
WZH73542.1	other	Niveibacterium sp. SC-1	297.3	284.6	WZH73542.1 DmsE family decaheme c-type cytochrome [Niveibacterium sp. SC-1]
WP_341677461.1	other	Niveibacterium sp. SC-1	297.3	284.6	WP_341677461.1 DmsE family decaheme c-type cytochrome [Niveibacterium sp. SC-1]
WP_405227915.1	other	Lentisalinibacter sediminis	297.1	261.3	WP_405227915.1 DmsE family decaheme c-type cytochrome [Lentisalinibacter sediminis]
WP_318078293.1	other	Vibrio sp. 811	295.5	231.2	WP_318078293.1 DmsE family decaheme c-type cytochrome, partial [Vibrio sp. 811]
WP_146181596.1	other	Aeromonas sp. HMWF014	294.3	230.4	WP_146181596.1 DmsE family decaheme c-type cytochrome, partial [Aeromonas sp. HMWF014]
WP_405231915.1	other	Lentisalinibacter salinarum	293.4	258.4	WP_405231915.1 DmsE family decaheme c-type cytochrome [Lentisalinibacter salinarum]
UCH72842.1	other	Rhodospirillales bacterium	292.9	271.8	UCH72842.1 MAG: DmsE family decaheme c-type cytochrome [Rhodospirillales bacterium]
WP_463616449.1	other	Pleionea sp. WD8-19	291.7	276.0	WP_463616449.1 DmsE family decaheme c-type cytochrome [Pleionea sp. WD8-19]
WP_482217478.1	other	Rhodopila sp.	290.6	363.2	WP_482217478.1 DmsE family decaheme c-type cytochrome [Rhodopila sp.]
WP_373079572.1	other	Zhongshania sp.	290.4	293.3	WP_373079572.1 DmsE family decaheme c-type cytochrome [Zhongshania sp.]
WP_481892177.1	other	Rhodopila sp.	290.2	355.7	WP_481892177.1 DmsE family decaheme c-type cytochrome, partial [Rhodopila sp.]
WP_306727320.1	other	Natronospira bacteriovora	290.1	271.0	WP_306727320.1 DmsE family decaheme c-type cytochrome [Natronospira bacteriovora]
WP_373090297.1	other	Zhongshania sp.	290.1	286.9	WP_373090297.1 DmsE family decaheme c-type cytochrome [Zhongshania sp.]
TVS09760.1	other	Wenzhouxiangella sp.	289.7	250.3	TVS09760.1 MAG: DmsE family decaheme c-type cytochrome [Wenzhouxiangella sp.]
TVS18022.1	other	Gammaproteobacteria bacterium	289.2	278.9	TVS18022.1 MAG: DmsE family decaheme c-type cytochrome [Gammaproteobacteria bacterium]
WP_164211100.1	other	Wenzhouxiangella limi	286.6	252.8	WP_164211100.1 DmsE family decaheme c-type cytochrome [Wenzhouxiangella limi]
UFN70687.1	other	Vibrio alginolyticus	285.3	220.5	UFN70687.1 DmsE family decaheme c-type cytochrome [Vibrio alginolyticus]
WP_253444317.1	other	Natronospira proteinivora	283.9	259.0	WP_253444317.1 DmsE family decaheme c-type cytochrome [Natronospira proteinivora]
WP_284614832.1	other	Aquabacterium humicola	283.5	274.7	WP_284614832.1 DmsE family decaheme c-type cytochrome [Aquabacterium humicola]
WP_318129076.1	other	Vibrio sp. Y159	283.5	218.3	WP_318129076.1 DmsE family decaheme c-type cytochrome, partial [Vibrio sp. Y159]
USD37721.1	other	Ferrimonas sp. SCSIO 43195	283.4	153.8	USD37721.1 DmsE family decaheme c-type cytochrome [Ferrimonas sp. SCSIO 43195]
WP_083908696.1	other	Thioalkalivibrio thiocyanodenitrificans	280.2	274.8	WP_083908696.1 DmsE family decaheme c-type cytochrome [Thioalkalivibrio thiocyanodenitrificans]
WP_318143979.1	other	Vibrio sp. 2130-1	279.6	220.2	WP_318143979.1 DmsE family decaheme c-type cytochrome, partial [Vibrio sp. 2130-1]
TDG12457.1	other	Seongchinamella unica	278.8	265.4	TDG12457.1 DmsE family decaheme c-type cytochrome [Seongchinamella unica]
WOH36934.1	other	Thalassotalea fonticola	278.5	291.5	WOH36934.1 DmsE family decaheme c-type cytochrome [Thalassotalea fonticola]
WP_348395741.1	other	Thalassotalea fonticola	278.5	291.5	WP_348395741.1 DmsE family decaheme c-type cytochrome [Thalassotalea fonticola]
WP_165954311.1	other	Seongchinamella unica	278.1	265.5	WP_165954311.1 DmsE family decaheme c-type cytochrome [Seongchinamella unica]
WP_225478679.1	other	Vibrio	277.2	212.6	WP_225478679.1 MULTISPECIES: DmsE family decaheme c-type cytochrome, partial [Vibrio]
WP_305541966.1	other	Comamonadaceae	276.6	374.2	WP_305541966.1 MULTISPECIES: DmsE family decaheme c-type cytochrome [Comamonadaceae]
WP_279246540.1	other	Candidatus Litorirhabdus singularis	276.6	263.9	WP_279246540.1 DmsE family decaheme c-type cytochrome [Candidatus Litorirhabdus singularis]
RLQ21305.1	other	Seongchinamella sediminis	275.9	263.5	RLQ21305.1 DmsE family decaheme c-type cytochrome [Seongchinamella sediminis]
WP_346050150.1	other	Natronospira elongata	275.5	260.6	WP_346050150.1 DmsE family decaheme c-type cytochrome [Natronospira elongata]
WNC69015.1	other	Thalassotalea nanhaiensis	275.5	289.7	WNC69015.1 DmsE family decaheme c-type cytochrome [Thalassotalea nanhaiensis]
WP_348388165.1	other	Thalassotalea nanhaiensis	275.5	289.7	WP_348388165.1 DmsE family decaheme c-type cytochrome [Thalassotalea nanhaiensis]
WP_162846119.1	other	Seongchinamella sediminis	275.0	262.0	WP_162846119.1 DmsE family decaheme c-type cytochrome [Seongchinamella sediminis]
WP_481402365.1	other	Rhizomicrobium sp.	274.5	338.4	WP_481402365.1 DmsE family decaheme c-type cytochrome [Rhizomicrobium sp.]
WP_413894954.1	other	Rhodoferax sp.	273.7	389.2	WP_413894954.1 DmsE family decaheme c-type cytochrome [Rhodoferax sp.]
XPI09874.1	other	Halioglobus sp.	273.1	263.8	XPI09874.1 MAG: DmsE family decaheme c-type cytochrome [Halioglobus sp.]
WP_210397896.1	other	Motiliproteus sediminis	272.4	298.9	WP_210397896.1 DmsE family decaheme c-type cytochrome [Motiliproteus sediminis]
WP_348390999.1	other	Thalassotalea psychrophila	272.4	284.9	WP_348390999.1 DmsE family decaheme c-type cytochrome [Thalassotalea psychrophila]
WNC71875.1	other	Thalassotalea psychrophila	272.4	284.9	WNC71875.1 DmsE family decaheme c-type cytochrome [Thalassotalea psychrophila]
WP_170287410.1	other	Halioglobus maricola	272.2	276.8	WP_170287410.1 DmsE family decaheme c-type cytochrome [Halioglobus maricola]
WP_101250843.1	other	Telmatospirillum siberiense	272.0	328.5	WP_101250843.1 DmsE family decaheme c-type cytochrome [Telmatospirillum siberiense]
QFU76813.1	other	Halioglobus maricola	271.8	277.3	QFU76813.1 DmsE family decaheme c-type cytochrome [Halioglobus maricola]
WP_167080993.1	other	Rhizomicrobium palustre	271.7	336.4	WP_167080993.1 DmsE family decaheme c-type cytochrome [Rhizomicrobium palustre]
TVQ39020.1	other	Wenzhouxiangella sp.	271.6	290.8	TVQ39020.1 MAG: DmsE family decaheme c-type cytochrome [Wenzhouxiangella sp.]
WP_369416847.1	other	Leptothrix ochracea	271.6	391.1	WP_369416847.1 DmsE family decaheme c-type cytochrome [Leptothrix ochracea]
WP_165787195.1	other	Pseudohalioglobus lutimaris	271.1	270.0	WP_165787195.1 DmsE family decaheme c-type cytochrome [Pseudohalioglobus lutimaris]
WP_309418599.1	other	Telmatospirillum sp.	271.0	333.0	WP_309418599.1 DmsE family decaheme c-type cytochrome [Telmatospirillum sp.]
WP_369424308.1	other	Leptothrix ochracea	269.2	386.3	WP_369424308.1 DmsE family decaheme c-type cytochrome, partial [Leptothrix ochracea]
WP_380219756.1	other	Insolitispirillum peregrinum	268.8	327.2	WP_380219756.1 DmsE family decaheme c-type cytochrome [Insolitispirillum peregrinum]
WP_076400004.1	other	Insolitispirillum peregrinum	268.8	327.2	WP_076400004.1 DmsE family decaheme c-type cytochrome [Insolitispirillum peregrinum]
SIS73773.1	other	Insolitispirillum peregrinum	268.8	327.2	SIS73773.1 decaheme c-type cytochrome, DmsE family [Insolitispirillum peregrinum]
WP_049724816.1	other	Wenzhouxiangella marina	268.7	274.0	WP_049724816.1 DmsE family decaheme c-type cytochrome [Wenzhouxiangella marina]
QOC23921.1	other	Wenzhouxiangella sp. AB-CW3	268.7	287.0	QOC23921.1 DmsE family decaheme c-type cytochrome [Wenzhouxiangella sp. AB-CW3]
WP_190976687.1	other	Wenzhouxiangella sp. AB-CW3	268.7	287.0	WP_190976687.1 DmsE family decaheme c-type cytochrome [Wenzhouxiangella sp. AB-CW3]
WP_309350556.1	other	Telmatospirillum sp.	268.6	329.9	WP_309350556.1 DmsE family decaheme c-type cytochrome [Telmatospirillum sp.]
WP_413860638.1	other	Candidatus Aalborgicola defluviihabitans	268.1	414.3	WP_413860638.1 DmsE family decaheme c-type cytochrome [Candidatus Aalborgicola defluviihabitans]
WP_340122035.1	other	Methylobacter svalbardensis	267.9	450.7	WP_340122035.1 DmsE family decaheme c-type cytochrome [Methylobacter svalbardensis]
TXI22422.1	other	Nitrosomonas sp.	267.9	334.1	TXI22422.1 MAG: DmsE family decaheme c-type cytochrome [Nitrosomonas sp.]
WP_413879780.1	other	Candidatus Aalborgicola defluviihabitans	267.7	414.0	WP_413879780.1 DmsE family decaheme c-type cytochrome [Candidatus Aalborgicola defluviihabitans]
WP_167854826.1	other	Mangrovimicrobium sediminis	267.3	274.0	WP_167854826.1 DmsE family decaheme c-type cytochrome [Mangrovimicrobium sediminis]
WP_373506945.1	other	Thiocapsa sp.	267.3	361.0	WP_373506945.1 DmsE family decaheme c-type cytochrome [Thiocapsa sp.]
WP_292913808.1	other	Nitrosomonas sp.	267.1	335.2	WP_292913808.1 DmsE family decaheme c-type cytochrome [Nitrosomonas sp.]
WP_486775397.1	MtoA_candidate	Litorivivens sp.	266.7	287.2	WP_486775397.1 DmsE family decaheme c-type cytochrome [Litorivivens sp.]
WP_372799267.1	MtoA_candidate	Litorivivens sp.	266.7	288.7	WP_372799267.1 DmsE family decaheme c-type cytochrome [Litorivivens sp.]
WP_290577750.1	other	Ketobacter sp.	266.3	266.2	WP_290577750.1 DmsE family decaheme c-type cytochrome [Ketobacter sp.]
TAL04024.1	other	Rhodospirillaceae bacterium	266.3	315.7	TAL04024.1 MAG: DmsE family decaheme c-type cytochrome [Rhodospirillaceae bacterium]
RLU00690.1	other	Ketobacter sp.	266.3	266.2	RLU00690.1 MAG: DmsE family decaheme c-type cytochrome [Ketobacter sp.]
TGD74177.1	other	Mangrovimicrobium sediminis	265.9	273.3	TGD74177.1 DmsE family decaheme c-type cytochrome [Mangrovimicrobium sediminis]
WP_191145341.1	other	Neiella litorisoli	265.7	255.2	WP_191145341.1 DmsE family decaheme c-type cytochrome [Neiella litorisoli]
WP_395700026.1	other	Aquabacterium sp.	265.5	412.3	WP_395700026.1 DmsE family decaheme c-type cytochrome [Aquabacterium sp.]
WP_372783622.1	MtoA_candidate	Litorivivens sp.	265.3	287.6	WP_372783622.1 DmsE family decaheme c-type cytochrome [Litorivivens sp.]
WP_312659288.1	other	Aromatoleum sp.	265.0	368.4	WP_312659288.1 DmsE family decaheme c-type cytochrome [Aromatoleum sp.]
WP_372759375.1	MtoA_candidate	Litorivivens sp.	264.3	287.5	WP_372759375.1 DmsE family decaheme c-type cytochrome [Litorivivens sp.]
WP_309350559.1	other	Telmatospirillum sp.	264.1	329.5	WP_309350559.1 DmsE family decaheme c-type cytochrome [Telmatospirillum sp.]
WP_296806890.1	other	Thiocapsa sp.	263.9	362.0	WP_296806890.1 DmsE family decaheme c-type cytochrome [Thiocapsa sp.]
WP_353616622.1	other	Azoarcus sp. DN11	263.5	393.1	WP_353616622.1 DmsE family decaheme c-type cytochrome [Azoarcus sp. DN11]
TLY70765.1	other	Gammaproteobacteria bacterium	263.3	377.6	TLY70765.1 MAG: DmsE family decaheme c-type cytochrome [Gammaproteobacteria bacterium]
RKT47723.1	other	Thiocapsa rosea	263.1	367.2	RKT47723.1 DmsE family decaheme c-type cytochrome [Thiocapsa rosea]
WP_379911968.1	other	Marinobacterium aestuariivivens	263.1	286.1	WP_379911968.1 DmsE family decaheme c-type cytochrome [Marinobacterium aestuariivivens]
WP_296527869.1	other	Rhodoferax sp.	263.0	323.5	WP_296527869.1 DmsE family decaheme c-type cytochrome [Rhodoferax sp.]
WP_207063608.1	other	Motiliproteus sp. SC1-56	262.7	346.5	WP_207063608.1 DmsE family decaheme c-type cytochrome [Motiliproteus sp. SC1-56]
WP_297325928.1	other	Nitrosomonas sp.	262.2	319.8	WP_297325928.1 DmsE family decaheme c-type cytochrome [Nitrosomonas sp.]
TLZ41937.1	other	Gammaproteobacteria bacterium	262.1	382.8	TLZ41937.1 MAG: DmsE family decaheme c-type cytochrome [Gammaproteobacteria bacterium]
TLY96301.1	other	Gammaproteobacteria bacterium	262.1	382.8	TLY96301.1 MAG: DmsE family decaheme c-type cytochrome [Gammaproteobacteria bacterium]
TLZ54163.1	other	Gammaproteobacteria bacterium	262.0	376.7	TLZ54163.1 MAG: DmsE family decaheme c-type cytochrome [Gammaproteobacteria bacterium]
TLZ03565.1	other	Gammaproteobacteria bacterium	262.0	383.4	TLZ03565.1 MAG: DmsE family decaheme c-type cytochrome [Gammaproteobacteria bacterium]
WP_013293942.1	MtoA_candidate	Gallionella capsiferriformans	262.0	612.4	WP_013293942.1 DmsE family decaheme c-type cytochrome [Gallionella capsiferriformans]
ADL56010.1	MtoA_candidate	Gallionella capsiferriformans ES-2	262.0	612.4	ADL56010.1 decaheme c-type cytochrome, DmsE family [Gallionella capsiferriformans ES-2]
TLZ63124.1	other	Gammaproteobacteria bacterium	262.0	376.7	TLZ63124.1 MAG: DmsE family decaheme c-type cytochrome [Gammaproteobacteria bacterium]
WP_424112811.1	other	Roseiarcus sp.	261.1	295.5	WP_424112811.1 DmsE family decaheme c-type cytochrome [Roseiarcus sp.]
WP_014779756.1	other	Thiocystis violascens	260.9	358.6	WP_014779756.1 DmsE family decaheme c-type cytochrome [Thiocystis violascens]
AFL75355.1	other	Thiocystis violascens DSM 198	260.9	358.6	AFL75355.1 decaheme c-type cytochrome, DmsE family [Thiocystis violascens DSM 198]
XPI03283.1	other	Pseudohongiella sp.	260.8	286.2	XPI03283.1 MAG: DmsE family decaheme c-type cytochrome [Pseudohongiella sp.]
WP_245969854.1	other	Thiocapsa rosea	260.7	363.6	WP_245969854.1 DmsE family decaheme c-type cytochrome [Thiocapsa rosea]
BAL26317.1	other	Azoarcus sp. KH32C	260.5	392.6	BAL26317.1 decaheme c-type cytochrome, DmsE family [Azoarcus sp. KH32C]
TLZ52970.1	other	Gammaproteobacteria bacterium	260.5	381.4	TLZ52970.1 MAG: DmsE family decaheme c-type cytochrome [Gammaproteobacteria bacterium]
WP_015437617.1	other	Azoarcus sp. KH32C	260.5	392.6	WP_015437617.1 DmsE family decaheme c-type cytochrome [Azoarcus sp. KH32C]
WP_414635647.1	other	Aromatoleum sp.	260.5	392.2	WP_414635647.1 DmsE family decaheme c-type cytochrome [Aromatoleum sp.]
TLZ12454.1	other	Gammaproteobacteria bacterium	260.4	380.6	TLZ12454.1 MAG: DmsE family decaheme c-type cytochrome [Gammaproteobacteria bacterium]
WP_292932640.1	other	Noviherbaspirillum sp.	260.3	387.5	WP_292932640.1 DmsE family decaheme c-type cytochrome [Noviherbaspirillum sp.]
WP_296568824.1	other	Zoogloea sp.	260.1	359.0	WP_296568824.1 DmsE family decaheme c-type cytochrome [Zoogloea sp.]
WP_324105441.1	other	Noviherbaspirillum sp.	260.1	375.8	WP_324105441.1 DmsE family decaheme c-type cytochrome [Noviherbaspirillum sp.]
WPC66820.1	other	Rhodoferax ferrireducens	260.0	348.1	WPC66820.1 DmsE family decaheme c-type cytochrome [Rhodoferax ferrireducens]
WP_011466342.1	other	Rhodoferax ferrireducens	260.0	348.1	WP_011466342.1 DmsE family decaheme c-type cytochrome [Rhodoferax ferrireducens]
WP_101249272.1	other	Telmatospirillum siberiense	260.0	338.1	WP_101249272.1 DmsE family decaheme c-type cytochrome [Telmatospirillum siberiense]
RTL24389.1	other	Rhodocyclaceae bacterium	259.9	369.3	RTL24389.1 MAG: DmsE family decaheme c-type cytochrome [Rhodocyclaceae bacterium]
WP_180680032.1	other	Luteimonas salinisoli	259.8	265.6	WP_180680032.1 DmsE family decaheme c-type cytochrome [Luteimonas salinisoli]
WP_482200926.1	other	Nitrosomonas sp.	259.8	329.8	WP_482200926.1 DmsE family decaheme c-type cytochrome [Nitrosomonas sp.]
UJP00195.1	other	Nitrosomonas sp.	259.8	316.2	UJP00195.1 MAG: DmsE family decaheme c-type cytochrome [Nitrosomonas sp.]
WP_481122912.1	other	Zoogloea sp. GDB6	259.8	364.5	WP_481122912.1 DmsE family decaheme c-type cytochrome [Zoogloea sp. GDB6]
KAA1188460.1	other	Pseudohalioglobus sediminis	259.7	271.4	KAA1188460.1 DmsE family decaheme c-type cytochrome [Pseudohalioglobus sediminis]
WP_149612925.1	other	Pseudohalioglobus sediminis	259.7	271.4	WP_149612925.1 DmsE family decaheme c-type cytochrome [Pseudohalioglobus sediminis]
WP_408595442.1	other	Limnohabitans sp.	259.5	505.5	WP_408595442.1 DmsE family decaheme c-type cytochrome [Limnohabitans sp.]
WP_136416654.1	other	Oxalobacteraceae	259.5	386.2	WP_136416654.1 MULTISPECIES: DmsE family decaheme c-type cytochrome [Oxalobacteraceae]
WP_295628167.1	other	uncultured Nitrosomonas sp.	259.5	325.3	WP_295628167.1 DmsE family decaheme c-type cytochrome [uncultured Nitrosomonas sp.]
SDW34027.1	other	Thiocapsa roseopersicina	259.4	370.9	SDW34027.1 decaheme c-type cytochrome, DmsE family [Thiocapsa roseopersicina]
WP_324105440.1	other	Noviherbaspirillum sp.	259.4	389.6	WP_324105440.1 DmsE family decaheme c-type cytochrome [Noviherbaspirillum sp.]
WP_292928946.1	other	Nitrosomonas sp.	259.2	327.7	WP_292928946.1 DmsE family decaheme c-type cytochrome [Nitrosomonas sp.]
WP_309374325.1	other	Rhodoferax sp.	259.2	497.1	WP_309374325.1 DmsE family decaheme c-type cytochrome [Rhodoferax sp.]
WP_481114003.1	other	Zoogloea sp. JDB1	259.2	367.6	WP_481114003.1 DmsE family decaheme c-type cytochrome [Zoogloea sp. JDB1]
WP_245731718.1	other	Thiocapsa roseopersicina	258.8	362.0	WP_245731718.1 DmsE family decaheme c-type cytochrome [Thiocapsa roseopersicina]
UJP03851.1	other	Nitrosomonas sp.	258.6	316.8	UJP03851.1 MAG: DmsE family decaheme c-type cytochrome [Nitrosomonas sp.]
WP_292985388.1	other	Nitrosomonas sp.	258.6	316.8	WP_292985388.1 DmsE family decaheme c-type cytochrome [Nitrosomonas sp.]
WP_324107431.1	other	Noviherbaspirillum sp.	258.6	387.6	WP_324107431.1 DmsE family decaheme c-type cytochrome [Noviherbaspirillum sp.]
TMH74475.1	other	Betaproteobacteria bacterium	258.5	396.3	TMH74475.1 MAG: DmsE family decaheme c-type cytochrome [Betaproteobacteria bacterium]
WP_347331012.1	other	Marinimicrobium locisalis	258.3	269.6	WP_347331012.1 DmsE family decaheme c-type cytochrome [Marinimicrobium locisalis]
QDH70045.1	other	Marilutibacter alkalisoli	258.3	288.2	QDH70045.1 DmsE family decaheme c-type cytochrome [Marilutibacter alkalisoli]
WP_141623382.1	other	Marilutibacter alkalisoli	258.3	288.2	WP_141623382.1 DmsE family decaheme c-type cytochrome [Marilutibacter alkalisoli]
WP_304056841.1	other	Nitrosomonas communis	258.2	349.4	WP_304056841.1 DmsE family decaheme c-type cytochrome [Nitrosomonas communis]
TCT22012.1	other	Thiobaca trueperi	258.2	341.8	TCT22012.1 DmsE family decaheme c-type cytochrome [Thiobaca trueperi]
WP_132976424.1	other	Thiobaca trueperi	258.2	341.8	WP_132976424.1 DmsE family decaheme c-type cytochrome [Thiobaca trueperi]
WP_160817588.1	other	Nitrosomonas oligotropha	258.0	316.9	WP_160817588.1 DmsE family decaheme c-type cytochrome [Nitrosomonas oligotropha]
QSX40118.1	Shewanella_DmsE	Shewanella cyperi	257.8	289.4	QSX40118.1 DmsE family decaheme c-type cytochrome [Shewanella cyperi]
WP_207320686.1	Shewanella_DmsE	Shewanella cyperi	257.8	289.4	WP_207320686.1 DmsE family decaheme c-type cytochrome [Shewanella cyperi]
WP_298851334.1	other	uncultured Aquimonas sp.	257.8	259.4	WP_298851334.1 DmsE family decaheme c-type cytochrome [uncultured Aquimonas sp.]
TAJ94239.1	other	Gammaproteobacteria bacterium	257.7	254.9	TAJ94239.1 MAG: DmsE family decaheme c-type cytochrome [Gammaproteobacteria bacterium]
UJP05400.1	other	Nitrosomonas sp.	257.7	314.8	UJP05400.1 MAG: DmsE family decaheme c-type cytochrome [Nitrosomonas sp.]
WP_293606181.1	other	Polaromonas sp. UBA4122	257.6	332.5	WP_293606181.1 DmsE family decaheme c-type cytochrome [Polaromonas sp. UBA4122]
UJP07101.1	other	Nitrosomonas sp.	257.6	316.0	UJP07101.1 MAG: DmsE family decaheme c-type cytochrome [Nitrosomonas sp.]
WP_305622621.1	other	Nitrosomonas sp.	257.3	324.2	WP_305622621.1 DmsE family decaheme c-type cytochrome [Nitrosomonas sp.]
WP_336889679.1	other	Polynucleobacter sp.	257.3	446.6	WP_336889679.1 DmsE family decaheme c-type cytochrome [Polynucleobacter sp.]
SDD14696.1	other	Aquimonas voraii	257.2	256.7	SDD14696.1 decaheme c-type cytochrome, DmsE family [Aquimonas voraii]
WP_176763971.1	other	Aquimonas voraii	257.2	256.7	WP_176763971.1 DmsE family decaheme c-type cytochrome [Aquimonas voraii]
WP_296484174.1	other	Rhodoferax sp.	257.2	321.5	WP_296484174.1 DmsE family decaheme c-type cytochrome [Rhodoferax sp.]
WP_227332700.1	other	Rhodoferax sp. U2-2l	257.0	355.8	WP_227332700.1 DmsE family decaheme c-type cytochrome [Rhodoferax sp. U2-2l]
RIZ65978.1	other	Methylococcales bacterium	256.9	464.9	RIZ65978.1 MAG: DmsE family decaheme c-type cytochrome [Methylococcales bacterium]
PTQ77685.1	other	Nitrosomonas oligotropha	256.8	316.3	PTQ77685.1 DmsE family decaheme c-type cytochrome [Nitrosomonas oligotropha]
WP_107802739.1	other	Nitrosomonas oligotropha	256.8	316.3	WP_107802739.1 DmsE family decaheme c-type cytochrome [Nitrosomonas oligotropha]
WP_350152618.1	other	Nitrosomonas sp.	256.7	315.1	WP_350152618.1 DmsE family decaheme c-type cytochrome [Nitrosomonas sp.]
RIX48944.1	other	Rhodocyclales bacterium GT-UBC	256.6	369.8	RIX48944.1 MAG: DmsE family decaheme c-type cytochrome [Rhodocyclales bacterium GT-UBC]
WP_145842754.1	other	Denitratisoma sp. DHT3	256.6	402.4	WP_145842754.1 DmsE family decaheme c-type cytochrome [Denitratisoma sp. DHT3]
QSX29366.1	Shewanella_DmsE	Shewanella cyperi	256.5	289.2	QSX29366.1 DmsE family decaheme c-type cytochrome [Shewanella cyperi]
WP_207324544.1	Shewanella_DmsE	Shewanella cyperi	256.5	289.2	WP_207324544.1 DmsE family decaheme c-type cytochrome [Shewanella cyperi]
WP_292927870.1	other	Nitrosomonas sp.	256.3	324.1	WP_292927870.1 DmsE family decaheme c-type cytochrome [Nitrosomonas sp.]
WP_374481061.1	other	Zoogloea sp.	256.3	364.7	WP_374481061.1 DmsE family decaheme c-type cytochrome [Zoogloea sp.]
WP_482199489.1	other	Nitrosomonas sp.	256.3	329.3	WP_482199489.1 DmsE family decaheme c-type cytochrome [Nitrosomonas sp.]
TXI30374.1	other	Nitrosomonas oligotropha	256.2	314.4	TXI30374.1 MAG: DmsE family decaheme c-type cytochrome [Nitrosomonas oligotropha]
TMK79502.1	other	Actinomycetota bacterium	256.2	287.7	TMK79502.1 MAG: DmsE family decaheme c-type cytochrome [Actinomycetota bacterium]
TXI36604.1	other	Nitrosomonas sp.	256.1	315.6	TXI36604.1 MAG: DmsE family decaheme c-type cytochrome [Nitrosomonas sp.]
WP_473426225.1	other	Halioglobus sp. D3-4	256.1	261.3	WP_473426225.1 DmsE family decaheme c-type cytochrome [Halioglobus sp. D3-4]
WP_051234791.1	other	Marinimicrobium agarilyticum	256.1	259.0	WP_051234791.1 DmsE family decaheme c-type cytochrome [Marinimicrobium agarilyticum]
QSX36515.1	Shewanella_DmsE	Shewanella sedimentimangrovi	255.9	292.2	QSX36515.1 DmsE family decaheme c-type cytochrome [Shewanella sedimentimangrovi]
WP_207379877.1	Shewanella_DmsE	Shewanella sedimentimangrovi	255.9	292.2	WP_207379877.1 DmsE family decaheme c-type cytochrome [Shewanella sedimentimangrovi]
WP_018987788.1	other	Aromatoleum toluclasticum	255.8	387.6	WP_018987788.1 DmsE family decaheme c-type cytochrome [Aromatoleum toluclasticum]
WP_296446329.1	other	Rhodoferax sp. UBA5149	255.8	331.2	WP_296446329.1 DmsE family decaheme c-type cytochrome [Rhodoferax sp. UBA5149]
WP_337287039.1	other	Candidatus Methylomirabilis sp.	255.7	266.0	WP_337287039.1 DmsE family decaheme c-type cytochrome [Candidatus Methylomirabilis sp.]
WKZ33609.1	other	Thermodesulfobacteriota bacterium	255.4	270.9	WKZ33609.1 MAG: DmsE family decaheme c-type cytochrome [Thermodesulfobacteriota bacterium]
AXS80683.1	other	Dechloromonas sp. HYN0024	255.4	365.9	AXS80683.1 DmsE family decaheme c-type cytochrome [Dechloromonas sp. HYN0024]
WP_117609471.1	other	Dechloromonas sp. HYN0024	255.4	365.9	WP_117609471.1 DmsE family decaheme c-type cytochrome [Dechloromonas sp. HYN0024]
WP_154368663.1	other	Duganella alba	255.3	377.0	WP_154368663.1 DmsE family decaheme c-type cytochrome [Duganella alba]
WP_337291043.1	other	Candidatus Methylomirabilis sp.	255.3	263.3	WP_337291043.1 DmsE family decaheme c-type cytochrome [Candidatus Methylomirabilis sp.]
WP_222218050.1	other	Ferrimonas balearica	255.1	166.9	WP_222218050.1 DmsE family decaheme c-type cytochrome, partial [Ferrimonas balearica]
WP_246261008.1	other	Aromatoleum toluolicum	255.0	355.0	WP_246261008.1 DmsE family decaheme c-type cytochrome [Aromatoleum toluolicum]
WP_211752249.1	other	Nitrosomonas communis	254.9	349.4	WP_211752249.1 DmsE family decaheme c-type cytochrome [Nitrosomonas communis]
SDW26631.1	other	Nitrosomonas communis	254.9	349.4	SDW26631.1 decaheme c-type cytochrome, DmsE family [Nitrosomonas communis]
WP_304907110.1	other	Nitrosomonas sp.	254.8	320.8	WP_304907110.1 DmsE family decaheme c-type cytochrome [Nitrosomonas sp.]
WP_369419715.1	other	Leptothrix ochracea	254.7	306.8	WP_369419715.1 DmsE family decaheme c-type cytochrome, partial [Leptothrix ochracea]
RZI39856.1	other	Herbaspirillum sp. HC18	254.6	377.4	RZI39856.1 DmsE family decaheme c-type cytochrome [Herbaspirillum sp. HC18]
SFI24538.1	other	Nitrosomonas sp. Nm34	254.6	350.6	SFI24538.1 decaheme c-type cytochrome, DmsE family [Nitrosomonas sp. Nm34]
WP_317532008.1	other	unclassified Nitrosomonas	254.6	316.9	WP_317532008.1 MULTISPECIES: DmsE family decaheme c-type cytochrome [unclassified Nitrosomonas]
WP_062479642.1	other	Lacimicrobium alkaliphilum	254.5	268.8	WP_062479642.1 DmsE family decaheme c-type cytochrome [Lacimicrobium alkaliphilum]
WP_210394543.1	other	Motiliproteus sediminis	254.4	357.8	WP_210394543.1 DmsE family decaheme c-type cytochrome [Motiliproteus sediminis]
WP_438839686.1	other	Aromatoleum toluclasticum	254.4	387.7	WP_438839686.1 DmsE family decaheme c-type cytochrome [Aromatoleum toluclasticum]
WP_342344169.1	other	Aromatoleum petrolei	254.3	384.6	WP_342344169.1 DmsE family decaheme c-type cytochrome [Aromatoleum petrolei]
QTQ36153.1	other	Aromatoleum petrolei	254.3	384.6	QTQ36153.1 Decaheme c-type cytochrome, DmsE family [Aromatoleum petrolei]
WP_232096422.1	other	Denitratisoma oestradiolicum	254.2	313.7	WP_232096422.1 DmsE family decaheme c-type cytochrome [Denitratisoma oestradiolicum]
WP_169207433.1	other	Aromatoleum petrolei	254.2	387.4	WP_169207433.1 DmsE family decaheme c-type cytochrome [Aromatoleum petrolei]
WP_169132925.1	other	Aromatoleum evansii	254.2	388.1	WP_169132925.1 DmsE family decaheme c-type cytochrome [Aromatoleum evansii]
WP_484190365.1	other	Motiliproteus sp.	254.0	349.9	WP_484190365.1 DmsE family decaheme c-type cytochrome, partial [Motiliproteus sp.]
WP_145769946.1	other	Denitratisoma oestradiolicum	254.0	314.1	WP_145769946.1 DmsE family decaheme c-type cytochrome [Denitratisoma oestradiolicum]
WP_301671201.1	other	Methylomonas montana	254.0	410.8	WP_301671201.1 DmsE family decaheme c-type cytochrome [Methylomonas montana]
WRL45937.1	other	Aromatoleum evansii	254.0	388.6	WRL45937.1 DmsE family decaheme c-type cytochrome [Aromatoleum evansii]
WKJ89278.1	other	Methylomonas montana	254.0	410.8	WKJ89278.1 DmsE family decaheme c-type cytochrome [Methylomonas montana]
WP_350116547.1	other	Nitrosomonas sp.	253.9	317.2	WP_350116547.1 DmsE family decaheme c-type cytochrome [Nitrosomonas sp.]
RIZ72036.1	other	Methylococcales bacterium	253.8	459.4	RIZ72036.1 MAG: DmsE family decaheme c-type cytochrome [Methylococcales bacterium]
WP_300124909.1	other	Immundisolibacter sp.	253.7	317.4	WP_300124909.1 DmsE family decaheme c-type cytochrome [Immundisolibacter sp.]
WP_212758196.1	other	Usitatibacter palustris	253.5	349.8	WP_212758196.1 DmsE family decaheme c-type cytochrome [Usitatibacter palustris]
WP_374476267.1	other	Zoogloea sp.	253.5	361.9	WP_374476267.1 DmsE family decaheme c-type cytochrome [Zoogloea sp.]
WP_350148201.1	other	Haliea sp.	253.4	239.4	WP_350148201.1 DmsE family decaheme c-type cytochrome [Haliea sp.]
WP_368664711.1	other	Zoogloea sp. LCSB751	253.4	364.8	WP_368664711.1 DmsE family decaheme c-type cytochrome [Zoogloea sp. LCSB751]
WP_454434939.1	other	Thauera mechernichensis	253.3	347.8	WP_454434939.1 DmsE family decaheme c-type cytochrome [Thauera mechernichensis]
WP_394808236.1	other	Nitrosomonas sp.	253.2	328.5	WP_394808236.1 DmsE family decaheme c-type cytochrome [Nitrosomonas sp.]
WP_462291676.1	other	Haliea sp.	253.1	247.0	WP_462291676.1 DmsE family decaheme c-type cytochrome [Haliea sp.]
WP_163495804.1	other	Kineobactrum salinum	253.0	246.6	WP_163495804.1 DmsE family decaheme c-type cytochrome [Kineobactrum salinum]
WP_173064034.1	other	Sulfurimicrobium lacus	253.0	476.3	WP_173064034.1 DmsE family decaheme c-type cytochrome [Sulfurimicrobium lacus]
QIB66370.1	other	Kineobactrum salinum	253.0	246.6	QIB66370.1 DmsE family decaheme c-type cytochrome [Kineobactrum salinum]
WP_325542172.1	other	Ramlibacter sp.	252.9	334.5	WP_325542172.1 DmsE family decaheme c-type cytochrome [Ramlibacter sp.]
WP_481853972.1	other	Nitrosomonas sp.	252.9	331.2	WP_481853972.1 DmsE family decaheme c-type cytochrome [Nitrosomonas sp.]
WP_292993402.1	other	Nitrosomonas sp.	252.6	328.5	WP_292993402.1 DmsE family decaheme c-type cytochrome [Nitrosomonas sp.]
WP_210401663.1	other	Lacimicrobium sp. SS2-24	252.5	263.1	WP_210401663.1 DmsE family decaheme c-type cytochrome [Lacimicrobium sp. SS2-24]
WP_051511588.1	other	Skermanella stibiiresistens	252.5	331.2	WP_051511588.1 DmsE family decaheme c-type cytochrome [Skermanella stibiiresistens]
WP_353611524.1	other	Azoarcus sp. CIB	252.5	390.1	WP_353611524.1 DmsE family decaheme c-type cytochrome [Azoarcus sp. CIB]
AKU13966.1	other	Azoarcus sp. CIB	252.5	390.1	AKU13966.1 decaheme c-type cytochrome, DmsE family [Azoarcus sp. CIB]
WP_255535477.1	other	Polynucleobacter finlandensis	252.4	467.5	WP_255535477.1 DmsE family decaheme c-type cytochrome [Polynucleobacter finlandensis]
WP_247725099.1	other	Thauera aromatica	252.3	348.7	WP_247725099.1 DmsE family decaheme c-type cytochrome [Thauera aromatica]
WP_162549559.1	other	Halorhodospira halochloris	252.2	236.2	WP_162549559.1 DmsE family decaheme c-type cytochrome [Halorhodospira halochloris]
QGX38212.1	other	Permianibacter aggregans	252.1	274.8	QGX38212.1 DmsE family decaheme c-type cytochrome [Permianibacter aggregans]
WP_133593372.1	other	Permianibacter aggregans	252.1	274.8	WP_133593372.1 DmsE family decaheme c-type cytochrome [Permianibacter aggregans]
TDQ44125.1	other	Permianibacter aggregans	252.1	274.8	TDQ44125.1 DmsE family decaheme c-type cytochrome [Permianibacter aggregans]
WP_234087433.1	other	Azonexus sp. R2A61	252.1	368.0	WP_234087433.1 DmsE family decaheme c-type cytochrome [Azonexus sp. R2A61]
WP_238638565.1	other	Halorhodospira halochloris	252.0	235.5	WP_238638565.1 DmsE family decaheme c-type cytochrome [Halorhodospira halochloris]
WP_386028654.1	other	Thiorhodococcus fuscus	251.8	337.2	WP_386028654.1 DmsE family decaheme c-type cytochrome [Thiorhodococcus fuscus]
QDZ28074.1	other	Noviherbaspirillum sp. UKPF54	251.6	358.6	QDZ28074.1 DmsE family decaheme c-type cytochrome [Noviherbaspirillum sp. UKPF54]
WP_146329898.1	other	Noviherbaspirillum sp. UKPF54	251.6	358.6	WP_146329898.1 DmsE family decaheme c-type cytochrome [Noviherbaspirillum sp. UKPF54]
SFL67856.1	other	Nitrosomonas communis	251.5	347.9	SFL67856.1 decaheme c-type cytochrome, DmsE family [Nitrosomonas communis]
KAA6462041.1	other	Acidobacteria bacterium AB60	251.5	375.6	KAA6462041.1 DmsE family decaheme c-type cytochrome [Acidobacteria bacterium AB60]
WP_238630401.1	other	Halorhodospira halochloris	251.5	233.9	WP_238630401.1 DmsE family decaheme c-type cytochrome [Halorhodospira halochloris]
WP_169255839.1	other	Aromatoleum toluvorans	251.5	387.2	WP_169255839.1 DmsE family decaheme c-type cytochrome [Aromatoleum toluvorans]
WP_218151960.1	other	Nitrosomonas communis	251.5	347.9	WP_218151960.1 DmsE family decaheme c-type cytochrome [Nitrosomonas communis]
WP_347248768.1	other	Zoogloea sp.	251.4	359.3	WP_347248768.1 DmsE family decaheme c-type cytochrome [Zoogloea sp.]
KAB2970158.1	other	Zoogloea sp.	251.3	357.3	KAB2970158.1 MAG: DmsE family decaheme c-type cytochrome [Zoogloea sp.]
WP_346285122.1	other	Zoogloea sp.	251.3	357.3	WP_346285122.1 DmsE family decaheme c-type cytochrome [Zoogloea sp.]
WP_072293157.1	other	Nitrosovibrio sp. Nv17	251.3	337.6	WP_072293157.1 DmsE family decaheme c-type cytochrome [Nitrosovibrio sp. Nv17]
SFW16188.1	other	Nitrosovibrio sp. Nv17	251.3	337.6	SFW16188.1 decaheme c-type cytochrome, DmsE family [Nitrosovibrio sp. Nv17]
WP_374493206.1	other	Zoogloea sp.	251.2	360.2	WP_374493206.1 DmsE family decaheme c-type cytochrome [Zoogloea sp.]
TXG87264.1	other	Zoogloea sp.	251.2	359.9	TXG87264.1 MAG: DmsE family decaheme c-type cytochrome [Zoogloea sp.]
WP_414662579.1	other	Horticoccus sp. 23ND18S-11	251.2	354.2	WP_414662579.1 DmsE family decaheme c-type cytochrome [Horticoccus sp. 23ND18S-11]
WP_369666162.1	other	Thioalkalicoccus limnaeus	251.1	360.2	WP_369666162.1 DmsE family decaheme c-type cytochrome [Thioalkalicoccus limnaeus]
WP_239679936.1	other	Ectothiorhodospira variabilis	251.0	238.1	WP_239679936.1 DmsE family decaheme c-type cytochrome [Ectothiorhodospira variabilis]
WP_299883109.1	other	Zoogloea sp.	251.0	360.4	WP_299883109.1 DmsE family decaheme c-type cytochrome [Zoogloea sp.]
WP_422620787.1	other	Rhodoferax ferrireducens	250.9	343.0	WP_422620787.1 DmsE family decaheme c-type cytochrome [Rhodoferax ferrireducens]
WP_144413026.1	other	Nitrosomonas communis	250.9	350.5	WP_144413026.1 DmsE family decaheme c-type cytochrome [Nitrosomonas communis]
WP_424317760.1	other	Candidatus Methylomirabilis sp.	250.7	255.8	WP_424317760.1 DmsE family decaheme c-type cytochrome, partial [Candidatus Methylomirabilis sp.]
WP_090688909.1	other	Nitrosomonas sp. Nm34	250.7	351.0	WP_090688909.1 DmsE family decaheme c-type cytochrome [Nitrosomonas sp. Nm34]
EGV33472.1	other	Thiorhodococcus drewsii AZ1	250.6	338.6	EGV33472.1 decaheme c-type cytochrome, DmsE family [Thiorhodococcus drewsii AZ1]
WP_332671561.1	other	Aromatoleum sp.	250.6	351.8	WP_332671561.1 DmsE family decaheme c-type cytochrome [Aromatoleum sp.]
WP_255538743.1	other	Polynucleobacter sp. Latsch14-2	250.5	469.0	WP_255538743.1 DmsE family decaheme c-type cytochrome [Polynucleobacter sp. Latsch14-2]
WP_292994039.1	other	Nitrosomonas sp.	250.5	325.6	WP_292994039.1 DmsE family decaheme c-type cytochrome [Nitrosomonas sp.]
WP_458153512.1	other	Nitrosomonas sp. wSCUT-2	250.5	311.2	WP_458153512.1 DmsE family decaheme c-type cytochrome [Nitrosomonas sp. wSCUT-2]
WP_442411532.1	other	Mycobacterium sp.	250.1	304.0	WP_442411532.1 DmsE family decaheme c-type cytochrome [Mycobacterium sp.]
WP_252345806.1	Shewanella_DmsE	Shewanella indica	250.0	176.6	WP_252345806.1 DmsE family decaheme c-type cytochrome, partial [Shewanella indica]
WP_076603863.1	other	Aromatoleum tolulyticum	249.9	385.4	WP_076603863.1 DmsE family decaheme c-type cytochrome [Aromatoleum tolulyticum]
WP_169143881.1	other	Zoogloea dura	249.9	357.3	WP_169143881.1 DmsE family decaheme c-type cytochrome [Zoogloea dura]
SIR46869.1	other	Aromatoleum tolulyticum	249.9	385.4	SIR46869.1 decaheme c-type cytochrome, DmsE family [Aromatoleum tolulyticum]
WP_218304603.1	other	Duganella sp. sic0402	249.9	384.0	WP_218304603.1 DmsE family decaheme c-type cytochrome [Duganella sp. sic0402]
WP_305627314.1	other	Rhodoferax sp.	249.8	354.5	WP_305627314.1 DmsE family decaheme c-type cytochrome, partial [Rhodoferax sp.]
WP_374488680.1	other	Zoogloea sp.	249.6	342.9	WP_374488680.1 DmsE family decaheme c-type cytochrome [Zoogloea sp.]
WP_244551568.1	other	Aromatoleum tolulyticum	249.5	371.0	WP_244551568.1 DmsE family decaheme c-type cytochrome [Aromatoleum tolulyticum]
SIP86718.1	other	Aromatoleum tolulyticum	249.5	371.0	SIP86718.1 decaheme c-type cytochrome, DmsE family [Aromatoleum tolulyticum]
WP_136416656.1	other	Oxalobacteraceae	249.4	377.6	WP_136416656.1 MULTISPECIES: DmsE family decaheme c-type cytochrome [Oxalobacteraceae]
SPE29835.1	other	Candidatus Sulfuritelmatomonas gaucii	249.4	387.4	SPE29835.1 Decaheme c-type cytochrome, DmsE family [Candidatus Sulfuritelmatomonas gaucii]
WP_169257132.1	other	Aromatoleum toluvorans	249.3	365.6	WP_169257132.1 DmsE family decaheme c-type cytochrome [Aromatoleum toluvorans]
WP_290360747.1	other	Roseateles violae	249.3	368.9	WP_290360747.1 DmsE family decaheme c-type cytochrome [Roseateles violae]
WP_395794919.1	other	Aquimonas sp.	249.1	251.1	WP_395794919.1 DmsE family decaheme c-type cytochrome [Aquimonas sp.]
WP_169138089.1	other	Aromatoleum toluolicum	249.0	391.0	WP_169138089.1 DmsE family decaheme c-type cytochrome [Aromatoleum toluolicum]
WP_324107432.1	other	Noviherbaspirillum sp.	249.0	380.0	WP_324107432.1 DmsE family decaheme c-type cytochrome [Noviherbaspirillum sp.]
WP_026284969.1	other	Thiomonas sp. FB-6	248.9	449.8	WP_026284969.1 DmsE family decaheme c-type cytochrome [Thiomonas sp. FB-6]
WP_200250012.1	other	Thiococcus pfennigii	248.7	348.1	WP_200250012.1 DmsE family decaheme c-type cytochrome [Thiococcus pfennigii]
WP_169262795.1	other	Aromatoleum diolicum	248.7	386.6	WP_169262795.1 DmsE family decaheme c-type cytochrome [Aromatoleum diolicum]
WP_245535772.1	other	Thiorhodococcus drewsii	248.7	333.5	WP_245535772.1 DmsE family decaheme c-type cytochrome [Thiorhodococcus drewsii]
WP_202882256.1	other	Candidatus Manganitrophus noduliformans	248.6	263.3	WP_202882256.1 DmsE family decaheme c-type cytochrome [Candidatus Manganitrophus noduliformans]
WP_164963738.1	other	Rubrivivax sp. JA1026	248.4	350.7	WP_164963738.1 DmsE family decaheme c-type cytochrome [Rubrivivax sp. JA1026]
WP_310450685.1	other	Sulfuritalea sp.	248.3	376.1	WP_310450685.1 DmsE family decaheme c-type cytochrome [Sulfuritalea sp.]
WP_230247445.1	other	unclassified Rubrivivax	248.2	350.1	WP_230247445.1 MULTISPECIES: DmsE family decaheme c-type cytochrome [unclassified Rubrivivax]
WP_305234541.1	other	Rhodoferax sp.	248.1	376.3	WP_305234541.1 DmsE family decaheme c-type cytochrome [Rhodoferax sp.]
WP_324383990.1	other	Zoogloea sp.	247.8	361.9	WP_324383990.1 DmsE family decaheme c-type cytochrome [Zoogloea sp.]
TLY60675.1	other	Gammaproteobacteria bacterium	247.8	378.5	TLY60675.1 MAG: DmsE family decaheme c-type cytochrome [Gammaproteobacteria bacterium]
QTQ35207.1	other	Aromatoleum petrolei	247.7	348.8	QTQ35207.1 Decaheme c-type cytochrome, DmsE family [Aromatoleum petrolei]
WP_169207821.1	other	Aromatoleum petrolei	247.7	348.8	WP_169207821.1 DmsE family decaheme c-type cytochrome [Aromatoleum petrolei]
WP_168062848.1	other	Candidatus Manganitrophus noduliformans	247.7	288.0	WP_168062848.1 DmsE family decaheme c-type cytochrome [Candidatus Manganitrophus noduliformans]
WP_474278670.1	other	Ideonella sp. sgz306126	247.6	463.7	WP_474278670.1 DmsE family decaheme c-type cytochrome [Ideonella sp. sgz306126]
WP_154367177.1	other	Duganella alba	247.6	385.8	WP_154367177.1 DmsE family decaheme c-type cytochrome [Duganella alba]
TAK08396.1	other	Candidatus Manganitrophaceae bacterium	247.5	274.0	TAK08396.1 MAG: DmsE family decaheme c-type cytochrome [Candidatus Manganitrophaceae bacterium]
WMJ09792.1	other	Nitrosomonas sp. sh817	247.5	304.8	WMJ09792.1 DmsE family decaheme c-type cytochrome [Nitrosomonas sp. sh817]
WP_304764786.1	other	Rhodoferax sp.	247.4	362.3	WP_304764786.1 DmsE family decaheme c-type cytochrome [Rhodoferax sp.]
TRZ68509.1	other	Rhodocyclaceae bacterium	247.4	364.9	TRZ68509.1 MAG: DmsE family decaheme c-type cytochrome [Rhodocyclaceae bacterium]
WP_377714305.1	other	Paraburkholderia denitrificans	247.4	428.6	WP_377714305.1 DmsE family decaheme c-type cytochrome [Paraburkholderia denitrificans]
WP_200899675.1	other	Nitrosomonas	247.3	350.1	WP_200899675.1 MULTISPECIES: DmsE family decaheme c-type cytochrome [Nitrosomonas]
WP_040395834.1	other	Aromatoleum toluclasticum	247.3	364.7	WP_040395834.1 DmsE family decaheme c-type cytochrome [Aromatoleum toluclasticum]
TBR23928.1	other	bacterium	247.3	216.8	TBR23928.1 MAG: DmsE family decaheme c-type cytochrome [bacterium]
UCF00774.1	other	Deltaproteobacteria bacterium	247.3	269.1	UCF00774.1 MAG: DmsE family decaheme c-type cytochrome [Deltaproteobacteria bacterium]
UVS61669.1	other	Nitrosomonas sp. PLL12	247.3	350.1	UVS61669.1 DmsE family decaheme c-type cytochrome [Nitrosomonas sp. PLL12]
WP_136385612.1	other	Pseudothauera rhizosphaerae	247.3	348.3	WP_136385612.1 DmsE family decaheme c-type cytochrome [Pseudothauera rhizosphaerae]
TYP90992.1	other	Nitrosomonas communis	247.3	350.1	TYP90992.1 DmsE family decaheme c-type cytochrome [Nitrosomonas communis]
THF60310.1	other	Pseudothauera rhizosphaerae	247.3	348.3	THF60310.1 DmsE family decaheme c-type cytochrome [Pseudothauera rhizosphaerae]
WP_228218319.1	other	Aromatoleum toluclasticum	247.2	364.3	WP_228218319.1 DmsE family decaheme c-type cytochrome [Aromatoleum toluclasticum]
WP_307933743.1	other	Nitrosomonas sp. sh817	247.2	305.2	WP_307933743.1 DmsE family decaheme c-type cytochrome [Nitrosomonas sp. sh817]
WP_286828844.1	other	Kordiimonas	247.1	291.8	WP_286828844.1 MULTISPECIES: DmsE family decaheme c-type cytochrome [Kordiimonas]
WP_297324001.1	other	Nitrosomonas sp.	246.9	317.9	WP_297324001.1 DmsE family decaheme c-type cytochrome [Nitrosomonas sp.]
WP_200379055.1	other	Rubrivivax gelatinosus	246.9	347.8	WP_200379055.1 DmsE family decaheme c-type cytochrome [Rubrivivax gelatinosus]
WP_317535111.1	other	Nitrosomonas sp. Is37	246.9	339.7	WP_317535111.1 DmsE family decaheme c-type cytochrome [Nitrosomonas sp. Is37]
WP_173956221.1	other	Polynucleobacter tropicus	246.7	464.2	WP_173956221.1 DmsE family decaheme c-type cytochrome [Polynucleobacter tropicus]
WP_331509821.1	other	Novimethylophilus sp.	246.6	418.0	WP_331509821.1 DmsE family decaheme c-type cytochrome [Novimethylophilus sp.]
WP_434482305.1	other	Methylobacter sp.	246.5	312.6	WP_434482305.1 DmsE family decaheme c-type cytochrome [Methylobacter sp.]
WP_117173983.1	other	Rhodoferax lacus	246.5	394.2	WP_117173983.1 DmsE family decaheme c-type cytochrome [Rhodoferax lacus]
WP_461501806.1	other	Rhodoferax sp.	246.5	328.3	WP_461501806.1 DmsE family decaheme c-type cytochrome [Rhodoferax sp.]
WP_201673608.1	other	Ramlibacter monticola	246.5	359.7	WP_201673608.1 DmsE family decaheme c-type cytochrome [Ramlibacter monticola]
WP_312532127.1	other	Thiobacillus sp.	246.4	350.4	WP_312532127.1 DmsE family decaheme c-type cytochrome [Thiobacillus sp.]
WDT77047.1	other	Candidatus Manganitrophus sp.	246.4	285.1	WDT77047.1 MAG: DmsE family decaheme c-type cytochrome [Candidatus Manganitrophus sp.]
WP_200231631.1	other	Rubrivivax gelatinosus	246.4	345.9	WP_200231631.1 DmsE family decaheme c-type cytochrome [Rubrivivax gelatinosus]
WP_238621590.1	other	Ectothiorhodospira lacustris	246.4	242.1	WP_238621590.1 DmsE family decaheme c-type cytochrome [Ectothiorhodospira lacustris]
WP_297914553.1	other	Thiomonas sp.	246.3	446.6	WP_297914553.1 DmsE family decaheme c-type cytochrome [Thiomonas sp.]
WP_154359935.1	other	Duganella aquatilis	246.0	386.4	WP_154359935.1 DmsE family decaheme c-type cytochrome [Duganella aquatilis]
WP_435626826.1	other	Ferrigenium straubiae	246.0	359.3	WP_435626826.1 DmsE family decaheme c-type cytochrome [Ferrigenium straubiae]
XXM44832.1	other	Ferrigenium straubiae	246.0	359.3	XXM44832.1 DmsE family decaheme c-type cytochrome [Ferrigenium straubiae]
WP_169261956.1	other	Aromatoleum diolicum	245.9	353.4	WP_169261956.1 DmsE family decaheme c-type cytochrome [Aromatoleum diolicum]
WP_009856706.1	other	Rubrivivax benzoatilyticus	245.8	351.2	WP_009856706.1 DmsE family decaheme c-type cytochrome [Rubrivivax benzoatilyticus]
SDX98458.1	other	Nitrosomonas sp. Nm33	245.6	337.1	SDX98458.1 decaheme c-type cytochrome, DmsE family [Nitrosomonas sp. Nm33]
WP_218132285.1	other	Nitrosomonas sp. Nm33	245.6	337.1	WP_218132285.1 DmsE family decaheme c-type cytochrome [Nitrosomonas sp. Nm33]
WP_025283017.1	other	Ectothiorhodospira haloalkaliphila	245.6	238.4	WP_025283017.1 DmsE family decaheme c-type cytochrome [Ectothiorhodospira haloalkaliphila]
WP_015281650.1	other	Thioflavicoccus mobilis	245.5	354.1	WP_015281650.1 DmsE family decaheme c-type cytochrome [Thioflavicoccus mobilis]
AGA91518.1	other	Thioflavicoccus mobilis 8321	245.5	354.1	AGA91518.1 decaheme c-type cytochrome, DmsE family [Thioflavicoccus mobilis 8321]
WP_011385393.1	other	Paramagnetospirillum magneticum	245.4	325.6	WP_011385393.1 DmsE family decaheme c-type cytochrome [Paramagnetospirillum magneticum]
WDT74706.1	other	Candidatus Manganitrophus sp.	245.2	263.8	WDT74706.1 MAG: DmsE family decaheme c-type cytochrome [Candidatus Manganitrophus sp.]
WDT73084.1	other	Candidatus Manganitrophus sp.	245.2	262.7	WDT73084.1 MAG: DmsE family decaheme c-type cytochrome [Candidatus Manganitrophus sp.]
WP_376851678.1	other	Caenimonas terrae	245.2	340.4	WP_376851678.1 DmsE family decaheme c-type cytochrome [Caenimonas terrae]
WDT79383.1	other	Candidatus Manganitrophus sp.	245.2	262.7	WDT79383.1 MAG: DmsE family decaheme c-type cytochrome [Candidatus Manganitrophus sp.]
WP_283743089.1	MtoA_candidate	Sideroxydans sp. CL21	245.2	629.9	WP_283743089.1 DmsE family decaheme c-type cytochrome [Sideroxydans sp. CL21]
PXW83878.1	other	Nitrosomonas sp. Nm84	245.1	318.0	PXW83878.1 DmsE family decaheme c-type cytochrome [Nitrosomonas sp. Nm84]
WP_165872570.1	other	Nitrosomonas sp. Nm84	245.1	318.0	WP_165872570.1 DmsE family decaheme c-type cytochrome [Nitrosomonas sp. Nm84]
RZI42035.1	other	Herbaspirillum sp. HC18	245.1	373.6	RZI42035.1 DmsE family decaheme c-type cytochrome [Herbaspirillum sp. HC18]
WP_206047257.1	other	Noviherbaspirillum denitrificans	244.9	351.1	WP_206047257.1 DmsE family decaheme c-type cytochrome, partial [Noviherbaspirillum denitrificans]
WP_121427282.1	other	Azoarcus sp. DN11	244.9	361.3	WP_121427282.1 DmsE family decaheme c-type cytochrome [Azoarcus sp. DN11]
WP_238617753.1	other	Ectothiorhodospira shaposhnikovii	244.9	238.9	WP_238617753.1 DmsE family decaheme c-type cytochrome [Ectothiorhodospira shaposhnikovii]
WP_043754120.1	other	Imhoffiella purpurea	244.9	333.8	WP_043754120.1 DmsE family decaheme c-type cytochrome [Imhoffiella purpurea]
WP_420477022.1	other	Noviherbaspirillum sp. ST9	244.9	364.6	WP_420477022.1 DmsE family decaheme c-type cytochrome [Noviherbaspirillum sp. ST9]
XNN52264.1	other	Ectothiorhodospira shaposhnikovii	244.9	238.9	XNN52264.1 DmsE family decaheme c-type cytochrome [Ectothiorhodospira shaposhnikovii]
WP_461580874.1	other	Sulfuricaulis sp.	244.7	357.8	WP_461580874.1 DmsE family decaheme c-type cytochrome [Sulfuricaulis sp.]
WP_477893012.1	other	Ramlibacter sp. P4_H7	244.6	374.9	WP_477893012.1 DmsE family decaheme c-type cytochrome [Ramlibacter sp. P4_H7]
WP_231480539.1	other	Thiomonas sp. FB-Cd	244.4	446.7	WP_231480539.1 DmsE family decaheme c-type cytochrome [Thiomonas sp. FB-Cd]
WP_162300069.1	other	Kineobactrum sediminis	244.3	243.2	WP_162300069.1 DmsE family decaheme c-type cytochrome [Kineobactrum sediminis]
WP_090252256.1	other	Ectothiorhodospira marina	244.2	231.3	WP_090252256.1 DmsE family decaheme c-type cytochrome [Ectothiorhodospira marina]
SEK79788.1	other	Ectothiorhodospira marina	244.2	231.3	SEK79788.1 decaheme c-type cytochrome, DmsE family [Ectothiorhodospira marina]
WP_455246225.1	other	Petrachloros mirabilis	244.1	242.6	WP_455246225.1 DmsE family decaheme c-type cytochrome [Petrachloros mirabilis]
WP_234278969.1	other	Halomonas alkalisoli	244.1	361.7	WP_234278969.1 DmsE family decaheme c-type cytochrome [Halomonas alkalisoli]
WP_076602713.1	other	Aromatoleum tolulyticum	244.0	357.7	WP_076602713.1 DmsE family decaheme c-type cytochrome [Aromatoleum tolulyticum]
SIQ98518.1	other	Aromatoleum tolulyticum	244.0	357.7	SIQ98518.1 decaheme c-type cytochrome, DmsE family [Aromatoleum tolulyticum]
TAM61544.1	other	Rhodanobacter sp.	244.0	318.0	TAM61544.1 MAG: DmsE family decaheme c-type cytochrome [Rhodanobacter sp.]
WP_296163841.1	other	Rhodoferax sp.	244.0	318.4	WP_296163841.1 DmsE family decaheme c-type cytochrome [Rhodoferax sp.]
WP_304705593.1	other	Haliea sp. E1-2-M8	243.8	234.6	WP_304705593.1 DmsE family decaheme c-type cytochrome [Haliea sp. E1-2-M8]
WP_107560999.1	other	Candidatus Methylomirabilis limnetica	243.8	261.6	WP_107560999.1 DmsE family decaheme c-type cytochrome [Candidatus Methylomirabilis limnetica]
WP_300173986.1	other	Rhodoferax sp.	243.7	370.2	WP_300173986.1 DmsE family decaheme c-type cytochrome [Rhodoferax sp.]
WP_169126988.1	other	Aromatoleum evansii	243.4	328.3	WP_169126988.1 DmsE family decaheme c-type cytochrome [Aromatoleum evansii]
WP_300112882.1	other	Rhodoferax sp.	242.9	315.5	WP_300112882.1 DmsE family decaheme c-type cytochrome [Rhodoferax sp.]
WP_114572333.1	other	Halomonas sp. DQ26W	242.7	352.8	WP_114572333.1 DmsE family decaheme c-type cytochrome [Halomonas sp. DQ26W]
RDB44752.1	other	Halomonas sp. DQ26W	242.7	352.8	RDB44752.1 DmsE family decaheme c-type cytochrome [Halomonas sp. DQ26W]
WP_372523544.1	other	Sulfuricaulis sp.	242.6	404.0	WP_372523544.1 DmsE family decaheme c-type cytochrome [Sulfuricaulis sp.]
WP_324126289.1	other	Aromatoleum sp.	242.4	349.6	WP_324126289.1 DmsE family decaheme c-type cytochrome [Aromatoleum sp.]
WP_255482478.1	other	Rhodanobacter sp. MP7CTX1	242.3	295.6	WP_255482478.1 DmsE family decaheme c-type cytochrome [Rhodanobacter sp. MP7CTX1]
WP_422298878.1	other	Rhodoferax sp.	242.3	315.1	WP_422298878.1 DmsE family decaheme c-type cytochrome [Rhodoferax sp.]
AKU13096.1	other	Azoarcus sp. CIB	242.2	359.7	AKU13096.1 decaheme c-type cytochrome, DmsE family [Azoarcus sp. CIB]
WP_300216367.1	other	Rhodoferax sp.	242.1	316.9	WP_300216367.1 DmsE family decaheme c-type cytochrome [Rhodoferax sp.]
WP_050416798.1	other	Azoarcus sp. CIB	242.1	360.4	WP_050416798.1 DmsE family decaheme c-type cytochrome [Azoarcus sp. CIB]
KAB2960903.1	other	Candidatus Methylomirabilis oxygeniifera	242.1	264.5	KAB2960903.1 MAG: DmsE family decaheme c-type cytochrome [Candidatus Methylomirabilis oxygeniifera]
WP_263461105.1	other	Thauera carbonocopians	241.9	348.3	WP_263461105.1 DmsE family decaheme c-type cytochrome [Thauera carbonocopians]
WP_422311619.1	other	Roseiarcus sp.	241.9	298.1	WP_422311619.1 DmsE family decaheme c-type cytochrome [Roseiarcus sp.]
WP_424124670.1	other	Roseiarcus sp.	241.5	297.5	WP_424124670.1 DmsE family decaheme c-type cytochrome [Roseiarcus sp.]
WP_153117691.1	other	Rhodocyclus tenuis	241.5	357.4	WP_153117691.1 DmsE family decaheme c-type cytochrome [Rhodocyclus tenuis]
TXT39122.1	other	Comamonadaceae bacterium	241.4	374.3	TXT39122.1 MAG: decaheme c-type cytochrome DmsE family [Comamonadaceae bacterium]
WP_200384868.1	other	Rhodocyclus tenuis	241.4	360.6	WP_200384868.1 DmsE family decaheme c-type cytochrome [Rhodocyclus tenuis]
WP_192029535.1	other	Pseudomarimonas arenosa	241.3	242.3	WP_192029535.1 DmsE family decaheme c-type cytochrome [Pseudomarimonas arenosa]
ENO87158.1	other	Thauera linaloolentis 47Lol = DSM 12138	241.3	346.5	ENO87158.1 decaheme c-type cytochrome, DmsE family protein [Thauera linaloolentis 47Lol = DSM 12138]
WP_004338928.1	other	Thauera linaloolentis	241.3	346.5	WP_004338928.1 DmsE family decaheme c-type cytochrome [Thauera linaloolentis]
WP_482827439.1	other	Rhodoferax sp.	241.0	486.3	WP_482827439.1 DmsE family decaheme c-type cytochrome [Rhodoferax sp.]
WP_461499221.1	other	Ramlibacter sp.	241.0	333.1	WP_461499221.1 DmsE family decaheme c-type cytochrome [Ramlibacter sp.]
WP_424512544.1	other	Rhodoferax sp.	240.9	316.0	WP_424512544.1 DmsE family decaheme c-type cytochrome [Rhodoferax sp.]
WP_004338940.1	other	Thauera linaloolentis	240.9	344.4	WP_004338940.1 DmsE family decaheme c-type cytochrome [Thauera linaloolentis]
WP_014428326.1	other	Rubrivivax gelatinosus	240.9	351.2	WP_014428326.1 DmsE family decaheme c-type cytochrome [Rubrivivax gelatinosus]
WP_312657084.1	other	Aromatoleum sp.	240.9	366.0	WP_312657084.1 DmsE family decaheme c-type cytochrome [Aromatoleum sp.]
ENO87165.1	other	Thauera linaloolentis 47Lol = DSM 12138	240.9	344.4	ENO87165.1 decaheme c-type cytochrome, DmsE family protein [Thauera linaloolentis 47Lol = DSM 12138]
WP_082714494.1	other	Kordiimonas lacus	240.7	290.1	WP_082714494.1 DmsE family decaheme c-type cytochrome [Kordiimonas lacus]
SDE67765.1	other	Kordiimonas lacus	240.7	290.1	SDE67765.1 decaheme c-type cytochrome, DmsE family [Kordiimonas lacus]
WP_345918532.1	other	Uliginosibacterium sediminicola	240.7	447.1	WP_345918532.1 DmsE family decaheme c-type cytochrome [Uliginosibacterium sediminicola]
WP_296492193.1	other	Rhodoferax sp.	240.6	304.5	WP_296492193.1 DmsE family decaheme c-type cytochrome [Rhodoferax sp.]
WP_341646759.1	other	Thauera sp. SDU_THAU2	240.3	350.4	WP_341646759.1 DmsE family decaheme c-type cytochrome [Thauera sp. SDU_THAU2]
WP_327599104.1	other	Uliginosibacterium silvisoli	240.3	328.9	WP_327599104.1 DmsE family decaheme c-type cytochrome [Uliginosibacterium silvisoli]
WMO03991.1	other	Vibrio parahaemolyticus	240.3	204.4	WMO03991.1 DmsE family decaheme c-type cytochrome [Vibrio parahaemolyticus]
WP_420474548.1	other	Noviherbaspirillum sp. ST9	240.3	376.9	WP_420474548.1 DmsE family decaheme c-type cytochrome [Noviherbaspirillum sp. ST9]
WP_422617049.1	other	Rhodoferax sp.	240.2	315.9	WP_422617049.1 DmsE family decaheme c-type cytochrome [Rhodoferax sp.]
TSA57252.1	other	Methylophilaceae bacterium	240.2	483.0	TSA57252.1 MAG: DmsE family decaheme c-type cytochrome [Methylophilaceae bacterium]
WP_187265853.1	other	Alkalisalibacterium limincola	240.0	267.8	WP_187265853.1 DmsE family decaheme c-type cytochrome [Alkalisalibacterium limincola]
WP_063463999.1	other	Ectothiorhodospira sp. BSL-9	239.6	234.0	WP_063463999.1 DmsE family decaheme c-type cytochrome [Ectothiorhodospira sp. BSL-9]
TXK65789.1	other	Alkalisalibacterium limincola	239.6	270.0	TXK65789.1 DmsE family decaheme c-type cytochrome [Alkalisalibacterium limincola]
TMI06929.1	other	Betaproteobacteria bacterium	239.6	312.0	TMI06929.1 MAG: DmsE family decaheme c-type cytochrome [Betaproteobacteria bacterium]
WP_088280057.1	other	Ideonella sp. A 288	239.5	309.4	WP_088280057.1 DmsE family decaheme c-type cytochrome [Ideonella sp. A 288]
WP_424126150.1	other	Roseiarcus sp.	239.5	296.2	WP_424126150.1 DmsE family decaheme c-type cytochrome [Roseiarcus sp.]
WP_243649314.1	other	Luteibacter rhizovicinus	239.4	309.3	WP_243649314.1 DmsE family decaheme c-type cytochrome [Luteibacter rhizovicinus]
WP_033407990.1	other	Uliginosibacterium gangwonense	239.4	457.3	WP_033407990.1 DmsE family decaheme c-type cytochrome [Uliginosibacterium gangwonense]
RZI41729.1	other	Herbaspirillum sp. HC18	239.2	354.8	RZI41729.1 DmsE family decaheme c-type cytochrome [Herbaspirillum sp. HC18]
WP_238628372.1	other	unclassified Ectothiorhodospira	239.2	235.1	WP_238628372.1 MULTISPECIES: DmsE family decaheme c-type cytochrome [unclassified Ectothiorhodospira]
TCV92317.1	other	Luteibacter rhizovicinus	239.2	300.5	TCV92317.1 DmsE family decaheme c-type cytochrome [Luteibacter rhizovicinus]
WP_464928710.1	other	Thiovibrio sp. Mzg5	239.1	248.9	WP_464928710.1 DmsE family decaheme c-type cytochrome [Thiovibrio sp. Mzg5]
WP_077518068.1	other	Rhodanobacter sp. C03	239.0	296.7	WP_077518068.1 DmsE family decaheme c-type cytochrome [Rhodanobacter sp. C03]
WP_194969518.1	other	Methylobacter sp. BlB1	239.0	310.6	WP_194969518.1 DmsE family decaheme c-type cytochrome [Methylobacter sp. BlB1]
WP_434486035.1	other	Methylobacter sp.	238.9	316.6	WP_434486035.1 DmsE family decaheme c-type cytochrome [Methylobacter sp.]
WP_185244015.1	other	Citrifermentans bremense	238.9	234.6	WP_185244015.1 DmsE family decaheme c-type cytochrome [Citrifermentans bremense]
WP_171558846.1	other	Ramlibacter montanisoli	238.9	399.4	WP_171558846.1 DmsE family decaheme c-type cytochrome [Ramlibacter montanisoli]
WP_043814128.1	other	Rubrivivax gelatinosus	238.8	350.4	WP_043814128.1 DmsE family decaheme c-type cytochrome [Rubrivivax gelatinosus]
WP_379985278.1	other	Dyella koreensis	238.7	296.7	WP_379985278.1 DmsE family decaheme c-type cytochrome [Dyella koreensis]
UXI66517.1	other	Tahibacter amnicola	238.7	318.3	UXI66517.1 DmsE family decaheme c-type cytochrome [Tahibacter amnicola]
WP_261693501.1	other	Tahibacter	238.7	318.3	WP_261693501.1 MULTISPECIES: DmsE family decaheme c-type cytochrome [Tahibacter]
WP_300116047.1	other	Rhodoferax sp.	238.6	316.0	WP_300116047.1 DmsE family decaheme c-type cytochrome [Rhodoferax sp.]
WP_068638593.1	other	Thauera butanivorans	238.6	350.1	WP_068638593.1 DmsE family decaheme c-type cytochrome [Thauera butanivorans]
CAQ7527821.1	other	Rhodanobacteraceae bacterium	238.6	296.4	CAQ7527821.1 DmsE family decaheme c-type cytochrome [Rhodanobacteraceae bacterium]
WP_426415141.1	other	Aestuariirhabdus sp. LZHN29	238.6	338.8	WP_426415141.1 DmsE family decaheme c-type cytochrome [Aestuariirhabdus sp. LZHN29]
XPL20849.1	other	Thauera butanivorans	238.6	350.1	XPL20849.1 DmsE family decaheme c-type cytochrome [Thauera butanivorans]
WP_125932173.1	other	Thiosocius teredinicola	238.6	257.8	WP_125932173.1 DmsE family decaheme c-type cytochrome [Thiosocius teredinicola]
WRL47790.1	other	Aromatoleum evansii	238.5	355.8	WRL47790.1 DmsE family decaheme c-type cytochrome [Aromatoleum evansii]
WP_169131074.1	other	Aromatoleum evansii	238.5	355.8	WP_169131074.1 DmsE family decaheme c-type cytochrome [Aromatoleum evansii]
TRZ65760.1	other	Rhodocyclaceae bacterium	238.2	354.8	TRZ65760.1 MAG: DmsE family decaheme c-type cytochrome [Rhodocyclaceae bacterium]
WP_331819093.1	other	Methylobacter sp. Wu1	238.1	312.0	WP_331819093.1 DmsE family decaheme c-type cytochrome [Methylobacter sp. Wu1]
TXS95588.1	other	Parahaliea maris	238.0	257.3	TXS95588.1 DmsE family decaheme c-type cytochrome [Parahaliea maris]
WP_148067499.1	other	Parahaliea maris	238.0	257.3	WP_148067499.1 DmsE family decaheme c-type cytochrome [Parahaliea maris]
WP_372681969.1	other	Desulfosarcina sp.	237.8	257.3	WP_372681969.1 DmsE family decaheme c-type cytochrome [Desulfosarcina sp.]
TAM94485.1	other	Rhodanobacteraceae bacterium	237.7	304.1	TAM94485.1 MAG: DmsE family decaheme c-type cytochrome, partial [Rhodanobacteraceae bacterium]
WP_424683832.1	other	Frateuria sp. YIM B11624	237.7	297.3	WP_424683832.1 DmsE family decaheme c-type cytochrome [Frateuria sp. YIM B11624]
WP_200195290.1	other	Halorhodospira abdelmalekii	237.7	232.5	WP_200195290.1 DmsE family decaheme c-type cytochrome [Halorhodospira abdelmalekii]
SDG65001.1	other	Propionivibrio dicarboxylicus	237.5	328.1	SDG65001.1 decaheme c-type cytochrome, DmsE family [Propionivibrio dicarboxylicus]
WP_176785708.1	other	Propionivibrio dicarboxylicus	237.5	328.1	WP_176785708.1 DmsE family decaheme c-type cytochrome [Propionivibrio dicarboxylicus]
TRZ67919.1	other	Rhodocyclaceae bacterium	237.5	359.3	TRZ67919.1 MAG: DmsE family decaheme c-type cytochrome [Rhodocyclaceae bacterium]
WP_310450882.1	other	Sulfuritalea sp.	237.3	272.2	WP_310450882.1 DmsE family decaheme c-type cytochrome [Sulfuritalea sp.]
TMI03973.1	other	Betaproteobacteria bacterium	237.3	310.1	TMI03973.1 MAG: DmsE family decaheme c-type cytochrome [Betaproteobacteria bacterium]
WP_027157128.1	other	Methylobacter luteus	237.2	315.5	WP_027157128.1 DmsE family decaheme c-type cytochrome [Methylobacter luteus]
TAM59515.1	other	Rhodanobacter sp.	237.1	483.5	TAM59515.1 MAG: DmsE family decaheme c-type cytochrome [Rhodanobacter sp.]
WP_007081663.1	other	Rhodanobacter fulvus	237.1	304.6	WP_007081663.1 DmsE family decaheme c-type cytochrome [Rhodanobacter fulvus]
WP_187080948.1	other	Ramlibacter albus	237.1	367.6	WP_187080948.1 DmsE family decaheme c-type cytochrome [Ramlibacter albus]
WP_077444330.1	other	Rhodanobacter sp. C05	236.9	300.9	WP_077444330.1 DmsE family decaheme c-type cytochrome [Rhodanobacter sp. C05]
WP_301079803.1	other	Rhodoferax sp.	236.8	338.3	WP_301079803.1 DmsE family decaheme c-type cytochrome [Rhodoferax sp.]
WP_127026972.1	other	Candidatus Methylobacter oryzae	236.8	322.6	WP_127026972.1 DmsE family decaheme c-type cytochrome [Candidatus Methylobacter oryzae]
TRW89935.1	other	Candidatus Methylobacter oryzae	236.8	322.6	TRW89935.1 DmsE family decaheme c-type cytochrome [Candidatus Methylobacter oryzae]
XOV85720.1	other	bacterium	236.7	212.3	XOV85720.1 MAG: DmsE family decaheme c-type cytochrome [bacterium]
WP_442497130.1	other	Methylobacter sp. sgz302048	236.7	308.2	WP_442497130.1 DmsE family decaheme c-type cytochrome [Methylobacter sp. sgz302048]
TYC54408.1	other	Zoogloea oleivorans	236.5	373.1	TYC54408.1 DmsE family decaheme c-type cytochrome [Zoogloea oleivorans]
WP_304730816.1	other	Rhodoferax sp.	236.5	331.9	WP_304730816.1 DmsE family decaheme c-type cytochrome [Rhodoferax sp.]
WP_092410690.1	other	Dokdonella immobilis	236.5	446.0	WP_092410690.1 DmsE family decaheme c-type cytochrome [Dokdonella immobilis]
SFN65324.1	other	Dokdonella immobilis	236.5	446.0	SFN65324.1 decaheme c-type cytochrome, DmsE family [Dokdonella immobilis]
RRJ82971.1	other	Aestuariirhabdus litorea	236.4	344.7	RRJ82971.1 DmsE family decaheme c-type cytochrome [Aestuariirhabdus litorea]
WP_187394784.1	other	Zoogloea	236.4	375.9	WP_187394784.1 MULTISPECIES: DmsE family decaheme c-type cytochrome [Zoogloea]
RWW93131.1	other	Endozoicomonadaceae bacterium GTF-13	236.4	344.7	RWW93131.1 DmsE family decaheme c-type cytochrome [Endozoicomonadaceae bacterium GTF-13]
WP_125017214.1	other	Aestuariirhabdus litorea	236.4	344.7	WP_125017214.1 DmsE family decaheme c-type cytochrome [Aestuariirhabdus litorea]
WP_439708196.1	other	Frateuria sp. GZRR35	236.4	291.5	WP_439708196.1 DmsE family decaheme c-type cytochrome [Frateuria sp. GZRR35]
WP_440280454.1	other	Frateuria sp.	236.4	289.7	WP_440280454.1 DmsE family decaheme c-type cytochrome [Frateuria sp.]
WP_013030620.1	MtoA_candidate	Sideroxydans lithotrophicus	236.1	646.1	WP_013030620.1 DmsE family decaheme c-type cytochrome [Sideroxydans lithotrophicus]
ADE12722.1	MtoA_candidate	Sideroxydans lithotrophicus ES-1	236.1	646.1	ADE12722.1 decaheme c-type cytochrome, DmsE family [Sideroxydans lithotrophicus ES-1]
WP_298624761.1	other	uncultured Zoogloea sp.	236.1	369.4	WP_298624761.1 DmsE family decaheme c-type cytochrome [uncultured Zoogloea sp.]
WP_153163549.1	other	Zoogloea sp. 1C4	236.0	370.2	WP_153163549.1 DmsE family decaheme c-type cytochrome [Zoogloea sp. 1C4]
WP_284186647.1	other	Zoogloea oryzae	236.0	369.9	WP_284186647.1 DmsE family decaheme c-type cytochrome [Zoogloea oryzae]
SFS17257.1	other	Dyella sp. OK004	235.9	296.0	SFS17257.1 decaheme c-type cytochrome, DmsE family [Dyella sp. OK004]
WP_090453091.1	other	Dyella sp. OK004	235.9	296.0	WP_090453091.1 DmsE family decaheme c-type cytochrome [Dyella sp. OK004]
WAK00957.1	other	Methylobacter sp. YRD-M1	235.8	313.1	WAK00957.1 DmsE family decaheme c-type cytochrome [Methylobacter sp. YRD-M1]
WP_266171426.1	other	Dyella subtropica	235.8	294.7	WP_266171426.1 DmsE family decaheme c-type cytochrome [Dyella subtropica]
WP_343036023.1	other	Aromatoleum toluvorans	235.8	338.8	WP_343036023.1 DmsE family decaheme c-type cytochrome [Aromatoleum toluvorans]
WP_268117554.1	other	Methylobacter sp. YRD-M1	235.8	313.1	WP_268117554.1 DmsE family decaheme c-type cytochrome [Methylobacter sp. YRD-M1]
WP_324513296.1	other	Zoogloea sp.	235.6	371.1	WP_324513296.1 DmsE family decaheme c-type cytochrome [Zoogloea sp.]
WP_223910658.1	other	Rhodoferax lithotrophicus	235.4	317.3	WP_223910658.1 DmsE family decaheme c-type cytochrome [Rhodoferax lithotrophicus]
TPW22094.1	other	Elusimicrobiota bacterium	235.2	253.7	TPW22094.1 MAG: decaheme c-type cytochrome, DmsE family [Elusimicrobiota bacterium]
WP_449423840.1	other	Rhodanobacter lindaniclasticus	235.2	306.5	WP_449423840.1 DmsE family decaheme c-type cytochrome [Rhodanobacter lindaniclasticus]
WP_460877136.1	other	Rhodanobacter koreensis	235.2	297.1	WP_460877136.1 DmsE family decaheme c-type cytochrome [Rhodanobacter koreensis]
WP_336898086.1	other	Rhodoferax sp.	235.2	313.4	WP_336898086.1 DmsE family decaheme c-type cytochrome [Rhodoferax sp.]
WP_483639759.1	other	Rhodanobacter sp. sgz306013	235.1	305.6	WP_483639759.1 DmsE family decaheme c-type cytochrome [Rhodanobacter sp. sgz306013]
TAK62533.1	other	Methylobacter sp.	235.1	317.0	TAK62533.1 MAG: DmsE family decaheme c-type cytochrome [Methylobacter sp.]
WP_292433257.1	other	Methylobacter sp.	235.0	316.8	WP_292433257.1 DmsE family decaheme c-type cytochrome [Methylobacter sp.]
WP_439705396.1	other	Frateuria sp. GZRe12	234.9	294.2	WP_439705396.1 DmsE family decaheme c-type cytochrome [Frateuria sp. GZRe12]
WP_243041186.1	other	Dyella sedimenti	234.9	303.4	WP_243041186.1 DmsE family decaheme c-type cytochrome [Dyella sedimenti]
WP_325329156.1	other	Sulfuricella sp.	234.7	383.5	WP_325329156.1 DmsE family decaheme c-type cytochrome [Sulfuricella sp.]
WP_413893555.1	other	Candidatus Skiveiella danica	234.6	304.2	WP_413893555.1 DmsE family decaheme c-type cytochrome [Candidatus Skiveiella danica]
WP_243048644.1	other	Dyella sp. RRB7	234.5	291.6	WP_243048644.1 DmsE family decaheme c-type cytochrome [Dyella sp. RRB7]
WP_377324056.1	other	Rhodanobacter terrae	234.5	470.1	WP_377324056.1 DmsE family decaheme c-type cytochrome [Rhodanobacter terrae]
WP_439665515.1	other	Frateuria sp. GZRe14	234.4	296.0	WP_439665515.1 DmsE family decaheme c-type cytochrome [Frateuria sp. GZRe14]
WP_068097509.1	other	unclassified Rhodanobacter	234.4	300.1	WP_068097509.1 MULTISPECIES: DmsE family decaheme c-type cytochrome [unclassified Rhodanobacter]
WP_377319678.1	other	Rhodanobacter ginsengisoli	234.3	485.9	WP_377319678.1 DmsE family decaheme c-type cytochrome [Rhodanobacter ginsengisoli]
BAL23613.1	other	Azoarcus sp. KH32C	234.2	342.2	BAL23613.1 decaheme c-type cytochrome, DmsE family [Azoarcus sp. KH32C]
WP_015434920.1	other	Azoarcus sp. KH32C	234.2	342.2	WP_015434920.1 DmsE family decaheme c-type cytochrome [Azoarcus sp. KH32C]
WP_368427806.1	other	Sulfuricaulis sp.	233.8	332.6	WP_368427806.1 DmsE family decaheme c-type cytochrome [Sulfuricaulis sp.]
WP_114344202.1	other	Rhodanobacter denitrificans	233.6	307.4	WP_114344202.1 DmsE family decaheme c-type cytochrome [Rhodanobacter denitrificans]
WP_374261423.1	other	Zoogloea sp.	233.6	373.9	WP_374261423.1 DmsE family decaheme c-type cytochrome [Zoogloea sp.]
RCS29329.1	other	Rhodanobacter denitrificans	233.6	307.4	RCS29329.1 DmsE family decaheme c-type cytochrome [Rhodanobacter denitrificans]
WP_168108307.1	other	Ramlibacter lithotrophicus	233.5	334.8	WP_168108307.1 DmsE family decaheme c-type cytochrome [Ramlibacter lithotrophicus]
WP_239492048.1	other	Luteitalea sp. TBR-22	233.5	238.2	WP_239492048.1 DmsE family decaheme c-type cytochrome [Luteitalea sp. TBR-22]
WIT14043.1	other	Paucibacter sediminis	233.4	327.5	WIT14043.1 DmsE family decaheme c-type cytochrome [Paucibacter sediminis]
WP_285235164.1	other	Paucibacter sediminis	233.4	327.5	WP_285235164.1 DmsE family decaheme c-type cytochrome [Paucibacter sediminis]
WRL44774.1	other	Aromatoleum evansii	233.1	325.9	WRL44774.1 DmsE family decaheme c-type cytochrome [Aromatoleum evansii]
RPI11335.1	other	Zetaproteobacteria bacterium	233.1	263.4	RPI11335.1 MAG: DmsE family decaheme c-type cytochrome [Zetaproteobacteria bacterium]
WP_096361704.1	other	Sulfuricaulis limicola	233.1	363.8	WP_096361704.1 DmsE family decaheme c-type cytochrome [Sulfuricaulis limicola]
WP_407278079.1	other	Aromatoleum evansii	233.1	325.9	WP_407278079.1 DmsE family decaheme c-type cytochrome [Aromatoleum evansii]
WP_145770121.1	other	Denitratisoma oestradiolicum	233.0	345.6	WP_145770121.1 DmsE family decaheme c-type cytochrome [Denitratisoma oestradiolicum]
RMH21236.1	other	Acidobacteriota bacterium	232.8	287.0	RMH21236.1 MAG: DmsE family decaheme c-type cytochrome [Acidobacteriota bacterium]
WP_091339975.1	other	Frateuria terrea	232.7	296.9	WP_091339975.1 DmsE family decaheme c-type cytochrome [Frateuria terrea]
SEJ40255.1	other	Frateuria terrea	232.7	296.9	SEJ40255.1 decaheme c-type cytochrome, DmsE family [Frateuria terrea]
SFP75157.1	other	Frateuria terrea	232.7	296.9	SFP75157.1 decaheme c-type cytochrome, DmsE family [Frateuria terrea]
WP_056390980.1	other	Rhodanobacter sp. Soil772	232.7	311.4	WP_056390980.1 DmsE family decaheme c-type cytochrome [Rhodanobacter sp. Soil772]
WP_313918756.1	other	Tahibacter sp.	232.7	310.4	WP_313918756.1 DmsE family decaheme c-type cytochrome [Tahibacter sp.]
WP_008436977.1	other	Rhodanobacter thiooxydans	232.6	296.3	WP_008436977.1 DmsE family decaheme c-type cytochrome [Rhodanobacter thiooxydans]
UGB46278.1	other	Frateuria edaphi	232.6	297.5	UGB46278.1 DmsE family decaheme c-type cytochrome [Frateuria edaphi]
WP_225562219.1	other	unclassified Pseudoxanthomonas	232.6	304.6	WP_225562219.1 MULTISPECIES: DmsE family decaheme c-type cytochrome [unclassified Pseudoxanthomonas]
WP_231323864.1	other	Frateuria edaphi	232.6	297.5	WP_231323864.1 DmsE family decaheme c-type cytochrome [Frateuria edaphi]
WP_369495580.1	other	unclassified Rhodanobacter	232.6	301.2	WP_369495580.1 MULTISPECIES: DmsE family decaheme c-type cytochrome [unclassified Rhodanobacter]
WP_318160065.1	other	Rhodanobacter sp. KK11	232.5	303.3	WP_318160065.1 DmsE family decaheme c-type cytochrome [Rhodanobacter sp. KK11]
WP_460588456.1	other	Haliea atlantica	232.4	220.7	WP_460588456.1 DmsE family decaheme c-type cytochrome [Haliea atlantica]
WP_336807195.1	other	Fulvimonas yonginensis	232.3	298.7	WP_336807195.1 DmsE family decaheme c-type cytochrome [Fulvimonas yonginensis]
WP_296673993.1	other	Rhodoferax sp.	232.3	313.5	WP_296673993.1 DmsE family decaheme c-type cytochrome [Rhodoferax sp.]
WP_354549247.1	other	Rhodanobacter soli	232.3	308.2	WP_354549247.1 DmsE family decaheme c-type cytochrome [Rhodanobacter soli]
WP_324154734.1	other	Ideonella sp.	232.2	453.3	WP_324154734.1 DmsE family decaheme c-type cytochrome [Ideonella sp.]
TAK83830.1	other	Betaproteobacteria bacterium	232.1	257.5	TAK83830.1 MAG: DmsE family decaheme c-type cytochrome [Betaproteobacteria bacterium]
WP_169206486.1	other	Aromatoleum petrolei	232.0	324.0	WP_169206486.1 DmsE family decaheme c-type cytochrome [Aromatoleum petrolei]
WP_141453220.1	other	Pseudoxanthomonas sp. z9	231.9	308.2	WP_141453220.1 DmsE family decaheme c-type cytochrome [Pseudoxanthomonas sp. z9]
WP_376695374.1	other	Wenzhouxiangella psychrophila	231.9	236.1	WP_376695374.1 DmsE family decaheme c-type cytochrome [Wenzhouxiangella psychrophila]
WP_442457348.1	other	Rhodoblastus sp.	231.9	288.5	WP_442457348.1 DmsE family decaheme c-type cytochrome [Rhodoblastus sp.]
WP_050414975.1	other	Azoarcus sp. CIB	231.8	324.8	WP_050414975.1 DmsE family decaheme c-type cytochrome [Azoarcus sp. CIB]
WP_343855097.1	other	Rhodanobacter soli	231.8	309.2	WP_343855097.1 DmsE family decaheme c-type cytochrome [Rhodanobacter soli]
TAK16528.1	other	Acidobacteriota bacterium	231.7	233.3	TAK16528.1 MAG: DmsE family decaheme c-type cytochrome [Acidobacteriota bacterium]
QTQ38298.1	other	Aromatoleum petrolei	231.5	325.0	QTQ38298.1 Decaheme c-type cytochrome, DmsE family [Aromatoleum petrolei]
WP_342344160.1	other	Aromatoleum petrolei	231.5	325.0	WP_342344160.1 DmsE family decaheme c-type cytochrome [Aromatoleum petrolei]
WP_254426816.1	other	Rhodanobacter sp. C06	231.5	300.4	WP_254426816.1 DmsE family decaheme c-type cytochrome [Rhodanobacter sp. C06]
CAR3257840.1	other	Rhodanobacteraceae bacterium	231.4	308.3	CAR3257840.1 DmsE family decaheme c-type cytochrome [Rhodanobacteraceae bacterium]
WP_447737305.1	other	Rhodanobacter soli	231.4	306.8	WP_447737305.1 DmsE family decaheme c-type cytochrome [Rhodanobacter soli]
AKU11012.1	other	Azoarcus sp. CIB	231.3	324.1	AKU11012.1 decaheme c-type cytochrome, DmsE family [Azoarcus sp. CIB]
WP_214556459.1	other	unclassified Rhodanobacter	231.3	305.4	WP_214556459.1 MULTISPECIES: DmsE family decaheme c-type cytochrome [unclassified Rhodanobacter]
TMH45511.1	other	Betaproteobacteria bacterium	231.2	258.7	TMH45511.1 MAG: DmsE family decaheme c-type cytochrome [Betaproteobacteria bacterium]
SHM38890.1	other	Rhodanobacter sp. OK091	231.2	301.0	SHM38890.1 decaheme c-type cytochrome, DmsE family [Rhodanobacter sp. OK091]
WP_072762086.1	other	Rhodanobacter sp. OK091	231.2	301.0	WP_072762086.1 DmsE family decaheme c-type cytochrome [Rhodanobacter sp. OK091]
WP_304118807.1	other	Halorhodospira halophila	231.2	240.0	WP_304118807.1 DmsE family decaheme c-type cytochrome [Halorhodospira halophila]
WP_303561524.1	other	Uliginosibacterium sp. 31-12	231.1	452.8	WP_303561524.1 DmsE family decaheme c-type cytochrome [Uliginosibacterium sp. 31-12]
WP_448992357.1	other	Luteitalea sp.	231.0	243.9	WP_448992357.1 DmsE family decaheme c-type cytochrome [Luteitalea sp.]
WP_077512038.1	other	Rhodanobacter sp. B05	230.9	302.1	WP_077512038.1 DmsE family decaheme c-type cytochrome [Rhodanobacter sp. B05]
WP_298070080.1	other	Oleiagrimonas sp.	230.9	454.4	WP_298070080.1 DmsE family decaheme c-type cytochrome [Oleiagrimonas sp.]
WP_235996697.1	other	Pseudoxanthomonas beigongshangi	230.8	305.2	WP_235996697.1 DmsE family decaheme c-type cytochrome [Pseudoxanthomonas beigongshangi]
WP_255443309.1	other	unclassified Pseudoxanthomonas	230.7	304.9	WP_255443309.1 MULTISPECIES: DmsE family decaheme c-type cytochrome [unclassified Pseudoxanthomonas]
UBB26519.1	other	Pseudoxanthomonas japonensis	230.7	304.9	UBB26519.1 DmsE family decaheme c-type cytochrome [Pseudoxanthomonas japonensis]
WP_325281288.1	other	Tahibacter sp.	230.5	312.9	WP_325281288.1 DmsE family decaheme c-type cytochrome [Tahibacter sp.]
WP_279412190.1	other	Luteimonas sp. 8-5	230.5	311.2	WP_279412190.1 DmsE family decaheme c-type cytochrome [Luteimonas sp. 8-5]
WP_454572157.1	other	Pseudoxanthomonas beigongshangi	230.4	306.1	WP_454572157.1 DmsE family decaheme c-type cytochrome [Pseudoxanthomonas beigongshangi]
WP_139351323.1	other	Rhodanobacter sp. B05	230.2	291.9	WP_139351323.1 DmsE family decaheme c-type cytochrome [Rhodanobacter sp. B05]
WP_233523455.1	other	Dyella solisilvae	230.2	288.4	WP_233523455.1 DmsE family decaheme c-type cytochrome [Dyella solisilvae]
WP_027493240.1	other	Rhodanobacter	230.1	301.1	WP_027493240.1 MULTISPECIES: DmsE family decaheme c-type cytochrome [Rhodanobacter]
SIR13679.1	other	Aromatoleum tolulyticum	230.1	324.4	SIR13679.1 decaheme c-type cytochrome, DmsE family [Aromatoleum tolulyticum]
UJJ55350.1	other	Rhodanobacter thiooxydans	230.1	301.1	UJJ55350.1 DmsE family decaheme c-type cytochrome [Rhodanobacter thiooxydans]
TAN15426.1	other	Rhodanobacter sp.	230.1	301.1	TAN15426.1 MAG: DmsE family decaheme c-type cytochrome [Rhodanobacter sp.]
WP_133817320.1	other	Tahibacter aquaticus	230.1	298.1	WP_133817320.1 DmsE family decaheme c-type cytochrome [Tahibacter aquaticus]
XAF48931.1	other	Rhodoferax sp. GW822-FHT02A01	230.1	343.8	XAF48931.1 DmsE family decaheme c-type cytochrome [Rhodoferax sp. GW822-FHT02A01]
WP_244600127.1	other	Blastochloris tepida	230.1	292.1	WP_244600127.1 DmsE family decaheme c-type cytochrome [Blastochloris tepida]
WP_076603018.1	other	Aromatoleum tolulyticum	230.1	324.4	WP_076603018.1 DmsE family decaheme c-type cytochrome [Aromatoleum tolulyticum]
TDR47603.1	other	Tahibacter aquaticus	230.1	298.1	TDR47603.1 DmsE family decaheme c-type cytochrome [Tahibacter aquaticus]
WP_342617949.1	other	Rhodoferax sp. GW822-FHT02A01	230.1	343.8	WP_342617949.1 DmsE family decaheme c-type cytochrome [Rhodoferax sp. GW822-FHT02A01]
RDI97994.1	other	Dyella solisilvae	230.0	288.5	RDI97994.1 DmsE family decaheme c-type cytochrome [Dyella solisilvae]
WP_319242251.1	other	uncultured Propionivibrio sp.	229.9	334.0	WP_319242251.1 DmsE family decaheme c-type cytochrome [uncultured Propionivibrio sp.]
WP_011815166.1	other	Halorhodospira halophila	229.9	237.5	WP_011815166.1 DmsE family decaheme c-type cytochrome [Halorhodospira halophila]
WP_461519963.1	other	Porticoccus sp.	229.9	231.7	WP_461519963.1 DmsE family decaheme c-type cytochrome [Porticoccus sp.]
WP_228064431.1	other	Novilysobacter avium	229.8	308.2	WP_228064431.1 DmsE family decaheme c-type cytochrome [Novilysobacter avium]
WP_229238254.1	other	Dyella amyloliquefaciens	229.7	287.1	WP_229238254.1 DmsE family decaheme c-type cytochrome [Dyella amyloliquefaciens]
QOW22800.1	other	Novilysobacter avium	229.7	309.3	QOW22800.1 DmsE family decaheme c-type cytochrome [Novilysobacter avium]
TWI07222.1	other	Aerolutibacter ruishenii	229.7	306.9	TWI07222.1 DmsE family decaheme c-type cytochrome [Aerolutibacter ruishenii]
WP_144816599.1	other	Aerolutibacter ruishenii	229.7	306.9	WP_144816599.1 DmsE family decaheme c-type cytochrome [Aerolutibacter ruishenii]
WP_376690525.1	other	Wenzhouxiangella indolica	229.6	229.9	WP_376690525.1 DmsE family decaheme c-type cytochrome [Wenzhouxiangella indolica]
WP_461482407.1	other	Porticoccus sp.	229.6	233.2	WP_461482407.1 DmsE family decaheme c-type cytochrome [Porticoccus sp.]
WP_442460290.1	other	Rhodoblastus sp.	229.6	287.0	WP_442460290.1 DmsE family decaheme c-type cytochrome [Rhodoblastus sp.]
WP_325500341.1	other	Ramlibacter sp.	229.6	350.5	WP_325500341.1 DmsE family decaheme c-type cytochrome [Ramlibacter sp.]
WP_169137531.1	other	Aromatoleum toluolicum	229.5	323.5	WP_169137531.1 DmsE family decaheme c-type cytochrome [Aromatoleum toluolicum]
TMH80849.1	other	Betaproteobacteria bacterium	229.5	258.2	TMH80849.1 MAG: DmsE family decaheme c-type cytochrome [Betaproteobacteria bacterium]
WP_295007590.1	other	uncultured Dechloromonas sp.	229.5	339.6	WP_295007590.1 DmsE family decaheme c-type cytochrome [uncultured Dechloromonas sp.]
TSA13964.1	other	Comamonadaceae bacterium	229.5	359.1	TSA13964.1 MAG: DmsE family decaheme c-type cytochrome [Comamonadaceae bacterium]
WKZ32165.1	other	Thermodesulfobacteriota bacterium	229.4	267.8	WKZ32165.1 MAG: DmsE family decaheme c-type cytochrome [Thermodesulfobacteriota bacterium]
WP_369490953.1	other	Rhodanobacter sp. FW106-PBR-R2A-1-13	229.1	300.6	WP_369490953.1 DmsE family decaheme c-type cytochrome [Rhodanobacter sp. FW106-PBR-R2A-1-13]
WP_415247681.1	other	Thauera sp.	229.1	290.5	WP_415247681.1 DmsE family decaheme c-type cytochrome [Thauera sp.]
WP_447101814.1	other	Pseudoxanthomonas beigongshangi	229.1	302.3	WP_447101814.1 DmsE family decaheme c-type cytochrome [Pseudoxanthomonas beigongshangi]
TCI10227.1	other	Dyella soli	229.1	301.7	TCI10227.1 DmsE family decaheme c-type cytochrome [Dyella soli]
WP_131408044.1	other	Dyella soli	229.1	301.7	WP_131408044.1 DmsE family decaheme c-type cytochrome [Dyella soli]
WP_366143637.1	other	Zoogloea sp.	229.0	324.6	WP_366143637.1 DmsE family decaheme c-type cytochrome [Zoogloea sp.]
WP_343034851.1	other	Aromatoleum diolicum	229.0	329.7	WP_343034851.1 DmsE family decaheme c-type cytochrome [Aromatoleum diolicum]
YAC52335.1	other	Dyella sp. Tek66A03	228.9	300.8	YAC52335.1 DmsE family decaheme c-type cytochrome [Dyella sp. Tek66A03]
WP_056003392.1	other	Frateuria sp. Soil773	228.9	306.9	WP_056003392.1 DmsE family decaheme c-type cytochrome [Frateuria sp. Soil773]
WP_309374317.1	other	Rhodoferax sp.	228.9	296.8	WP_309374317.1 DmsE family decaheme c-type cytochrome [Rhodoferax sp.]
WP_445146788.1	other	Dyella sp. Tek66A03	228.9	300.8	WP_445146788.1 DmsE family decaheme c-type cytochrome [Dyella sp. Tek66A03]
WP_456997324.1	other	Lysobacter sp. A421	228.8	314.9	WP_456997324.1 DmsE family decaheme c-type cytochrome [Lysobacter sp. A421]
WP_231504188.1	other	Dyella	228.8	303.3	WP_231504188.1 MULTISPECIES: DmsE family decaheme c-type cytochrome [Dyella]
WP_245889834.1	other	Fulvimonas soli	228.7	305.3	WP_245889834.1 DmsE family decaheme c-type cytochrome [Fulvimonas soli]
PWK86768.1	other	Fulvimonas soli	228.6	305.1	PWK86768.1 DmsE family decaheme c-type cytochrome [Fulvimonas soli]
SFF26787.1	other	Dyella marensis	228.6	299.8	SFF26787.1 decaheme c-type cytochrome, DmsE family [Dyella marensis]
WP_238985501.1	other	Nitrosococcus halophilus	228.6	320.7	WP_238985501.1 DmsE family decaheme c-type cytochrome [Nitrosococcus halophilus]
WP_456978925.1	other	Lysobacter sp. A378	228.5	314.6	WP_456978925.1 DmsE family decaheme c-type cytochrome [Lysobacter sp. A378]
WP_238636730.1	other	Halorhodospira sp. 9621	228.5	243.8	WP_238636730.1 DmsE family decaheme c-type cytochrome [Halorhodospira sp. 9621]
WP_210411905.1	other	Noviherbaspirillum sp. UKPF54	228.4	341.2	WP_210411905.1 DmsE family decaheme c-type cytochrome [Noviherbaspirillum sp. UKPF54]
WP_306673924.1	other	Tahibacter caeni	228.4	308.9	WP_306673924.1 DmsE family decaheme c-type cytochrome, partial [Tahibacter caeni]
WP_111981882.1	other	Dyella jiangningensis	228.3	285.3	WP_111981882.1 DmsE family decaheme c-type cytochrome [Dyella jiangningensis]
WP_440245717.1	other	Dokdonella sp.	228.3	311.9	WP_440245717.1 DmsE family decaheme c-type cytochrome [Dokdonella sp.]
YDL15321.1	other	Arthrobacter sp. CR10	228.1	305.5	YDL15321.1 DmsE family decaheme c-type cytochrome [Arthrobacter sp. CR10]
WP_404540812.1	other	Dyella agri	228.1	295.3	WP_404540812.1 DmsE family decaheme c-type cytochrome [Dyella agri]
WP_291221148.1	other	Dokdonella sp.	228.1	309.6	WP_291221148.1 DmsE family decaheme c-type cytochrome [Dokdonella sp.]
YDL10078.1	other	Dyella sp. CR10	228.1	305.5	YDL10078.1 DmsE family decaheme c-type cytochrome [Dyella sp. CR10]
WP_473684606.1	other	Bacteria	228.1	305.5	WP_473684606.1 MULTISPECIES: DmsE family decaheme c-type cytochrome [Bacteria]
TPG45883.1	other	Rhodanobacter glycinis	228.0	304.6	TPG45883.1 DmsE family decaheme c-type cytochrome [Rhodanobacter glycinis]
TPG06451.1	other	Rhodanobacter glycinis	228.0	304.6	TPG06451.1 DmsE family decaheme c-type cytochrome [Rhodanobacter glycinis]
WP_140653792.1	other	Rhodanobacter glycinis	228.0	304.6	WP_140653792.1 DmsE family decaheme c-type cytochrome [Rhodanobacter glycinis]
WP_339601189.1	other	Paucibacter soli	227.9	327.4	WP_339601189.1 DmsE family decaheme c-type cytochrome [Paucibacter soli]
QDZ30493.1	other	Noviherbaspirillum sp. UKPF54	227.9	340.8	QDZ30493.1 DmsE family decaheme c-type cytochrome [Noviherbaspirillum sp. UKPF54]
WP_272842059.1	other	Tahibacter soli	227.9	296.2	WP_272842059.1 DmsE family decaheme c-type cytochrome [Tahibacter soli]
WP_373097041.1	other	Zhongshania sp.	227.8	249.4	WP_373097041.1 DmsE family decaheme c-type cytochrome, partial [Zhongshania sp.]
WP_377303294.1	other	Rhodanobacter umsongensis	227.7	308.2	WP_377303294.1 DmsE family decaheme c-type cytochrome [Rhodanobacter umsongensis]
TMI98517.1	other	Alphaproteobacteria bacterium	227.7	297.8	TMI98517.1 MAG: DmsE family decaheme c-type cytochrome [Alphaproteobacteria bacterium]
WP_246606450.1	other	Novilysobacter antarcticus	227.6	300.4	WP_246606450.1 DmsE family decaheme c-type cytochrome [Novilysobacter antarcticus]
WP_291190640.1	other	Frateuria sp.	227.6	295.8	WP_291190640.1 DmsE family decaheme c-type cytochrome [Frateuria sp.]
KAB2899814.1	other	Dokdonella sp.	227.6	313.4	KAB2899814.1 MAG: DmsE family decaheme c-type cytochrome [Dokdonella sp.]
WP_458789121.1	other	Dyella jiangningensis	227.6	287.6	WP_458789121.1 DmsE family decaheme c-type cytochrome [Dyella jiangningensis]
WP_456961010.1	other	Lysobacter sp. A289	227.5	315.4	WP_456961010.1 DmsE family decaheme c-type cytochrome [Lysobacter sp. A289]
WP_059422202.1	other	Sulfuricella sp. T08	227.5	384.0	WP_059422202.1 DmsE family decaheme c-type cytochrome [Sulfuricella sp. T08]
WP_456989125.1	other	Lysobacter sp. A286	227.5	314.8	WP_456989125.1 DmsE family decaheme c-type cytochrome [Lysobacter sp. A286]
WP_126539203.1	other	Aerosticca soli	227.4	306.2	WP_126539203.1 DmsE family decaheme c-type cytochrome [Aerosticca soli]
WP_418260921.1	other	Haliea sp. E17	227.3	270.4	WP_418260921.1 DmsE family decaheme c-type cytochrome [Haliea sp. E17]
WP_081804414.1	other	Dyella jiangningensis	227.3	287.3	WP_081804414.1 DmsE family decaheme c-type cytochrome [Dyella jiangningensis]
YEG85899.1	other	Dyella marensis	227.2	304.6	YEG85899.1 DmsE family decaheme c-type cytochrome [Dyella marensis]
WP_483084384.1	other	Dyella marensis	227.2	304.6	WP_483084384.1 DmsE family decaheme c-type cytochrome [Dyella marensis]
WP_110169916.1	other	Luteitalea pratensis	227.1	244.1	WP_110169916.1 DmsE family decaheme c-type cytochrome [Luteitalea pratensis]
WP_440471512.1	other	Pseudoxanthomonas sp.	227.0	301.7	WP_440471512.1 DmsE family decaheme c-type cytochrome [Pseudoxanthomonas sp.]
WP_229792800.1	other	Rhodanobacter panaciterrae	226.9	291.4	WP_229792800.1 DmsE family decaheme c-type cytochrome [Rhodanobacter panaciterrae]
WP_326863421.1	other	Pseudolabrys sp.	226.9	278.1	WP_326863421.1 DmsE family decaheme c-type cytochrome [Pseudolabrys sp.]
WP_255915010.1	other	Tahibacter harae	226.9	317.4	WP_255915010.1 DmsE family decaheme c-type cytochrome [Tahibacter harae]
WP_386742505.1	other	Luteimonas soli	226.9	317.1	WP_386742505.1 DmsE family decaheme c-type cytochrome [Luteimonas soli]
XHS68533.1	other	Tahibacter sp. UC22_41	226.9	304.6	XHS68533.1 DmsE family decaheme c-type cytochrome [Tahibacter sp. UC22_41]
WP_386068846.1	other	Tahibacter sp. UC22_41	226.9	304.6	WP_386068846.1 DmsE family decaheme c-type cytochrome [Tahibacter sp. UC22_41]
WP_367843643.1	other	Rhodanobacter geophilus	226.9	301.2	WP_367843643.1 DmsE family decaheme c-type cytochrome [Rhodanobacter geophilus]
WP_214569994.1	other	unclassified Dyella	226.9	296.1	WP_214569994.1 MULTISPECIES: DmsE family decaheme c-type cytochrome [unclassified Dyella]
WP_245615478.1	other	Afifella pfennigii	226.8	274.2	WP_245615478.1 DmsE family decaheme c-type cytochrome [Afifella pfennigii]
WP_377323717.1	other	Rhodanobacter terrae	226.6	302.2	WP_377323717.1 DmsE family decaheme c-type cytochrome [Rhodanobacter terrae]
WP_472877278.1	other	Dyella sp. PARNA 12/25	226.5	292.9	WP_472877278.1 DmsE family decaheme c-type cytochrome [Dyella sp. PARNA 12/25]
WP_291602715.1	other	Bradyrhizobium sp.	226.5	288.9	WP_291602715.1 DmsE family decaheme c-type cytochrome [Bradyrhizobium sp.]
YEC19442.1	other	Desulfuromonadaceae bacterium NS4ri1	226.4	253.6	YEC19442.1 DmsE family decaheme c-type cytochrome [Desulfuromonadaceae bacterium NS4ri1]
WP_201241386.1	other	Halorhodospira halophila	226.3	236.8	WP_201241386.1 DmsE family decaheme c-type cytochrome [Halorhodospira halophila]
WP_481237683.1	other	Dyella marensis	226.0	304.8	WP_481237683.1 DmsE family decaheme c-type cytochrome [Dyella marensis]
WP_242107342.1	other	Luteimonas aquatica	226.0	319.4	WP_242107342.1 DmsE family decaheme c-type cytochrome [Luteimonas aquatica]
WP_266150154.1	other	Dyella halodurans	225.9	295.7	WP_266150154.1 DmsE family decaheme c-type cytochrome [Dyella halodurans]
WP_267170655.1	other	Frateuria hangzhouensis	225.9	300.4	WP_267170655.1 DmsE family decaheme c-type cytochrome [Frateuria hangzhouensis]
XRD81194.1	other	Dyella halodurans	225.9	295.7	XRD81194.1 DmsE family decaheme c-type cytochrome [Dyella halodurans]
WP_266182598.1	other	Dyella humicola	225.8	297.1	WP_266182598.1 DmsE family decaheme c-type cytochrome [Dyella humicola]
WP_238642164.1	other	Halorhodospira sp. 9622	225.8	241.2	WP_238642164.1 DmsE family decaheme c-type cytochrome [Halorhodospira sp. 9622]
WP_440754626.1	other	Luteimonas sp. 22616	225.7	329.1	WP_440754626.1 DmsE family decaheme c-type cytochrome [Luteimonas sp. 22616]
TWB67658.1	other	Nitrospirillum amazonense	225.6	323.8	TWB67658.1 DmsE family decaheme c-type cytochrome [Nitrospirillum amazonense]
WP_031813423.1	other	Vibrio parahaemolyticus	225.6	189.1	WP_031813423.1 DmsE family decaheme c-type cytochrome, partial [Vibrio parahaemolyticus]
WP_291230364.1	other	Dokdonella sp.	225.6	314.5	WP_291230364.1 DmsE family decaheme c-type cytochrome [Dokdonella sp.]
WP_037241105.1	other	Rhodomicrobium udaipurense	225.6	285.5	WP_037241105.1 DmsE family decaheme c-type cytochrome [Rhodomicrobium udaipurense]
WP_211107212.1	other	Nitrospirillum amazonense	225.6	323.8	WP_211107212.1 DmsE family decaheme c-type cytochrome [Nitrospirillum amazonense]
WP_415167553.1	other	Propionivibrio sp.	225.4	324.0	WP_415167553.1 DmsE family decaheme c-type cytochrome [Propionivibrio sp.]
WP_201718448.1	other	Rhodomicrobium vannielii	225.4	286.4	WP_201718448.1 DmsE family decaheme c-type cytochrome [Rhodomicrobium vannielii]
WP_318105636.1	other	Vibrio sp. 1640	225.2	127.3	WP_318105636.1 DmsE family decaheme c-type cytochrome, partial [Vibrio sp. 1640]
WP_228216194.1	other	Aromatoleum toluclasticum	225.2	333.5	WP_228216194.1 DmsE family decaheme c-type cytochrome [Aromatoleum toluclasticum]
WP_296915957.1	other	Polaromonas sp.	225.0	324.6	WP_296915957.1 DmsE family decaheme c-type cytochrome [Polaromonas sp.]
WP_131997590.1	other	Dokdonella fugitiva	225.0	307.9	WP_131997590.1 DmsE family decaheme c-type cytochrome [Dokdonella fugitiva]
TCO40244.1	other	Dokdonella fugitiva	225.0	307.9	TCO40244.1 DmsE family decaheme c-type cytochrome [Dokdonella fugitiva]
WP_422279240.1	other	Bradyrhizobium sp.	224.9	277.5	WP_422279240.1 DmsE family decaheme c-type cytochrome [Bradyrhizobium sp.]
WP_199902598.1	other	Azospirillum sp. B4	224.9	321.7	WP_199902598.1 DmsE family decaheme c-type cytochrome [Azospirillum sp. B4]
TXH28974.1	other	Elusimicrobiota bacterium	224.8	240.6	TXH28974.1 MAG: DmsE family decaheme c-type cytochrome [Elusimicrobiota bacterium]
WP_238527630.1	other	Pseudoxanthomonas spadix	224.8	319.5	WP_238527630.1 DmsE family decaheme c-type cytochrome [Pseudoxanthomonas spadix]
WP_291224427.1	other	Dokdonella sp.	224.8	313.1	WP_291224427.1 DmsE family decaheme c-type cytochrome [Dokdonella sp.]
WP_306581903.1	other	Dokdonella sp.	224.6	318.8	WP_306581903.1 DmsE family decaheme c-type cytochrome [Dokdonella sp.]
WP_265946258.1	other	Dechloromonas sp. A34	224.5	350.9	WP_265946258.1 DmsE family decaheme c-type cytochrome [Dechloromonas sp. A34]
WP_238635035.1	other	Halorhodospira	224.5	239.1	WP_238635035.1 MULTISPECIES: DmsE family decaheme c-type cytochrome [Halorhodospira]
WP_441607668.1	other	Dyella sp. 2RAB6	224.4	303.9	WP_441607668.1 DmsE family decaheme c-type cytochrome [Dyella sp. 2RAB6]
WP_344758954.1	other	Luteimonas lutimaris	224.4	307.6	WP_344758954.1 DmsE family decaheme c-type cytochrome [Luteimonas lutimaris]
GAA3919260.1	other	Luteimonas lutimaris	224.4	307.6	GAA3919260.1 DmsE family decaheme c-type cytochrome [Luteimonas lutimaris]
GAB1407642.1	other	Thermomonas brevis	224.3	305.2	GAB1407642.1 DmsE family decaheme c-type cytochrome [Thermomonas brevis]
WP_331646128.1	other	Piscinibacter sp.	224.3	346.2	WP_331646128.1 DmsE family decaheme c-type cytochrome [Piscinibacter sp.]
WP_291210136.1	other	Dokdonella sp.	224.2	317.9	WP_291210136.1 DmsE family decaheme c-type cytochrome [Dokdonella sp.]
WP_182517597.1	other	Dokdonella fugitiva	224.2	307.9	WP_182517597.1 DmsE family decaheme c-type cytochrome [Dokdonella fugitiva]
WP_018990449.1	other	Aromatoleum toluclasticum	224.1	335.6	WP_018990449.1 DmsE family decaheme c-type cytochrome [Aromatoleum toluclasticum]
UCE31002.1	other	Burkholderiales bacterium	224.1	306.1	UCE31002.1 MAG: DmsE family decaheme c-type cytochrome [Burkholderiales bacterium]
RPJ79143.1	other	Acidobacteriota bacterium	224.1	252.4	RPJ79143.1 MAG: DmsE family decaheme c-type cytochrome [Acidobacteriota bacterium]
QBB69060.1	other	Pseudolysobacter antarcticus	224.0	317.1	QBB69060.1 DmsE family decaheme c-type cytochrome [Pseudolysobacter antarcticus]
WP_187080946.1	other	Ramlibacter albus	224.0	409.1	WP_187080946.1 DmsE family decaheme c-type cytochrome [Ramlibacter albus]
WP_136416639.1	other	Oxalobacteraceae	224.0	366.1	WP_136416639.1 MULTISPECIES: DmsE family decaheme c-type cytochrome [Oxalobacteraceae]
WP_129831315.1	other	Pseudolysobacter antarcticus	224.0	317.1	WP_129831315.1 DmsE family decaheme c-type cytochrome [Pseudolysobacter antarcticus]
WP_283743965.1	MtoA_candidate	Sideroxydans sp. CL21	223.9	536.3	WP_283743965.1 DmsE family decaheme c-type cytochrome [Sideroxydans sp. CL21]
WP_168648929.1	other	Dyella sp. SG609	223.9	295.7	WP_168648929.1 DmsE family decaheme c-type cytochrome [Dyella sp. SG609]
WP_291989368.1	other	Luteitalea sp.	223.9	239.3	WP_291989368.1 DmsE family decaheme c-type cytochrome [Luteitalea sp.]
WP_169139801.1	other	Aromatoleum toluolicum	223.9	307.7	WP_169139801.1 DmsE family decaheme c-type cytochrome [Aromatoleum toluolicum]
WP_211106514.1	other	Nitrospirillum iridis	223.8	318.6	WP_211106514.1 DmsE family decaheme c-type cytochrome [Nitrospirillum iridis]
RPJ45030.1	other	Betaproteobacteria bacterium	223.6	269.1	RPJ45030.1 MAG: DmsE family decaheme c-type cytochrome [Betaproteobacteria bacterium]
WP_236823693.1	other	Blastochloris viridis	223.6	306.3	WP_236823693.1 DmsE family decaheme c-type cytochrome [Blastochloris viridis]
TVP83329.1	other	Thioalkalivibrio sp.	223.5	191.2	TVP83329.1 MAG: DmsE family decaheme c-type cytochrome [Thioalkalivibrio sp.]
WP_410291230.1	other	Desulfosarcina sp.	223.5	247.5	WP_410291230.1 DmsE family decaheme c-type cytochrome [Desulfosarcina sp.]
XRD75533.1	other	Dyella marensis	223.5	297.2	XRD75533.1 DmsE family decaheme c-type cytochrome [Dyella marensis]
WP_343819240.1	other	Dyella marensis	223.5	297.2	WP_343819240.1 DmsE family decaheme c-type cytochrome [Dyella marensis]
SIQ61574.1	other	Aromatoleum tolulyticum	223.4	312.2	SIQ61574.1 decaheme c-type cytochrome, DmsE family [Aromatoleum tolulyticum]
WP_338022710.1	other	Azospira restricta	223.4	338.5	WP_338022710.1 DmsE family decaheme c-type cytochrome [Azospira restricta]
QRJ65611.1	other	Azospira restricta	223.4	338.1	QRJ65611.1 DmsE family decaheme c-type cytochrome [Azospira restricta]
WP_076601929.1	other	Aromatoleum tolulyticum	223.4	312.2	WP_076601929.1 DmsE family decaheme c-type cytochrome [Aromatoleum tolulyticum]
WP_346948688.1	other	Dyella sp.	223.4	296.3	WP_346948688.1 DmsE family decaheme c-type cytochrome [Dyella sp.]
WP_246164307.1	other	Blastochloris sulfoviridis	223.3	282.6	WP_246164307.1 DmsE family decaheme c-type cytochrome [Blastochloris sulfoviridis]
WP_310449392.1	other	Sulfuritalea sp.	223.3	328.1	WP_310449392.1 DmsE family decaheme c-type cytochrome [Sulfuritalea sp.]
TXH30327.1	other	Burkholderiaceae bacterium	223.1	297.1	TXH30327.1 MAG: DmsE family decaheme c-type cytochrome [Burkholderiaceae bacterium]
KAA5600349.1	other	Blastochloris sulfoviridis	223.1	282.3	KAA5600349.1 DmsE family decaheme c-type cytochrome [Blastochloris sulfoviridis]
WP_339380055.1	other	Aromatoleum evansii	223.0	315.1	WP_339380055.1 DmsE family decaheme c-type cytochrome [Aromatoleum evansii]
WP_036135327.1	other	Luteimonas mephitis	222.9	326.5	WP_036135327.1 DmsE family decaheme c-type cytochrome [Luteimonas mephitis]
WP_339396774.1	other	Denitratimonas organivorans	222.8	300.6	WP_339396774.1 DmsE family decaheme c-type cytochrome [Denitratimonas organivorans]
WP_223911335.1	other	Rhodoferax lithotrophicus	222.8	398.5	WP_223911335.1 DmsE family decaheme c-type cytochrome [Rhodoferax lithotrophicus]
WP_197706803.1	other	Sterolibacterium denitrificans	222.8	321.9	WP_197706803.1 DmsE family decaheme c-type cytochrome [Sterolibacterium denitrificans]
WP_457003643.1	other	Luteimonas sp. A501	222.8	317.8	WP_457003643.1 DmsE family decaheme c-type cytochrome [Luteimonas sp. A501]
WP_130519516.1	other	Pseudoxanthomonas winnipegensis	222.8	305.1	WP_130519516.1 DmsE family decaheme c-type cytochrome [Pseudoxanthomonas winnipegensis]
WP_167254994.1	other	Dyella sp. SG562	222.8	296.2	WP_167254994.1 DmsE family decaheme c-type cytochrome [Dyella sp. SG562]
WP_301101699.1	other	Propionivibrio sp.	222.8	327.1	WP_301101699.1 DmsE family decaheme c-type cytochrome [Propionivibrio sp.]
RMW98264.1	other	Pseudoxanthomonas spadix	222.7	320.6	RMW98264.1 DmsE family decaheme c-type cytochrome [Pseudoxanthomonas spadix]
WP_088706423.1	other	Noviherbaspirillum denitrificans	222.7	332.2	WP_088706423.1 DmsE family decaheme c-type cytochrome [Noviherbaspirillum denitrificans]
WP_244671990.1	other	Pseudoxanthomonas spadix	222.7	320.5	WP_244671990.1 DmsE family decaheme c-type cytochrome [Pseudoxanthomonas spadix]
RNC71435.1	other	Desulfuromonadales bacterium	222.7	254.4	RNC71435.1 MAG: DmsE family decaheme c-type cytochrome [Desulfuromonadales bacterium]
SMB21254.1	other	Sterolibacterium denitrificans	222.6	321.7	SMB21254.1 Decaheme c-type cytochrome, DmsE family [Sterolibacterium denitrificans]
WP_067170615.1	other	Sterolibacterium denitrificans	222.6	321.7	WP_067170615.1 DmsE family decaheme c-type cytochrome [Sterolibacterium denitrificans]
WP_325478852.1	other	Piscinibacter sp.	222.5	334.5	WP_325478852.1 DmsE family decaheme c-type cytochrome [Piscinibacter sp.]
WP_275706382.1	other	Dechloromonas hankyongensis	222.5	346.6	WP_275706382.1 DmsE family decaheme c-type cytochrome [Dechloromonas hankyongensis]
WP_182529318.1	other	Dokdonella fugitiva	222.3	311.6	WP_182529318.1 DmsE family decaheme c-type cytochrome [Dokdonella fugitiva]
WP_211101436.1	other	Niveispirillum sp. SYP-B3756	222.3	326.2	WP_211101436.1 DmsE family decaheme c-type cytochrome [Niveispirillum sp. SYP-B3756]
WP_325371660.1	other	Bradyrhizobium sp.	222.3	249.9	WP_325371660.1 DmsE family decaheme c-type cytochrome [Bradyrhizobium sp.]
WP_423961449.1	other	Bradyrhizobium sp.	222.2	273.3	WP_423961449.1 DmsE family decaheme c-type cytochrome, partial [Bradyrhizobium sp.]
WP_232299402.1	other	Azoarcus sp. CIB	222.2	312.9	WP_232299402.1 DmsE family decaheme c-type cytochrome [Azoarcus sp. CIB]
RIX49874.1	other	Rhodocyclales bacterium GT-UBC	222.2	347.3	RIX49874.1 MAG: DmsE family decaheme c-type cytochrome [Rhodocyclales bacterium GT-UBC]
WP_201173509.1	other	Halorhodospira halophila	222.1	236.4	WP_201173509.1 DmsE family decaheme c-type cytochrome [Halorhodospira halophila]
XZF80766.1	other	Stenotrophomonas sp. JC08	222.1	311.1	XZF80766.1 DmsE family decaheme c-type cytochrome [Stenotrophomonas sp. JC08]
WP_442684211.1	other	Stenotrophomonas sp. JC08	222.1	311.1	WP_442684211.1 DmsE family decaheme c-type cytochrome [Stenotrophomonas sp. JC08]
WP_226468145.1	other	Luteimonas panaciterrae	221.9	317.3	WP_226468145.1 DmsE family decaheme c-type cytochrome [Luteimonas panaciterrae]
WP_146329524.1	other	Noviherbaspirillum sp. UKPF54	221.8	346.0	WP_146329524.1 DmsE family decaheme c-type cytochrome [Noviherbaspirillum sp. UKPF54]
WP_331647232.1	other	Dokdonella sp.	221.8	309.1	WP_331647232.1 DmsE family decaheme c-type cytochrome [Dokdonella sp.]
WP_457008158.1	other	Luteimonas sp. A537	221.8	316.7	WP_457008158.1 DmsE family decaheme c-type cytochrome [Luteimonas sp. A537]
QDZ27700.1	other	Noviherbaspirillum sp. UKPF54	221.8	346.0	QDZ27700.1 DmsE family decaheme c-type cytochrome [Noviherbaspirillum sp. UKPF54]
WP_154359937.1	other	Duganella aquatilis	221.7	386.1	WP_154359937.1 DmsE family decaheme c-type cytochrome [Duganella aquatilis]
WP_154367181.1	other	Duganella alba	221.7	387.0	WP_154367181.1 DmsE family decaheme c-type cytochrome [Duganella alba]
WP_395681358.1	other	Dokdonella sp.	221.7	309.1	WP_395681358.1 DmsE family decaheme c-type cytochrome [Dokdonella sp.]
WPU57477.1	other	Stenotrophomonas acidaminiphila	221.6	308.1	WPU57477.1 DmsE family decaheme c-type cytochrome [Stenotrophomonas acidaminiphila]
WP_321990348.1	other	Stenotrophomonas acidaminiphila	221.6	308.1	WP_321990348.1 DmsE family decaheme c-type cytochrome [Stenotrophomonas acidaminiphila]
WP_313249135.1	other	Stenotrophomonas acidaminiphila	221.6	307.1	WP_313249135.1 DmsE family decaheme c-type cytochrome [Stenotrophomonas acidaminiphila]
WP_313231651.1	other	Stenotrophomonas acidaminiphila	221.6	306.5	WP_313231651.1 DmsE family decaheme c-type cytochrome [Stenotrophomonas acidaminiphila]
XLW87350.1	other	Stenotrophomonas sp. Y-13	221.4	307.3	XLW87350.1 DmsE family decaheme c-type cytochrome [Stenotrophomonas sp. Y-13]
WP_484189697.1	other	Motiliproteus sp.	221.4	262.8	WP_484189697.1 DmsE family decaheme c-type cytochrome, partial [Motiliproteus sp.]
WP_240212666.1	other	Stenotrophomonas	221.4	306.9	WP_240212666.1 MULTISPECIES: DmsE family decaheme c-type cytochrome [Stenotrophomonas]
WP_312346532.1	other	Stenotrophomonas	221.4	307.3	WP_312346532.1 MULTISPECIES: DmsE family decaheme c-type cytochrome [Stenotrophomonas]
WP_325418212.1	other	Aquabacterium sp.	221.3	330.5	WP_325418212.1 DmsE family decaheme c-type cytochrome [Aquabacterium sp.]
WP_337778570.1	other	Stenotrophomonas acidaminiphila	221.3	304.9	WP_337778570.1 DmsE family decaheme c-type cytochrome [Stenotrophomonas acidaminiphila]
TAK38193.1	other	Lysobacteraceae bacterium	221.1	291.0	TAK38193.1 MAG: DmsE family decaheme c-type cytochrome [Lysobacteraceae bacterium]
WP_481568475.1	other	Stenotrophomonas sp. STEN056	221.0	307.5	WP_481568475.1 DmsE family decaheme c-type cytochrome [Stenotrophomonas sp. STEN056]
WP_211115288.1	other	Nitrospirillum amazonense	221.0	323.3	WP_211115288.1 DmsE family decaheme c-type cytochrome [Nitrospirillum amazonense]
TWB15467.1	other	Nitrospirillum amazonense	221.0	323.3	TWB15467.1 DmsE family decaheme c-type cytochrome [Nitrospirillum amazonense]
WP_312369188.1	other	Stenotrophomonas sp.	220.9	306.3	WP_312369188.1 DmsE family decaheme c-type cytochrome [Stenotrophomonas sp.]
WP_313643975.1	other	Stenotrophomonas sp.	220.9	306.2	WP_313643975.1 DmsE family decaheme c-type cytochrome [Stenotrophomonas sp.]
WP_231561842.1	other	Nitrosococcus oceani	220.9	282.2	WP_231561842.1 DmsE family decaheme c-type cytochrome [Nitrosococcus oceani]
WP_293705937.1	other	Stenotrophomonas sp. UBA7606	220.9	304.9	WP_293705937.1 DmsE family decaheme c-type cytochrome [Stenotrophomonas sp. UBA7606]
WP_436203064.1	other	Astrobacterium formosum	220.8	259.1	WP_436203064.1 DmsE family decaheme c-type cytochrome [Astrobacterium formosum]
WP_301079002.1	other	Rhodoferax sp.	220.8	407.0	WP_301079002.1 DmsE family decaheme c-type cytochrome [Rhodoferax sp.]
WP_424615877.1	other	Bradyrhizobium sp.	220.7	266.4	WP_424615877.1 DmsE family decaheme c-type cytochrome [Bradyrhizobium sp.]
TSA07416.1	other	Comamonadaceae bacterium	220.7	403.4	TSA07416.1 MAG: DmsE family decaheme c-type cytochrome [Comamonadaceae bacterium]
WP_269913065.1	other	Niveispirillum sp. BGYR6	220.7	328.7	WP_269913065.1 DmsE family decaheme c-type cytochrome [Niveispirillum sp. BGYR6]
WP_313400214.1	other	Stenotrophomonas sp.	220.7	306.2	WP_313400214.1 DmsE family decaheme c-type cytochrome [Stenotrophomonas sp.]
WP_189494966.1	other	Luteimonas padinae	220.6	310.2	WP_189494966.1 DmsE family decaheme c-type cytochrome [Luteimonas padinae]
WP_215029884.1	other	Rhodomicrobium sp. Az07	220.4	278.2	WP_215029884.1 DmsE family decaheme c-type cytochrome [Rhodomicrobium sp. Az07]
WP_337334608.1	other	Denitratimonas tolerans	220.4	306.3	WP_337334608.1 DmsE family decaheme c-type cytochrome [Denitratimonas tolerans]
WP_291142404.1	other	Dokdonella sp.	220.4	314.4	WP_291142404.1 DmsE family decaheme c-type cytochrome [Dokdonella sp.]
TWB39565.1	other	Nitrospirillum pindoramense	220.3	325.7	TWB39565.1 DmsE family decaheme c-type cytochrome [Nitrospirillum pindoramense]
WP_211102125.1	other	Nitrospirillum pindoramense	220.3	325.7	WP_211102125.1 DmsE family decaheme c-type cytochrome [Nitrospirillum pindoramense]
WP_286758319.1	other	Ralstonia sp. RL	220.3	337.6	WP_286758319.1 DmsE family decaheme c-type cytochrome [Ralstonia sp. RL]
WP_322485562.1	other	Nitrospirillum goiasense	220.3	324.7	WP_322485562.1 DmsE family decaheme c-type cytochrome [Nitrospirillum goiasense]
WP_162456197.1	other	Pseudoxanthomonas kalamensis	220.2	314.2	WP_162456197.1 DmsE family decaheme c-type cytochrome [Pseudoxanthomonas kalamensis]
SNS72546.1	other	Azospirillum sp. RU38E	220.2	328.0	SNS72546.1 decaheme c-type cytochrome, DmsE family [Azospirillum sp. RU38E]
SNS90407.1	other	Azospirillum sp. RU37A	220.2	328.0	SNS90407.1 decaheme c-type cytochrome, DmsE family [Azospirillum sp. RU37A]
WP_380022097.1	other	Dokdonella ginsengisoli	220.2	308.1	WP_380022097.1 DmsE family decaheme c-type cytochrome [Dokdonella ginsengisoli]
WP_200819989.1	other	unclassified Azospirillum	220.2	328.0	WP_200819989.1 MULTISPECIES: DmsE family decaheme c-type cytochrome [unclassified Azospirillum]
WP_011940435.1	other	Geotalea uraniireducens	220.1	219.1	WP_011940435.1 DmsE family decaheme c-type cytochrome [Geotalea uraniireducens]
WP_481530679.1	other	Stenotrophomonas sp. STEN018	220.1	305.1	WP_481530679.1 DmsE family decaheme c-type cytochrome [Stenotrophomonas sp. STEN018]
WP_145770618.1	other	Denitratisoma oestradiolicum	220.0	336.5	WP_145770618.1 DmsE family decaheme c-type cytochrome [Denitratisoma oestradiolicum]
WP_211102830.1	other	Nitrospirillum	219.9	319.9	WP_211102830.1 MULTISPECIES: DmsE family decaheme c-type cytochrome [Nitrospirillum]
WP_456119154.1	other	Stenotrophomonas acidaminiphila	219.9	308.9	WP_456119154.1 DmsE family decaheme c-type cytochrome [Stenotrophomonas acidaminiphila]
TWB15393.1	other	Nitrospirillum bahiense	219.9	319.9	TWB15393.1 DmsE family decaheme c-type cytochrome [Nitrospirillum bahiense]
TAH39026.1	other	Gammaproteobacteria bacterium	219.8	313.5	TAH39026.1 MAG: DmsE family decaheme c-type cytochrome [Gammaproteobacteria bacterium]
TXI72933.1	other	Dokdonella sp.	219.8	313.5	TXI72933.1 MAG: DmsE family decaheme c-type cytochrome [Dokdonella sp.]
WP_277906489.1	other	Nitrospirillum amazonense	219.8	325.5	WP_277906489.1 DmsE family decaheme c-type cytochrome [Nitrospirillum amazonense]
WP_472345332.1	other	Geotalea uraniireducens	219.8	218.0	WP_472345332.1 DmsE family decaheme c-type cytochrome [Geotalea uraniireducens]
WP_343254414.1	other	Luteimonas changyuni	219.7	316.8	WP_343254414.1 DmsE family decaheme c-type cytochrome [Luteimonas changyuni]
WP_427853033.1	other	Stenotrophomonas acidaminiphila	219.7	305.3	WP_427853033.1 DmsE family decaheme c-type cytochrome [Stenotrophomonas acidaminiphila]
WP_324357538.1	other	Dokdonella sp.	219.6	314.2	WP_324357538.1 DmsE family decaheme c-type cytochrome [Dokdonella sp.]
TWB40895.1	other	Nitrospirillum viridazoti	219.4	319.5	TWB40895.1 DmsE family decaheme c-type cytochrome [Nitrospirillum viridazoti]
WP_300618358.1	other	Dokdonella sp.	219.4	305.9	WP_300618358.1 DmsE family decaheme c-type cytochrome [Dokdonella sp.]
WP_313317662.1	other	Stenotrophomonas sp.	219.4	311.8	WP_313317662.1 DmsE family decaheme c-type cytochrome [Stenotrophomonas sp.]
WP_211098772.1	other	Nitrospirillum viridazoti	219.4	319.5	WP_211098772.1 DmsE family decaheme c-type cytochrome [Nitrospirillum viridazoti]
WP_396937047.1	other	Mycolicibacterium sp.	219.3	318.0	WP_396937047.1 DmsE family decaheme c-type cytochrome [Mycolicibacterium sp.]
WP_237097224.1	other	Nitrospina gracilis	219.3	247.0	WP_237097224.1 DmsE family decaheme c-type cytochrome [Nitrospina gracilis]
WP_241407241.1	Shewanella_DmsE	Shewanella sp. MM_2022_3	219.1	210.6	WP_241407241.1 DmsE family decaheme c-type cytochrome [Shewanella sp. MM_2022_3]
WP_291687406.1	other	Bradyrhizobium sp.	219.0	274.1	WP_291687406.1 DmsE family decaheme c-type cytochrome [Bradyrhizobium sp.]
WP_088212998.1	Shewanella_DmsE	Shewanella sp. Shew256	218.9	211.4	WP_088212998.1 DmsE family decaheme c-type cytochrome [Shewanella sp. Shew256]
WP_330495940.1	other	Nitrospirillum karajorum	218.9	325.1	WP_330495940.1 DmsE family decaheme c-type cytochrome [Nitrospirillum karajorum]
WP_235504299.1	other	Stenotrophomonas	218.8	307.8	WP_235504299.1 MULTISPECIES: DmsE family decaheme c-type cytochrome [Stenotrophomonas]
WP_282274522.1	other	Stenotrophomonas sp. PS02297	218.8	307.8	WP_282274522.1 DmsE family decaheme c-type cytochrome [Stenotrophomonas sp. PS02297]
WP_478019296.1	other	Stenotrophomonas sp. 05N423	218.7	307.6	WP_478019296.1 DmsE family decaheme c-type cytochrome [Stenotrophomonas sp. 05N423]
WP_293408097.1	other	Piscinibacter sp.	218.7	304.7	WP_293408097.1 DmsE family decaheme c-type cytochrome [Piscinibacter sp.]
WP_420477026.1	other	Noviherbaspirillum sp. ST9	218.6	329.1	WP_420477026.1 DmsE family decaheme c-type cytochrome [Noviherbaspirillum sp. ST9]
WP_482566966.1	other	Rhodoferax sp.	218.5	298.7	WP_482566966.1 DmsE family decaheme c-type cytochrome [Rhodoferax sp.]
WP_296655932.1	other	Rhodoferax sp.	218.3	299.4	WP_296655932.1 DmsE family decaheme c-type cytochrome [Rhodoferax sp.]
WP_322914048.1	other	Nitrospirillum guaranorum	218.2	322.3	WP_322914048.1 DmsE family decaheme c-type cytochrome [Nitrospirillum guaranorum]
WP_293763375.1	other	Stenotrophomonas sp.	218.2	304.8	WP_293763375.1 DmsE family decaheme c-type cytochrome [Stenotrophomonas sp.]
WP_244479087.1	other	Stenotrophomonas terrae	218.1	304.0	WP_244479087.1 DmsE family decaheme c-type cytochrome [Stenotrophomonas terrae]
WP_311364890.1	other	Banduia mediterranea	218.0	297.6	WP_311364890.1 DmsE family decaheme c-type cytochrome [Banduia mediterranea]
WP_018990111.1	other	Aromatoleum toluclasticum	217.9	312.0	WP_018990111.1 DmsE family decaheme c-type cytochrome [Aromatoleum toluclasticum]
ADP72408.1	other	Rhodomicrobium vannielii ATCC 17100	217.8	277.7	ADP72408.1 decaheme c-type cytochrome, DmsE family [Rhodomicrobium vannielii ATCC 17100]
WP_013420768.1	other	Rhodomicrobium vannielii	217.8	277.7	WP_013420768.1 DmsE family decaheme c-type cytochrome [Rhodomicrobium vannielii]
WP_481547333.1	other	Stenotrophomonas sp. STEN021	217.7	308.1	WP_481547333.1 DmsE family decaheme c-type cytochrome [Stenotrophomonas sp. STEN021]
QTN24527.1	other	Rhizobacter sp. AJA081-3	217.7	303.7	QTN24527.1 DmsE family decaheme c-type cytochrome [Rhizobacter sp. AJA081-3]
WP_245434032.1	other	Rhodomicrobium lacus	217.7	272.6	WP_245434032.1 DmsE family decaheme c-type cytochrome [Rhodomicrobium lacus]
WP_209385758.1	other	Rhizobacter sp. AJA081-3	217.7	303.7	WP_209385758.1 DmsE family decaheme c-type cytochrome [Rhizobacter sp. AJA081-3]
WP_237334381.1	other	Stenotrophomonas nitritireducens	217.6	304.9	WP_237334381.1 DmsE family decaheme c-type cytochrome [Stenotrophomonas nitritireducens]
WP_166056869.1	other	Thermomonas sp. HDW16	217.5	306.7	WP_166056869.1 DmsE family decaheme c-type cytochrome [Thermomonas sp. HDW16]
WP_419176007.1	other	Desulfosediminicola sp.	217.5	237.0	WP_419176007.1 DmsE family decaheme c-type cytochrome [Desulfosediminicola sp.]
WP_202801806.1	other	Rhodovulum sp. PH10	217.5	282.2	WP_202801806.1 DmsE family decaheme c-type cytochrome [Rhodovulum sp. PH10]
QIL20748.1	other	Thermomonas sp. HDW16	217.5	306.7	QIL20748.1 DmsE family decaheme c-type cytochrome [Thermomonas sp. HDW16]
WP_231732436.1	other	Stenotrophomonas sp. KCTC 12332	217.4	298.9	WP_231732436.1 DmsE family decaheme c-type cytochrome [Stenotrophomonas sp. KCTC 12332]
WP_484093154.1	other	Geomonas sp.	217.2	262.7	WP_484093154.1 DmsE family decaheme c-type cytochrome [Geomonas sp.]
WP_346498064.1	other	Stenotrophomonas	217.1	303.7	WP_346498064.1 MULTISPECIES: DmsE family decaheme c-type cytochrome [Stenotrophomonas]
WKW50933.1	other	Rhodomicrobium lacus	217.1	272.6	WKW50933.1 DmsE family decaheme c-type cytochrome [Rhodomicrobium lacus]
WP_303484923.1	other	Rhodomicrobium lacus	217.1	272.6	WP_303484923.1 DmsE family decaheme c-type cytochrome [Rhodomicrobium lacus]
TDB26942.1	other	Stenotrophomonas sp. ATCM1_4	216.9	305.8	TDB26942.1 DmsE family decaheme c-type cytochrome [Stenotrophomonas sp. ATCM1_4]
RFF32293.1	other	Wenzhouxiangella sediminis	216.9	237.0	RFF32293.1 DmsE family decaheme c-type cytochrome [Wenzhouxiangella sediminis]
WP_116649475.1	other	Wenzhouxiangella sediminis	216.9	237.0	WP_116649475.1 DmsE family decaheme c-type cytochrome [Wenzhouxiangella sediminis]
WP_415186946.1	other	Rhodomicrobium sp.	216.9	272.3	WP_415186946.1 DmsE family decaheme c-type cytochrome [Rhodomicrobium sp.]
WP_243693952.1	other	Stenotrophomonas	216.8	308.0	WP_243693952.1 MULTISPECIES: DmsE family decaheme c-type cytochrome [Stenotrophomonas]
WP_348059876.1	other	Dokdonella sp.	216.7	305.3	WP_348059876.1 DmsE family decaheme c-type cytochrome [Dokdonella sp.]
WP_478073160.1	other	Stenotrophomonas sp. Steno-C18	216.7	307.6	WP_478073160.1 DmsE family decaheme c-type cytochrome [Stenotrophomonas sp. Steno-C18]
WP_420265236.1	other	Candidatus Magnetominusculus dajiuhuensis	216.7	270.5	WP_420265236.1 DmsE family decaheme c-type cytochrome [Candidatus Magnetominusculus dajiuhuensis]
WP_313254529.1	other	unclassified Stenotrophomonas	216.7	307.6	WP_313254529.1 MULTISPECIES: DmsE family decaheme c-type cytochrome [unclassified Stenotrophomonas]
WP_478074885.1	other	Stenotrophomonas sp. Steno-Z2	216.6	305.9	WP_478074885.1 DmsE family decaheme c-type cytochrome [Stenotrophomonas sp. Steno-Z2]
WP_343790590.1	other	Dokdonella soli	216.5	305.7	WP_343790590.1 DmsE family decaheme c-type cytochrome [Dokdonella soli]
GAA0715373.1	other	Dokdonella soli	216.5	305.7	GAA0715373.1 DmsE family decaheme c-type cytochrome [Dokdonella soli]
WP_431600040.1	other	Stenotrophomonas sp.	216.4	310.6	WP_431600040.1 DmsE family decaheme c-type cytochrome [Stenotrophomonas sp.]
WP_211097275.1	other	Oxalobacteraceae	216.3	328.3	WP_211097275.1 MULTISPECIES: DmsE family decaheme c-type cytochrome [Oxalobacteraceae]
RYD14733.1	other	Lysobacteraceae bacterium	216.1	304.2	RYD14733.1 MAG: DmsE family decaheme c-type cytochrome [Lysobacteraceae bacterium]
WP_292932630.1	other	Noviherbaspirillum sp.	215.6	327.1	WP_292932630.1 DmsE family decaheme c-type cytochrome [Noviherbaspirillum sp.]
KAF0145635.1	other	Nitrospirota bacterium	215.6	251.7	KAF0145635.1 MAG: decaheme c-type cytochrome DmsE family [Nitrospirota bacterium]
WP_324109400.1	other	Noviherbaspirillum sp.	215.5	329.5	WP_324109400.1 DmsE family decaheme c-type cytochrome [Noviherbaspirillum sp.]
WP_115016103.1	Shewanella_DmsE	Shewanella putrefaciens	215.5	207.8	WP_115016103.1 DmsE family decaheme c-type cytochrome [Shewanella putrefaciens]
WP_343200018.1	other	Stenotrophomonas sp. MYb238	215.4	305.7	WP_343200018.1 DmsE family decaheme c-type cytochrome [Stenotrophomonas sp. MYb238]
WP_136796516.1	other	Desulfosediminicola ganghwensis	215.3	237.4	WP_136796516.1 DmsE family decaheme c-type cytochrome [Desulfosediminicola ganghwensis]
WP_291186754.1	other	Dokdonella sp.	215.2	303.1	WP_291186754.1 DmsE family decaheme c-type cytochrome [Dokdonella sp.]
WP_433851342.1	other	Stenotrophomonas nitritireducens	215.2	306.8	WP_433851342.1 DmsE family decaheme c-type cytochrome [Stenotrophomonas nitritireducens]
TWB59437.1	other	Nitrospirillum viridazoti	215.1	321.8	TWB59437.1 DmsE family decaheme c-type cytochrome [Nitrospirillum viridazoti]
WP_004272032.1	other	Nitrospirillum viridazoti	215.1	321.8	WP_004272032.1 DmsE family decaheme c-type cytochrome [Nitrospirillum viridazoti]
WP_325142767.1	other	Dokdonella sp.	215.1	307.3	WP_325142767.1 DmsE family decaheme c-type cytochrome [Dokdonella sp.]
WP_024460719.1	other	Marinimicrobium sp. LS-A18	215.0	210.5	WP_024460719.1 DmsE family decaheme c-type cytochrome [Marinimicrobium sp. LS-A18]
WP_224404599.1	other	Afifella sp. IM 167	214.9	263.1	WP_224404599.1 DmsE family decaheme c-type cytochrome [Afifella sp. IM 167]
WP_162373046.1	other	Pseudoxanthomonas sangjuensis	214.7	291.6	WP_162373046.1 DmsE family decaheme c-type cytochrome [Pseudoxanthomonas sangjuensis]
QPJ61350.1	other	Candidatus Nitronauta litoralis	214.4	248.9	QPJ61350.1 MAG: DmsE family decaheme c-type cytochrome [Candidatus Nitronauta litoralis]
WP_407009766.1	other	Vibrio parahaemolyticus	214.3	120.6	WP_407009766.1 DmsE family decaheme c-type cytochrome [Vibrio parahaemolyticus]
WP_380021925.1	other	Dokdonella ginsengisoli	214.0	298.6	WP_380021925.1 DmsE family decaheme c-type cytochrome [Dokdonella ginsengisoli]
WP_325111023.1	other	Ramlibacter sp.	214.0	308.4	WP_325111023.1 DmsE family decaheme c-type cytochrome [Ramlibacter sp.]
XPI01477.1	other	OM182 bacterium	213.7	205.9	XPI01477.1 MAG: DmsE family decaheme c-type cytochrome [OM182 bacterium]
WP_322950662.1	other	Nitrospirillum guanabarense	213.6	319.0	WP_322950662.1 DmsE family decaheme c-type cytochrome [Nitrospirillum guanabarense]
WP_250061950.1	other	Stenotrophomonas mori	213.5	301.5	WP_250061950.1 DmsE family decaheme c-type cytochrome [Stenotrophomonas mori]
WP_201688818.1	other	Ramlibacter alkalitolerans	213.3	314.6	WP_201688818.1 DmsE family decaheme c-type cytochrome [Ramlibacter alkalitolerans]
WP_236599669.1	other	Ramlibacter alkalitolerans	213.3	314.6	WP_236599669.1 DmsE family decaheme c-type cytochrome [Ramlibacter alkalitolerans]
WP_307154760.1	other	Rhodopseudomonas julia	213.2	252.8	WP_307154760.1 DmsE family decaheme c-type cytochrome [Rhodopseudomonas julia]
WP_424592987.1	other	Bradyrhizobium sp.	213.2	249.5	WP_424592987.1 DmsE family decaheme c-type cytochrome [Bradyrhizobium sp.]
GAB4435255.1	other	bacterium	212.6	209.6	GAB4435255.1 MAG: DmsE family decaheme c-type cytochrome [bacterium]
WP_330886610.1	other	Rudaea sp.	212.6	298.5	WP_330886610.1 DmsE family decaheme c-type cytochrome [Rudaea sp.]
WP_230976278.1	other	Pseudothauera nasutitermitis	211.9	324.7	WP_230976278.1 DmsE family decaheme c-type cytochrome [Pseudothauera nasutitermitis]
THF63573.1	other	Pseudothauera nasutitermitis	211.9	325.4	THF63573.1 DmsE family decaheme c-type cytochrome [Pseudothauera nasutitermitis]
YEC19803.1	other	Desulfuromonadaceae bacterium NS4ri1	211.7	226.6	YEC19803.1 DmsE family decaheme c-type cytochrome [Desulfuromonadaceae bacterium NS4ri1]
WP_261214385.1	other	Afifella sp. JA880	211.4	258.6	WP_261214385.1 DmsE family decaheme c-type cytochrome [Afifella sp. JA880]
WP_128291477.1	other	Afifella aestuarii	211.3	258.6	WP_128291477.1 DmsE family decaheme c-type cytochrome [Afifella aestuarii]
WP_482461020.1	other	Geobacter psychrophilus	211.2	236.5	WP_482461020.1 DmsE family decaheme c-type cytochrome [Geobacter psychrophilus]
WP_167496467.1	other	Desulfopila sp. IMCC35006	211.0	234.6	WP_167496467.1 DmsE family decaheme c-type cytochrome [Desulfopila sp. IMCC35006]
TMA30243.1	other	Deltaproteobacteria bacterium	210.9	294.6	TMA30243.1 MAG: DmsE family decaheme c-type cytochrome [Deltaproteobacteria bacterium]
TKB26324.1	other	Desulfopila sp. IMCC35006	210.8	234.4	TKB26324.1 DmsE family decaheme c-type cytochrome [Desulfopila sp. IMCC35006]
WP_234628511.1	other	Afifella sp. H1R	210.7	255.8	WP_234628511.1 DmsE family decaheme c-type cytochrome [Afifella sp. H1R]
XOE47142.1	other	Afifella sp. YEN Y35	210.6	256.2	XOE47142.1 DmsE family decaheme c-type cytochrome [Afifella sp. YEN Y35]
WP_414833239.1	other	Afifella sp. YEN Y35	210.6	256.2	WP_414833239.1 DmsE family decaheme c-type cytochrome [Afifella sp. YEN Y35]
WDT70707.1	other	Candidatus Manganitrophus sp.	210.5	243.7	WDT70707.1 MAG: DmsE family decaheme c-type cytochrome [Candidatus Manganitrophus sp.]
RPI29745.1	other	Acidobacteriota bacterium	210.4	203.7	RPI29745.1 MAG: DmsE family decaheme c-type cytochrome [Acidobacteriota bacterium]
SCZ31630.1	other	Afifella marina DSM 2698	210.3	259.7	SCZ31630.1 decaheme c-type cytochrome, DmsE family [Afifella marina DSM 2698]
UCG97482.1	other	Burkholderiales bacterium	210.3	290.6	UCG97482.1 MAG: DmsE family decaheme c-type cytochrome [Burkholderiales bacterium]
WP_347262110.1	other	Rudaea sp.	209.9	296.4	WP_347262110.1 DmsE family decaheme c-type cytochrome [Rudaea sp.]
WP_244514485.1	other	Afifella marina	209.8	254.5	WP_244514485.1 DmsE family decaheme c-type cytochrome [Afifella marina]
TVR93059.1	other	Wenzhouxiangellaceae bacterium	209.7	217.6	TVR93059.1 MAG: DmsE family decaheme c-type cytochrome [Wenzhouxiangellaceae bacterium]
WP_303720887.1	other	Malonomonas rubra	209.6	242.3	WP_303720887.1 DmsE family decaheme c-type cytochrome [Malonomonas rubra]
WP_083965704.1	other	Dokdonella koreensis	209.5	309.7	WP_083965704.1 DmsE family decaheme c-type cytochrome [Dokdonella koreensis]
WP_318097566.1	other	Vibrio sp. 1069	209.4	176.1	WP_318097566.1 DmsE family decaheme c-type cytochrome, partial [Vibrio sp. 1069]
WP_333652307.1	other	Dissulfurispira sp.	209.4	254.0	WP_333652307.1 DmsE family decaheme c-type cytochrome [Dissulfurispira sp.]
WP_291187837.1	other	Dokdonella sp.	209.3	299.1	WP_291187837.1 DmsE family decaheme c-type cytochrome [Dokdonella sp.]
WP_325376851.1	other	Dokdonella sp.	209.2	319.2	WP_325376851.1 DmsE family decaheme c-type cytochrome [Dokdonella sp.]
BAL26650.1	other	Azoarcus sp. KH32C	208.3	323.2	BAL26650.1 decaheme c-type cytochrome, DmsE family [Azoarcus sp. KH32C]
WP_015437950.1	other	Azoarcus sp. KH32C	208.3	323.2	WP_015437950.1 DmsE family decaheme c-type cytochrome [Azoarcus sp. KH32C]
WP_238736861.1	other	Rhodopseudomonas infernalis	208.2	276.2	WP_238736861.1 DmsE family decaheme c-type cytochrome [Rhodopseudomonas infernalis]
WP_448990821.1	other	Luteitalea sp.	208.1	243.9	WP_448990821.1 DmsE family decaheme c-type cytochrome [Luteitalea sp.]
WP_347262107.1	other	Rudaea sp.	207.9	291.2	WP_347262107.1 DmsE family decaheme c-type cytochrome [Rudaea sp.]
WP_455403675.1	other	Rhodopseudomonas parapalustris	207.7	276.1	WP_455403675.1 DmsE family decaheme c-type cytochrome [Rhodopseudomonas parapalustris]
WP_324128519.1	other	Aromatoleum sp.	206.7	327.7	WP_324128519.1 DmsE family decaheme c-type cytochrome [Aromatoleum sp.]
BGR97328.1	other	Desulfuromusa ferrireducens	206.6	247.5	BGR97328.1 DmsE family decaheme c-type cytochrome [Desulfuromusa ferrireducens]
WP_464262928.1	other	Desulfuromusa ferrireducens	206.6	247.5	WP_464262928.1 DmsE family decaheme c-type cytochrome [Desulfuromusa ferrireducens]
WP_428104892.1	other	Candidatus Binatus sp.	206.1	227.9	WP_428104892.1 DmsE family decaheme c-type cytochrome [Candidatus Binatus sp.]
WP_164603924.1	other	Rhodopseudomonas sp. BR0M22	205.7	274.6	WP_164603924.1 DmsE family decaheme c-type cytochrome [Rhodopseudomonas sp. BR0M22]
WP_415216527.1	other	Rhodopseudomonas sp.	205.7	274.6	WP_415216527.1 DmsE family decaheme c-type cytochrome [Rhodopseudomonas sp.]
KAB2964835.1	other	Thermoanaerobaculia bacterium	205.7	238.3	KAB2964835.1 MAG: DmsE family decaheme c-type cytochrome [Thermoanaerobaculia bacterium]
WP_137913505.1	other	unclassified Rudaea	205.6	296.2	WP_137913505.1 MULTISPECIES: DmsE family decaheme c-type cytochrome [unclassified Rudaea]
WP_110787415.1	other	Rhodopseudomonas palustris	205.3	274.9	WP_110787415.1 DmsE family decaheme c-type cytochrome [Rhodopseudomonas palustris]
WP_464927453.1	other	Thiovibrio sp. Mzg5	205.2	245.4	WP_464927453.1 DmsE family decaheme c-type cytochrome [Thiovibrio sp. Mzg5]
WP_164633467.1	other	Rhodopseudomonas sp. WA056	205.2	277.2	WP_164633467.1 DmsE family decaheme c-type cytochrome, partial [Rhodopseudomonas sp. WA056]
WP_234803284.1	other	Rhodopseudomonas palustris	205.1	274.8	WP_234803284.1 DmsE family decaheme c-type cytochrome [Rhodopseudomonas palustris]
WP_246701440.1	other	Rhodopseudomonas sp. BR0G17	205.1	273.6	WP_246701440.1 DmsE family decaheme c-type cytochrome [Rhodopseudomonas sp. BR0G17]
WP_263990560.1	other	Rhodopseudomonas palustris	205.1	273.8	WP_263990560.1 DmsE family decaheme c-type cytochrome [Rhodopseudomonas palustris]
RPJ43548.1	other	Deltaproteobacteria bacterium	205.1	259.3	RPJ43548.1 MAG: DmsE family decaheme c-type cytochrome [Deltaproteobacteria bacterium]
WCL90879.1	other	Rhodopseudomonas palustris CGA009	205.1	274.8	WCL90879.1 DmsE family decaheme c-type cytochrome [Rhodopseudomonas palustris CGA009]
WND52347.1	other	Rhodopseudomonas palustris	205.1	274.8	WND52347.1 DmsE family decaheme c-type cytochrome [Rhodopseudomonas palustris]
WP_430624921.1	other	Rhodopseudomonas sp. P1	205.1	273.5	WP_430624921.1 DmsE family decaheme c-type cytochrome [Rhodopseudomonas sp. P1]
WAB78443.1	other	Rhodopseudomonas palustris	205.1	274.8	WAB78443.1 DmsE family decaheme c-type cytochrome [Rhodopseudomonas palustris]
WP_245264885.1	other	Rhodopseudomonas palustris	205.0	273.6	WP_245264885.1 DmsE family decaheme c-type cytochrome [Rhodopseudomonas palustris]
WP_271101735.1	other	Rhodopseudomonas palustris	205.0	275.8	WP_271101735.1 DmsE family decaheme c-type cytochrome [Rhodopseudomonas palustris]
WP_234832172.1	other	Rhodopseudomonas palustris	205.0	273.8	WP_234832172.1 DmsE family decaheme c-type cytochrome [Rhodopseudomonas palustris]
WP_414531736.1	other	Rhodopseudomonas sp. G2_2311	205.0	273.5	WP_414531736.1 DmsE family decaheme c-type cytochrome [Rhodopseudomonas sp. G2_2311]
WBU30632.1	other	Rhodopseudomonas palustris	205.0	275.8	WBU30632.1 DmsE family decaheme c-type cytochrome [Rhodopseudomonas palustris]
WP_142884118.1	other	Rhodopseudomonas palustris	204.9	276.8	WP_142884118.1 DmsE family decaheme c-type cytochrome [Rhodopseudomonas palustris]
WP_136385636.1	other	Pseudothauera rhizosphaerae	204.9	329.4	WP_136385636.1 DmsE family decaheme c-type cytochrome [Pseudothauera rhizosphaerae]
QDM00024.1	other	Rhodopseudomonas palustris	204.9	276.8	QDM00024.1 DmsE family decaheme c-type cytochrome [Rhodopseudomonas palustris]
THF60334.1	other	Pseudothauera rhizosphaerae	204.9	329.4	THF60334.1 DmsE family decaheme c-type cytochrome [Pseudothauera rhizosphaerae]
WP_107354222.1	other	Rhodopseudomonas palustris	204.8	273.1	WP_107354222.1 DmsE family decaheme c-type cytochrome [Rhodopseudomonas palustris]
XAT74111.1	other	Rhodopseudomonas sp. P1	204.8	273.1	XAT74111.1 DmsE family decaheme c-type cytochrome [Rhodopseudomonas sp. P1]
WP_415193730.1	other	Rhodopseudomonas sp.	204.8	272.2	WP_415193730.1 DmsE family decaheme c-type cytochrome [Rhodopseudomonas sp.]
WP_205523606.1	other	Rhodopseudomonas sp. BR0C11	204.8	273.5	WP_205523606.1 DmsE family decaheme c-type cytochrome, partial [Rhodopseudomonas sp. BR0C11]
WP_107342932.1	other	Rhodopseudomonas palustris	204.8	273.1	WP_107342932.1 DmsE family decaheme c-type cytochrome [Rhodopseudomonas palustris]
WP_479552192.1	other	Rhodopseudomonas palustris	204.8	273.2	WP_479552192.1 DmsE family decaheme c-type cytochrome [Rhodopseudomonas palustris]
RJF63693.1	other	Rhodopseudomonas palustris	204.8	274.3	RJF63693.1 DmsE family decaheme c-type cytochrome [Rhodopseudomonas palustris]
QLH69944.1	other	Rhodopseudomonas palustris	204.7	273.3	QLH69944.1 DmsE family decaheme c-type cytochrome [Rhodopseudomonas palustris]
RIA03498.1	other	Rhodopseudomonas palustris	204.7	273.3	RIA03498.1 DmsE family decaheme c-type cytochrome [Rhodopseudomonas palustris]
UYO54565.1	other	Rhodopseudomonas palustris	204.7	272.9	UYO54565.1 DmsE family decaheme c-type cytochrome [Rhodopseudomonas palustris]
WP_264054239.1	other	Rhodopseudomonas palustris	204.7	272.9	WP_264054239.1 DmsE family decaheme c-type cytochrome [Rhodopseudomonas palustris]
UYO46730.1	other	Rhodopseudomonas palustris	204.7	273.3	UYO46730.1 DmsE family decaheme c-type cytochrome [Rhodopseudomonas palustris]
WP_476469989.1	other	Sutterella wadsworthensis	204.7	222.0	WP_476469989.1 DmsE family decaheme c-type cytochrome [Sutterella wadsworthensis]
UYO49771.1	other	Rhodopseudomonas palustris	204.7	272.9	UYO49771.1 DmsE family decaheme c-type cytochrome [Rhodopseudomonas palustris]
QQR75719.1	other	Holophagales bacterium	204.6	256.8	QQR75719.1 MAG: DmsE family decaheme c-type cytochrome [Holophagales bacterium]
RPH93427.1	other	Lysobacterales bacterium	204.5	232.8	RPH93427.1 MAG: DmsE family decaheme c-type cytochrome, partial [Lysobacterales bacterium]
WP_424673489.1	other	Candidatus Binatus sp.	204.4	222.5	WP_424673489.1 DmsE family decaheme c-type cytochrome [Candidatus Binatus sp.]
WP_337494104.1	other	Sutterella wadsworthensis	204.4	217.7	WP_337494104.1 DmsE family decaheme c-type cytochrome, partial [Sutterella wadsworthensis]
WP_171163024.1	other	Usitatibacter palustris	204.4	254.5	WP_171163024.1 DmsE family decaheme c-type cytochrome [Usitatibacter palustris]
WP_165658635.1	other	Sutterella wadsworthensis	204.2	218.0	WP_165658635.1 DmsE family decaheme c-type cytochrome [Sutterella wadsworthensis]
WP_165654419.1	other	Sutterella wadsworthensis	204.2	217.9	WP_165654419.1 DmsE family decaheme c-type cytochrome [Sutterella wadsworthensis]
WP_417215786.1	other	Sutterella wadsworthensis	204.2	213.3	WP_417215786.1 DmsE family decaheme c-type cytochrome, partial [Sutterella wadsworthensis]
WP_442319201.1	other	Candidatus Binatus sp.	204.2	222.8	WP_442319201.1 DmsE family decaheme c-type cytochrome [Candidatus Binatus sp.]
WP_337497855.1	other	Sutterella wadsworthensis	204.1	212.8	WP_337497855.1 DmsE family decaheme c-type cytochrome, partial [Sutterella wadsworthensis]
WAC06466.1	other	Thermodesulfobacteriota bacterium	204.0	245.6	WAC06466.1 MAG: DmsE family decaheme c-type cytochrome [Thermodesulfobacteriota bacterium]
WP_005432038.1	other	Sutterella	203.9	220.9	WP_005432038.1 MULTISPECIES: DmsE family decaheme c-type cytochrome [Sutterella]
BFK78126.1	other	Sutterella wadsworthensis	203.9	220.9	BFK78126.1 DmsE family decaheme c-type cytochrome [Sutterella wadsworthensis]
WP_051553874.1	other	Desulfobulbus elongatus	203.8	226.8	WP_051553874.1 DmsE family decaheme c-type cytochrome [Desulfobulbus elongatus]
WP_165648945.1	other	Sutterella wadsworthensis	203.8	218.6	WP_165648945.1 DmsE family decaheme c-type cytochrome [Sutterella wadsworthensis]
WP_153585246.1	other	Caenimonas koreensis	203.8	334.0	WP_153585246.1 DmsE family decaheme c-type cytochrome [Caenimonas koreensis]
WP_302245035.1	other	Sutterella wadsworthensis	203.8	220.5	WP_302245035.1 DmsE family decaheme c-type cytochrome [Sutterella wadsworthensis]
WP_201672250.1	other	Ramlibacter monticola	203.7	307.7	WP_201672250.1 DmsE family decaheme c-type cytochrome [Ramlibacter monticola]
WP_423948135.1	other	Candidatus Binatus sp.	203.5	230.1	WP_423948135.1 DmsE family decaheme c-type cytochrome [Candidatus Binatus sp.]
SPJ16646.1	other	Syntrophobacter sp. SbD2	203.3	244.6	SPJ16646.1 Decaheme c-type cytochrome, DmsE family (fragment) [Syntrophobacter sp. SbD2]
WP_417203999.1	other	Sutterella wadsworthensis	203.2	220.0	WP_417203999.1 DmsE family decaheme c-type cytochrome [Sutterella wadsworthensis]
WP_276156950.1	other	Rhodopseudomonas sp. BAL398	203.2	261.2	WP_276156950.1 DmsE family decaheme c-type cytochrome [Rhodopseudomonas sp. BAL398]
WP_047309297.1	other	Rhodopseudomonas palustris	203.1	275.5	WP_047309297.1 DmsE family decaheme c-type cytochrome [Rhodopseudomonas palustris]
WOK20051.1	other	Rhodopseudomonas sp. BAL398	202.6	260.2	WOK20051.1 DmsE family decaheme c-type cytochrome [Rhodopseudomonas sp. BAL398]
WP_234707519.1	other	Rhodopseudomonas	202.6	260.2	WP_234707519.1 MULTISPECIES: DmsE family decaheme c-type cytochrome [Rhodopseudomonas]
WP_417226566.1	other	Sutterella wadsworthensis	202.5	218.3	WP_417226566.1 DmsE family decaheme c-type cytochrome [Sutterella wadsworthensis]
WP_320371325.1	other	Trichlorobacter sp.	202.5	230.3	WP_320371325.1 DmsE family decaheme c-type cytochrome [Trichlorobacter sp.]
WP_331960356.1	other	Candidatus Binatus sp.	202.4	231.3	WP_331960356.1 DmsE family decaheme c-type cytochrome [Candidatus Binatus sp.]
XOV90435.1	other	Pseudomonadota bacterium	202.4	211.7	XOV90435.1 MAG: DmsE family decaheme c-type cytochrome [Pseudomonadota bacterium]
KAB2959039.1	other	Thermoanaerobaculia bacterium	202.2	251.4	KAB2959039.1 MAG: DmsE family decaheme c-type cytochrome [Thermoanaerobaculia bacterium]
WP_165653066.1	other	Sutterella wadsworthensis	202.1	215.5	WP_165653066.1 DmsE family decaheme c-type cytochrome [Sutterella wadsworthensis]
WP_302445472.1	other	Sutterella wadsworthensis	202.1	218.0	WP_302445472.1 DmsE family decaheme c-type cytochrome [Sutterella wadsworthensis]
WP_284153535.1	other	Desulfofustis limnaeus	202.1	217.5	WP_284153535.1 DmsE family decaheme c-type cytochrome [Desulfofustis limnaeus]
WP_340349947.1	other	Ramlibacter sp. AN1133	201.6	306.1	WP_340349947.1 DmsE family decaheme c-type cytochrome [Ramlibacter sp. AN1133]
WP_239492546.1	other	Luteitalea sp. TBR-22	201.5	235.7	WP_239492546.1 DmsE family decaheme c-type cytochrome [Luteitalea sp. TBR-22]
WP_418862066.1	other	Sutterella wadsworthensis	201.4	219.8	WP_418862066.1 DmsE family decaheme c-type cytochrome [Sutterella wadsworthensis]
WP_414709607.1	other	Rhodopseudomonas sp.	201.4	264.0	WP_414709607.1 DmsE family decaheme c-type cytochrome [Rhodopseudomonas sp.]
RPJ81010.1	other	Acidobacteriota bacterium	201.3	229.0	RPJ81010.1 MAG: DmsE family decaheme c-type cytochrome, partial [Acidobacteriota bacterium]
WP_279177522.1	other	Sutterella wadsworthensis	200.4	218.8	WP_279177522.1 DmsE family decaheme c-type cytochrome [Sutterella wadsworthensis]
WP_302016558.1	other	Sutterella wadsworthensis	200.2	216.8	WP_302016558.1 DmsE family decaheme c-type cytochrome [Sutterella wadsworthensis]
WP_410100802.1	other	Sutterella wadsworthensis	200.2	217.0	WP_410100802.1 DmsE family decaheme c-type cytochrome [Sutterella wadsworthensis]
WP_246432947.1	other	Rhodopseudomonas rhenobacensis	199.9	262.2	WP_246432947.1 DmsE family decaheme c-type cytochrome [Rhodopseudomonas rhenobacensis]
EHR69672.1	other	Burkholderiales bacterium JOSHI_001	199.8	284.4	EHR69672.1 decaheme c-type cytochrome, DmsE family [Burkholderiales bacterium JOSHI_001]
WP_149808440.1	other	Salmonella enterica	199.7	212.3	WP_149808440.1 DmsE family decaheme c-type cytochrome, partial [Salmonella enterica]
WP_415914715.1	other	Rhodopseudomonas palustris	198.9	256.0	WP_415914715.1 DmsE family decaheme c-type cytochrome [Rhodopseudomonas palustris]
WP_300737147.1	other	Trichlorobacter sp.	198.4	227.3	WP_300737147.1 DmsE family decaheme c-type cytochrome [Trichlorobacter sp.]
WP_309412326.1	other	Desulfobulbus sp.	198.4	221.8	WP_309412326.1 DmsE family decaheme c-type cytochrome [Desulfobulbus sp.]
WP_205235099.1	other	Desulfopila inferna	197.7	225.9	WP_205235099.1 DmsE family decaheme c-type cytochrome [Desulfopila inferna]
WP_254048166.1	other	Uliginosibacterium sp. TH139	197.5	351.8	WP_254048166.1 DmsE family decaheme c-type cytochrome [Uliginosibacterium sp. TH139]
WP_235943839.1	other	Uliginosibacterium aquaticum	197.2	351.8	WP_235943839.1 DmsE family decaheme c-type cytochrome [Uliginosibacterium aquaticum]
RPI97150.1	other	Candidatus Aminicenantota bacterium	197.0	231.4	RPI97150.1 MAG: DmsE family decaheme c-type cytochrome, partial [Candidatus Aminicenantota bacterium]
YEC20455.1	other	Desulfuromonadaceae bacterium NS4ri1	197.0	221.9	YEC20455.1 DmsE family decaheme c-type cytochrome [Desulfuromonadaceae bacterium NS4ri1]
KAB2890252.1	other	Desulfobulbaceae bacterium	196.9	220.9	KAB2890252.1 MAG: DmsE family decaheme c-type cytochrome [Desulfobulbaceae bacterium]
WP_316703516.1	other	Piscinibacter gummiphilus	196.4	267.6	WP_316703516.1 DmsE family decaheme c-type cytochrome [Piscinibacter gummiphilus]
WOB10616.1	other	Piscinibacter gummiphilus	196.4	267.6	WOB10616.1 DmsE family decaheme c-type cytochrome [Piscinibacter gummiphilus]
RJX25019.1	other	Desulfurivibrio sp.	196.2	221.4	RJX25019.1 MAG: DmsE family decaheme c-type cytochrome [Desulfurivibrio sp.]
WP_423124462.1	other	Hydrosulfovibrio ferrireducens	195.9	232.4	WP_423124462.1 DmsE family decaheme c-type cytochrome [Hydrosulfovibrio ferrireducens]
WP_310599358.1	other	Desulfobulbus sp.	195.8	222.5	WP_310599358.1 DmsE family decaheme c-type cytochrome [Desulfobulbus sp.]
TDB39250.1	other	Deltaproteobacteria bacterium	195.3	231.6	TDB39250.1 MAG: DmsE family decaheme c-type cytochrome [Deltaproteobacteria bacterium]
WP_161949896.1	other	Desulfofustis glycolicus	195.0	231.8	WP_161949896.1 DmsE family decaheme c-type cytochrome [Desulfofustis glycolicus]
SHI10866.1	other	Desulfofustis glycolicus DSM 9705	194.9	231.7	SHI10866.1 decaheme c-type cytochrome, DmsE family [Desulfofustis glycolicus DSM 9705]
WP_291560464.1	other	Bradyrhizobium sp.	194.8	235.9	WP_291560464.1 DmsE family decaheme c-type cytochrome, partial [Bradyrhizobium sp.]
THD53304.1	other	Bradyrhizobium sp.	194.8	235.9	THD53304.1 MAG: DmsE family decaheme c-type cytochrome, partial [Bradyrhizobium sp.]
WP_307632595.1	other	Thiovibrio frasassiensis	193.4	227.2	WP_307632595.1 DmsE family decaheme c-type cytochrome [Thiovibrio frasassiensis]
WP_424669407.1	other	Candidatus Binatus sp.	193.3	206.9	WP_424669407.1 DmsE family decaheme c-type cytochrome, partial [Candidatus Binatus sp.]
EVU08236.1	other	Vibrio parahaemolyticus VP2007-007	192.3	167.0	EVU08236.1 decaheme c-type cytochrome, DmsE family protein [Vibrio parahaemolyticus VP2007-007]
WP_459947465.1	other	Desulfocastanea catecholica	192.2	219.9	WP_459947465.1 DmsE family decaheme c-type cytochrome [Desulfocastanea catecholica]
WP_394626291.1	other	Vibrio diabolicus	192.1	167.0	WP_394626291.1 DmsE family decaheme c-type cytochrome [Vibrio diabolicus]
WP_232426460.1	other	Desulfuromonas soudanensis	191.9	218.1	WP_232426460.1 DmsE family decaheme c-type cytochrome [Desulfuromonas soudanensis]
RJR32715.1	other	Deltaproteobacteria bacterium	190.9	238.2	RJR32715.1 MAG: DmsE family decaheme c-type cytochrome [Deltaproteobacteria bacterium]
WP_201316309.1	other	Dyella sp. EPa41	189.7	229.2	WP_201316309.1 DmsE family decaheme c-type cytochrome, partial [Dyella sp. EPa41]
WP_259345016.1	other	Vibrio diabolicus	189.6	165.6	WP_259345016.1 DmsE family decaheme c-type cytochrome [Vibrio diabolicus]
EKD36462.1	other	uncultured bacterium	189.1	210.0	EKD36462.1 MAG: decaheme C-type cytochrome, DmsE family [uncultured bacterium]
WP_330081925.1	Shewanella_DmsE	Shewanella xiamenensis	187.5	158.5	WP_330081925.1 DmsE family decaheme c-type cytochrome [Shewanella xiamenensis]
IAA31172.1	other	Nitrospirota bacterium	187.5	204.1	IAA31172.1 MAG TPA: DmsE family decaheme c-type cytochrome [Nitrospirota bacterium]
WP_423968669.1	other	Candidatus Binatus sp.	187.4	230.4	WP_423968669.1 DmsE family decaheme c-type cytochrome [Candidatus Binatus sp.]
RJX31863.1	other	Desulfurivibrio sp.	187.4	192.5	RJX31863.1 MAG: DmsE family decaheme c-type cytochrome [Desulfurivibrio sp.]
WP_410098229.1	other	Sutterella wadsworthensis	187.3	210.4	WP_410098229.1 DmsE family decaheme c-type cytochrome, partial [Sutterella wadsworthensis]
WP_010941884.1	other	Geobacter sulfurreducens	186.1	185.3	WP_010941884.1 DmsE family decaheme c-type cytochrome [Geobacter sulfurreducens]
UAC05257.1	other	Geobacter sulfurreducens	186.1	185.3	UAC05257.1 DmsE family decaheme c-type cytochrome [Geobacter sulfurreducens]
QVW36443.1	other	Geobacter sulfurreducens	186.1	185.3	QVW36443.1 DmsE family decaheme c-type cytochrome [Geobacter sulfurreducens]
WP_014551551.1	other	Geobacter sulfurreducens	186.1	185.2	WP_014551551.1 DmsE family decaheme c-type cytochrome [Geobacter sulfurreducens]
UTG93894.1	other	Geobacter sulfurreducens	185.7	185.0	UTG93894.1 DmsE family decaheme c-type cytochrome [Geobacter sulfurreducens]
WP_254278464.1	other	Geobacter sulfurreducens	185.7	185.0	WP_254278464.1 DmsE family decaheme c-type cytochrome [Geobacter sulfurreducens]
WP_039742766.1	other	Geobacter pickeringii	185.5	202.9	WP_039742766.1 DmsE family decaheme c-type cytochrome [Geobacter pickeringii]
WP_424253031.1	other	Desulfoprunum sp.	185.2	210.9	WP_424253031.1 DmsE family decaheme c-type cytochrome [Desulfoprunum sp.]
RMG03152.1	other	Nitrospirota bacterium	185.1	203.3	RMG03152.1 MAG: DmsE family decaheme c-type cytochrome [Nitrospirota bacterium]
RMF47274.1	other	Deltaproteobacteria bacterium	184.8	188.8	RMF47274.1 MAG: DmsE family decaheme c-type cytochrome [Deltaproteobacteria bacterium]
RPH56977.1	other	Acidobacteriota bacterium	184.7	245.3	RPH56977.1 MAG: DmsE family decaheme c-type cytochrome [Acidobacteriota bacterium]
QSV45525.1	other	Geobacter benzoatilyticus	184.5	227.2	QSV45525.1 DmsE family decaheme c-type cytochrome [Geobacter benzoatilyticus]
UKL14091.1	other	Dissulfurimicrobium hydrothermale	184.3	208.3	UKL14091.1 DmsE family decaheme c-type cytochrome [Dissulfurimicrobium hydrothermale]
WP_253961446.1	other	Desulfuromonas sp. KJ2020	183.9	189.3	WP_253961446.1 DmsE family decaheme c-type cytochrome [Desulfuromonas sp. KJ2020]
GAB6081929.1	other	Desulfuromonas carbonis	183.7	190.6	GAB6081929.1 DmsE family decaheme c-type cytochrome [Desulfuromonas carbonis]
WP_066727286.1	other	Desulfuromonas	183.7	190.6	WP_066727286.1 MULTISPECIES: DmsE family decaheme c-type cytochrome [Desulfuromonas]
SDZ84054.1	other	Desulfuromusa kysingii	183.5	202.4	SDZ84054.1 decaheme c-type cytochrome, DmsE family [Desulfuromusa kysingii]
BET58626.1	other	Geobacter sp. 60473	183.4	183.5	BET58626.1 DmsE family decaheme c-type cytochrome [Geobacter sp. 60473]
BEH10781.1	other	Geobacter sulfurreducens subsp. ethanolicus	183.4	183.5	BEH10781.1 DmsE family decaheme c-type cytochrome [Geobacter sulfurreducens subsp. ethanolicus]
WP_286350085.1	other	Geobacter	183.4	183.5	WP_286350085.1 MULTISPECIES: DmsE family decaheme c-type cytochrome [Geobacter]
WP_324312249.1	other	Geobacter sulfurreducens	183.3	183.7	WP_324312249.1 DmsE family decaheme c-type cytochrome [Geobacter sulfurreducens]
GAB4390360.1	other	Thermodesulfovibrionales bacterium	183.0	200.8	GAB4390360.1 MAG: DmsE family decaheme c-type cytochrome [Thermodesulfovibrionales bacterium]
SKA07621.1	other	Trichlorobacter thiogenes	182.9	223.0	SKA07621.1 decaheme c-type cytochrome, DmsE family [Trichlorobacter thiogenes]
WP_078790805.1	other	Trichlorobacter thiogenes	182.9	223.0	WP_078790805.1 DmsE family decaheme c-type cytochrome [Trichlorobacter thiogenes]
SHI54061.1	other	Malonomonas rubra DSM 5091	182.8	223.1	SHI54061.1 decaheme c-type cytochrome, DmsE family [Malonomonas rubra DSM 5091]
WP_214185287.1	other	Geobacter hydrogenophilus	182.0	187.5	WP_214185287.1 DmsE family decaheme c-type cytochrome [Geobacter hydrogenophilus]
WP_298439953.1	other	Geobacter sp.	181.7	205.8	WP_298439953.1 DmsE family decaheme c-type cytochrome [Geobacter sp.]
TLM67354.1	other	Deltaproteobacteria bacterium	181.7	190.0	TLM67354.1 MAG: DmsE family decaheme c-type cytochrome [Deltaproteobacteria bacterium]
WP_039645577.1	other	Geobacter anodireducens	180.7	184.5	WP_039645577.1 DmsE family decaheme c-type cytochrome [Geobacter anodireducens]
WP_225897380.1	other	Desulfuromonas sp. AOP6	180.3	186.8	WP_225897380.1 DmsE family decaheme c-type cytochrome [Desulfuromonas sp. AOP6]
WP_282003841.1	other	Geotalea uraniireducens	180.2	199.7	WP_282003841.1 DmsE family decaheme c-type cytochrome [Geotalea uraniireducens]
WP_226989319.1	other	Desulfuromonas sp. TF	179.9	203.2	WP_226989319.1 DmsE family decaheme c-type cytochrome [Desulfuromonas sp. TF]
RMF43223.1	other	Deltaproteobacteria bacterium	179.4	194.5	RMF43223.1 MAG: DmsE family decaheme c-type cytochrome [Deltaproteobacteria bacterium]
UFS69244.1	other	Geomonas sp. RF6	178.0	198.9	UFS69244.1 DmsE family decaheme c-type cytochrome [Geomonas sp. RF6]
WP_230994730.1	other	Geomonas sp. RF6	178.0	198.9	WP_230994730.1 DmsE family decaheme c-type cytochrome [Geomonas sp. RF6]
IAA32431.1	other	Geothermobacteraceae bacterium	177.9	193.1	IAA32431.1 MAG TPA: DmsE family decaheme c-type cytochrome [Geothermobacteraceae bacterium]
WP_432822226.1	other	Trichloromonas sp.	177.8	200.3	WP_432822226.1 DmsE family decaheme c-type cytochrome [Trichloromonas sp.]
WP_004513360.1	other	Geobacter	177.6	191.6	WP_004513360.1 MULTISPECIES: DmsE family decaheme c-type cytochrome [Geobacter]
EHP86313.1	other	Geobacter metallireducens RCH3	177.6	191.6	EHP86313.1 decaheme c-type cytochrome, DmsE family [Geobacter metallireducens RCH3]
WP_298267546.1	other	Geobacter sp.	177.5	198.6	WP_298267546.1 DmsE family decaheme c-type cytochrome [Geobacter sp.]
GAB4484471.1	other	Thermodesulfovibrionales bacterium	177.2	180.4	GAB4484471.1 MAG: DmsE family decaheme c-type cytochrome [Thermodesulfovibrionales bacterium]
RME68408.1	other	Nitrospirota bacterium	176.9	185.1	RME68408.1 MAG: DmsE family decaheme c-type cytochrome [Nitrospirota bacterium]
RQW78787.1	other	Geobacter sp.	176.8	200.0	RQW78787.1 MAG: DmsE family decaheme c-type cytochrome, partial [Geobacter sp.]
WP_207163179.1	other	Geobacter benzoatilyticus	176.4	181.6	WP_207163179.1 DmsE family decaheme c-type cytochrome [Geobacter benzoatilyticus]
QSV45374.1	other	Geobacter benzoatilyticus	176.4	181.6	QSV45374.1 DmsE family decaheme c-type cytochrome [Geobacter benzoatilyticus]
WP_324083228.1	other	Geomonas sp.	175.6	204.2	WP_324083228.1 DmsE family decaheme c-type cytochrome [Geomonas sp.]
TYO98539.1	other	Geothermobacter ehrlichii	175.4	211.6	TYO98539.1 DmsE family decaheme c-type cytochrome [Geothermobacter ehrlichii]
WP_246140215.1	other	Geothermobacter ehrlichii	175.2	211.9	WP_246140215.1 DmsE family decaheme c-type cytochrome [Geothermobacter ehrlichii]
YDP76266.1	other	Geothermobacter ehrlichii	175.2	211.9	YDP76266.1 DmsE family decaheme c-type cytochrome [Geothermobacter ehrlichii]
GAB4179025.1	other	Geothermobacteraceae bacterium	175.1	194.3	GAB4179025.1 MAG: DmsE family decaheme c-type cytochrome [Geothermobacteraceae bacterium]
GAB4563278.1	other	Geothermobacteraceae bacterium	175.1	194.3	GAB4563278.1 MAG: DmsE family decaheme c-type cytochrome [Geothermobacteraceae bacterium]
UCG78150.1	other	Nitrospirota bacterium	175.1	181.3	UCG78150.1 MAG: DmsE family decaheme c-type cytochrome [Nitrospirota bacterium]
UTG91575.1	other	Geobacter sulfurreducens	174.7	217.9	UTG91575.1 DmsE family decaheme c-type cytochrome [Geobacter sulfurreducens]
UAC02921.1	other	Geobacter sulfurreducens	174.7	217.9	UAC02921.1 DmsE family decaheme c-type cytochrome [Geobacter sulfurreducens]
QVW34062.1	other	Geobacter sulfurreducens	174.4	215.6	QVW34062.1 DmsE family decaheme c-type cytochrome [Geobacter sulfurreducens]
TAN38057.1	other	Nitrospirota bacterium	173.6	183.8	TAN38057.1 MAG: DmsE family decaheme c-type cytochrome [Nitrospirota bacterium]
RQW78086.1	other	Geobacter sp.	173.5	188.3	RQW78086.1 MAG: DmsE family decaheme c-type cytochrome [Geobacter sp.]
WP_448552561.1	other	Thiovibrio sp. JS02	173.1	209.5	WP_448552561.1 DmsE family decaheme c-type cytochrome [Thiovibrio sp. JS02]
SDE05076.1	other	Desulfuromonas thiophila	172.8	192.3	SDE05076.1 decaheme c-type cytochrome, DmsE family [Desulfuromonas thiophila]
TAL23884.1	other	Nitrospirota bacterium	172.7	184.3	TAL23884.1 MAG: DmsE family decaheme c-type cytochrome [Nitrospirota bacterium]
SDD97700.1	other	Desulfuromonas thiophila	172.6	210.0	SDD97700.1 decaheme c-type cytochrome, DmsE family [Desulfuromonas thiophila]
WP_448555786.1	other	Thiovibrio sp. JS02	171.9	188.0	WP_448555786.1 DmsE family decaheme c-type cytochrome [Thiovibrio sp. JS02]
UCG38302.1	other	bacterium	171.8	163.5	UCG38302.1 MAG: DmsE family decaheme c-type cytochrome [bacterium]
WP_320371756.1	other	Trichlorobacter sp.	171.6	186.7	WP_320371756.1 DmsE family decaheme c-type cytochrome [Trichlorobacter sp.]
KAA3631093.1	other	Calditrichota bacterium	171.5	194.9	KAA3631093.1 MAG: DmsE family decaheme c-type cytochrome [Calditrichota bacterium]
GAB4340880.1	other	Desulfobulbaceae bacterium	171.2	191.5	GAB4340880.1 MAG: DmsE family decaheme c-type cytochrome [Desulfobulbaceae bacterium]
RJX18646.1	other	Desulfobulbus sp.	171.0	202.5	RJX18646.1 MAG: DmsE family decaheme c-type cytochrome [Desulfobulbus sp.]
UCE25437.1	other	Candidatus Zixiibacteriota bacterium	170.4	189.0	UCE25437.1 MAG: DmsE family decaheme c-type cytochrome [Candidatus Zixiibacteriota bacterium]
RME31556.1	other	Candidatus Zixiibacteriota bacterium	170.2	201.4	RME31556.1 MAG: DmsE family decaheme c-type cytochrome [Candidatus Zixiibacteriota bacterium]
UCH33895.1	other	Armatimonadota bacterium	169.8	191.7	UCH33895.1 MAG: DmsE family decaheme c-type cytochrome [Armatimonadota bacterium]
RMG70564.1	other	Nitrospirota bacterium	169.6	191.6	RMG70564.1 MAG: DmsE family decaheme c-type cytochrome [Nitrospirota bacterium]
UCH44090.1	other	Nitrospiraceae bacterium	169.5	167.1	UCH44090.1 MAG: DmsE family decaheme c-type cytochrome [Nitrospiraceae bacterium]
IAA16516.1	other	Nitrospirota bacterium	169.2	192.0	IAA16516.1 MAG TPA: DmsE family decaheme c-type cytochrome [Nitrospirota bacterium]
WP_149307714.1	other	Oryzomonas rubra	169.1	184.6	WP_149307714.1 DmsE family decaheme c-type cytochrome [Oryzomonas rubra]
KAA0891351.1	other	Oryzomonas rubra	169.1	184.6	KAA0891351.1 DmsE family decaheme c-type cytochrome [Oryzomonas rubra]
KAB0671489.1	other	Oryzomonas sagensis	168.9	185.7	KAB0671489.1 DmsE family decaheme c-type cytochrome [Oryzomonas sagensis]
WP_151154945.1	other	Oryzomonas sagensis	168.9	185.7	WP_151154945.1 DmsE family decaheme c-type cytochrome [Oryzomonas sagensis]
WP_374045060.1	other	Geobacter sp. AOG2	168.5	185.3	WP_374045060.1 DmsE family decaheme c-type cytochrome [Geobacter sp. AOG2]
KAB0664462.1	other	Oryzomonas japonica	168.4	186.9	KAB0664462.1 DmsE family decaheme c-type cytochrome [Oryzomonas japonica]
UCF88300.1	other	bacterium	168.4	174.1	UCF88300.1 MAG: DmsE family decaheme c-type cytochrome [bacterium]
TRO83269.1	other	Trichloromonas acetexigens	168.4	197.5	TRO83269.1 DmsE family decaheme c-type cytochrome [Trichloromonas acetexigens]
WP_151128990.1	other	Oryzomonas japonica	168.4	186.9	WP_151128990.1 DmsE family decaheme c-type cytochrome [Oryzomonas japonica]
WP_214171113.1	other	Citrifermentans pelophilum	167.8	179.7	WP_214171113.1 DmsE family decaheme c-type cytochrome [Citrifermentans pelophilum]
WP_012647983.1	other	Geotalea daltonii	167.6	189.3	WP_012647983.1 DmsE family decaheme c-type cytochrome [Geotalea daltonii]
WP_231934386.1	other	Geobacter sp. DSM 9736	167.6	191.5	WP_231934386.1 DmsE family decaheme c-type cytochrome [Geobacter sp. DSM 9736]
SNB45785.1	other	Geobacter sp. DSM 9736	167.3	191.2	SNB45785.1 decaheme c-type cytochrome, DmsE family [Geobacter sp. DSM 9736]
WP_183363160.1	other	Geomonas limicola	167.3	192.9	WP_183363160.1 DmsE family decaheme c-type cytochrome [Geomonas limicola]
RNC69073.1	other	Desulfuromonadales bacterium	166.9	187.7	RNC69073.1 MAG: DmsE family decaheme c-type cytochrome [Desulfuromonadales bacterium]
WP_484090679.1	other	Geomonas sp.	166.7	190.0	WP_484090679.1 DmsE family decaheme c-type cytochrome [Geomonas sp.]
WP_214175171.1	other	Geomobilimonas luticola	166.6	190.2	WP_214175171.1 DmsE family decaheme c-type cytochrome [Geomobilimonas luticola]
WP_306532762.1	other	Geobacter sp.	166.3	189.3	WP_306532762.1 DmsE family decaheme c-type cytochrome [Geobacter sp.]
GAB7026108.1	other	Geotalea toluenoxydans	166.3	187.7	GAB7026108.1 DmsE family decaheme c-type cytochrome [Geotalea toluenoxydans]
WP_054694592.1	other	Geotalea toluenoxydans	166.3	187.7	WP_054694592.1 DmsE family decaheme c-type cytochrome [Geotalea toluenoxydans]
WP_041973270.1	other	Geobacter sp. OR-1	166.1	179.3	WP_041973270.1 DmsE family decaheme c-type cytochrome [Geobacter sp. OR-1]
WP_460596534.1	other	Geomonas sp. Red276	165.2	203.7	WP_460596534.1 DmsE family decaheme c-type cytochrome [Geomonas sp. Red276]
WP_482461010.1	other	Geobacter psychrophilus	165.0	182.7	WP_482461010.1 DmsE family decaheme c-type cytochrome [Geobacter psychrophilus]
WP_026840642.1	other	Citrifermentans bremense	164.9	193.7	WP_026840642.1 DmsE family decaheme c-type cytochrome [Citrifermentans bremense]
WP_158752113.1	other	Acidobacterium sp. S8	164.8	157.0	WP_158752113.1 DmsE family decaheme c-type cytochrome [Acidobacterium sp. S8]
WP_250678553.1	other	Geomonas sp. Red32	164.8	203.9	WP_250678553.1 DmsE family decaheme c-type cytochrome [Geomonas sp. Red32]
RPI49063.1	other	Deltaproteobacteria bacterium	164.7	175.7	RPI49063.1 MAG: DmsE family decaheme c-type cytochrome, partial [Deltaproteobacteria bacterium]
TWJ19423.1	other	Geobacter argillaceus	164.5	188.7	TWJ19423.1 DmsE family decaheme c-type cytochrome [Geobacter argillaceus]
WP_145021662.1	other	Geobacter argillaceus	164.4	188.9	WP_145021662.1 DmsE family decaheme c-type cytochrome [Geobacter argillaceus]
WP_472345071.1	other	Geotalea uraniireducens	164.4	179.7	WP_472345071.1 DmsE family decaheme c-type cytochrome [Geotalea uraniireducens]
WP_085813462.1	other	Geoanaerobacter pelophilus	164.3	190.1	WP_085813462.1 DmsE family decaheme c-type cytochrome [Geoanaerobacter pelophilus]
WP_318836022.1	other	Desulfuromonas versatilis	164.0	185.5	WP_318836022.1 DmsE family decaheme c-type cytochrome [Desulfuromonas versatilis]
WP_185244565.1	other	Citrifermentans bremense	163.1	191.1	WP_185244565.1 DmsE family decaheme c-type cytochrome [Citrifermentans bremense]
UCD65508.1	other	Deltaproteobacteria bacterium	163.1	170.3	UCD65508.1 MAG: DmsE family decaheme c-type cytochrome [Deltaproteobacteria bacterium]
WP_183355602.1	other	Geomonas silvestris	162.4	191.1	WP_183355602.1 DmsE family decaheme c-type cytochrome [Geomonas silvestris]
WP_012531553.1	other	Citrifermentans bemidjiense	162.3	194.4	WP_012531553.1 DmsE family decaheme c-type cytochrome [Citrifermentans bemidjiense]
WP_214298906.1	other	Pelotalea chapellei	162.2	185.8	WP_214298906.1 DmsE family decaheme c-type cytochrome [Pelotalea chapellei]
TRO83921.1	other	Trichloromonas acetexigens	162.0	182.8	TRO83921.1 DmsE family decaheme c-type cytochrome [Trichloromonas acetexigens]
WP_092052821.1	other	Trichloromonas acetexigens	162.0	182.8	WP_092052821.1 DmsE family decaheme c-type cytochrome [Trichloromonas acetexigens]
WP_224960539.1	other	Geomonas subterranea	162.0	184.1	WP_224960539.1 DmsE family decaheme c-type cytochrome [Geomonas subterranea]
WP_216790805.1	other	Geomonas diazotrophica	161.9	186.1	WP_216790805.1 DmsE family decaheme c-type cytochrome [Geomonas diazotrophica]
QXE87720.1	other	Geomonas diazotrophica	161.9	186.1	QXE87720.1 DmsE family decaheme c-type cytochrome [Geomonas diazotrophica]
WP_216498361.1	other	Geomonas diazotrophica	161.9	186.1	WP_216498361.1 DmsE family decaheme c-type cytochrome [Geomonas diazotrophica]
QWV98537.1	other	Geomonas diazotrophica	161.9	186.1	QWV98537.1 DmsE family decaheme c-type cytochrome [Geomonas diazotrophica]
WP_183347967.1	other	Geomonas paludis	161.6	185.8	WP_183347967.1 DmsE family decaheme c-type cytochrome [Geomonas paludis]
UPU34881.1	other	Geomonas paludis	161.4	185.9	UPU34881.1 DmsE family decaheme c-type cytochrome [Geomonas paludis]
WP_248646518.1	other	Geomonas paludis	161.4	185.9	WP_248646518.1 DmsE family decaheme c-type cytochrome [Geomonas paludis]
WP_085949373.1	other	Geotalea uraniireducens	161.3	181.4	WP_085949373.1 DmsE family decaheme c-type cytochrome [Geotalea uraniireducens]
WP_223913377.1	other	Geobacter sp. AOG1	160.7	186.9	WP_223913377.1 DmsE family decaheme c-type cytochrome [Geobacter sp. AOG1]
WP_432818024.1	other	Trichloromonas sp.	160.5	188.2	WP_432818024.1 DmsE family decaheme c-type cytochrome [Trichloromonas sp.]
WP_216510150.1	other	Geomonas azotofigens	159.7	179.9	WP_216510150.1 DmsE family decaheme c-type cytochrome [Geomonas azotofigens]
QXM08996.1	other	Geomonas subterranea	159.5	181.1	QXM08996.1 DmsE family decaheme c-type cytochrome [Geomonas subterranea]
WP_217289438.1	other	Geomonas subterranea	159.5	181.1	WP_217289438.1 DmsE family decaheme c-type cytochrome [Geomonas subterranea]
QXE92899.1	other	Geomonas subterranea	159.5	181.1	QXE92899.1 DmsE family decaheme c-type cytochrome [Geomonas subterranea]
QWV94549.1	other	Geomonas oryzisoli	158.3	185.5	QWV94549.1 DmsE family decaheme c-type cytochrome [Geomonas oryzisoli]
WP_216801287.1	other	Geomonas oryzisoli	158.3	185.5	WP_216801287.1 DmsE family decaheme c-type cytochrome [Geomonas oryzisoli]
WP_129126869.1	other	Geomonas oryzae	157.9	193.7	WP_129126869.1 DmsE family decaheme c-type cytochrome [Geomonas oryzae]
WP_199386754.1	other	Geomesophilobacter sediminis	157.4	189.0	WP_199386754.1 DmsE family decaheme c-type cytochrome [Geomesophilobacter sediminis]
TGU71318.1	other	Geomonas terrae	157.3	193.7	TGU71318.1 DmsE family decaheme c-type cytochrome [Geomonas terrae]
WP_135870807.1	other	Geomonas	157.3	193.7	WP_135870807.1 MULTISPECIES: DmsE family decaheme c-type cytochrome [Geomonas]
WP_224983097.1	other	Geomonas agri	157.2	183.3	WP_224983097.1 DmsE family decaheme c-type cytochrome [Geomonas agri]
UCD63912.1	other	Candidatus Zixiibacteriota bacterium	157.1	201.2	UCD63912.1 MAG: DmsE family decaheme c-type cytochrome [Candidatus Zixiibacteriota bacterium]
WP_136524898.1	other	Geomonas ferrireducens	156.7	193.6	WP_136524898.1 DmsE family decaheme c-type cytochrome [Geomonas ferrireducens]
WP_199389153.1	other	Geomonas anaerohicana	156.5	178.9	WP_199389153.1 DmsE family decaheme c-type cytochrome [Geomonas anaerohicana]
TSK08392.1	other	Geobacter sp.	156.4	191.4	TSK08392.1 MAG: DmsE family decaheme c-type cytochrome [Geobacter sp.]
WP_243373509.1	other	Geotalea sp. SG265	156.2	187.6	WP_243373509.1 DmsE family decaheme c-type cytochrome [Geotalea sp. SG265]
WP_343221403.1	other	Lysobacter sp. H23M47	156.0	234.2	WP_343221403.1 DmsE family decaheme c-type cytochrome [Lysobacter sp. H23M47]
WP_263351912.1	other	Acidicapsa acidisoli	155.6	167.5	WP_263351912.1 DmsE family decaheme c-type cytochrome [Acidicapsa acidisoli]
WP_199394526.1	other	Geomonas propionica	155.0	186.2	WP_199394526.1 DmsE family decaheme c-type cytochrome [Geomonas propionica]
WP_472809028.1	other	Occallatibacter sp.	153.4	152.4	WP_472809028.1 DmsE family decaheme c-type cytochrome [Occallatibacter sp.]
UCF31328.1	other	bacterium	152.6	164.7	UCF31328.1 MAG: DmsE family decaheme c-type cytochrome [bacterium]
WP_213806608.1	other	Granulicella sp. dw_53	151.9	159.5	WP_213806608.1 DmsE family decaheme c-type cytochrome [Granulicella sp. dw_53]
WP_081800166.1	other	Thermoanaerobaculum aquaticum	151.8	165.4	WP_081800166.1 DmsE family decaheme c-type cytochrome, partial [Thermoanaerobaculum aquaticum]
GAB4299211.1	other	Desulfuromonadia bacterium	150.8	170.2	GAB4299211.1 MAG: DmsE family decaheme c-type cytochrome [Desulfuromonadia bacterium]
ADV82037.1	other	Terriglobus saanensis SP1PR4	147.8	164.7	ADV82037.1 decaheme c-type cytochrome, DmsE family [Terriglobus saanensis SP1PR4]
WP_013567770.1	other	Terriglobus saanensis	147.8	164.7	WP_013567770.1 DmsE family decaheme c-type cytochrome [Terriglobus saanensis]
WP_254059591.1	other	Granulicella sp. L46	147.7	150.9	WP_254059591.1 DmsE family decaheme c-type cytochrome [Granulicella sp. L46]
WP_180539255.1	other	Nevskia soli	147.7	157.6	WP_180539255.1 DmsE family decaheme c-type cytochrome [Nevskia soli]
WP_472816954.1	other	Occallatibacter sp.	147.6	154.7	WP_472816954.1 DmsE family decaheme c-type cytochrome [Occallatibacter sp.]
WP_465265972.1	other	Occallatibacter sp.	147.0	153.9	WP_465265972.1 DmsE family decaheme c-type cytochrome [Occallatibacter sp.]
RPJ50389.1	other	Methanobacteriota archaeon	146.9	150.8	RPJ50389.1 MAG: DmsE family decaheme c-type cytochrome [Methanobacteriota archaeon]
RPJ86014.1	other	Acidobacteriota bacterium	146.9	150.8	RPJ86014.1 MAG: DmsE family decaheme c-type cytochrome [Acidobacteriota bacterium]
WP_472812243.1	other	Occallatibacter sp.	146.8	150.3	WP_472812243.1 DmsE family decaheme c-type cytochrome [Occallatibacter sp.]
WP_472820595.1	other	Occallatibacter sp.	146.7	149.8	WP_472820595.1 DmsE family decaheme c-type cytochrome [Occallatibacter sp.]
WP_182276715.1	other	Granulicella sp. 5B5	146.6	153.0	WP_182276715.1 DmsE family decaheme c-type cytochrome [Granulicella sp. 5B5]
QMV19893.1	other	Granulicella sp. 5B5	146.6	153.0	QMV19893.1 DmsE family decaheme c-type cytochrome [Granulicella sp. 5B5]
WP_435044689.1	other	Paludibaculum fermentans	146.1	165.1	WP_435044689.1 DmsE family decaheme c-type cytochrome [Paludibaculum fermentans]
WP_370514292.1	other	Geobacter sp. FeAm09	146.0	174.0	WP_370514292.1 DmsE family decaheme c-type cytochrome [Geobacter sp. FeAm09]
WP_235011428.1	other	Bryocella elongata	145.8	151.7	WP_235011428.1 DmsE family decaheme c-type cytochrome [Bryocella elongata]
SEF91886.1	other	Bryocella elongata	145.2	151.6	SEF91886.1 decaheme c-type cytochrome, DmsE family [Bryocella elongata]
WP_026441613.1	other	Pseudacidobacterium ailaaui	145.1	151.9	WP_026441613.1 DmsE family decaheme c-type cytochrome [Pseudacidobacterium ailaaui]
RPJ53630.1	other	Acidobacteriota bacterium	144.8	150.9	RPJ53630.1 MAG: DmsE family decaheme c-type cytochrome [Acidobacteriota bacterium]
WP_011524627.1	other	Candidatus Korobacter versatilis	143.9	155.3	WP_011524627.1 DmsE family decaheme c-type cytochrome [Candidatus Korobacter versatilis]
KAA3619569.1	other	Calditrichota bacterium	143.6	180.3	KAA3619569.1 MAG: DmsE family decaheme c-type cytochrome [Calditrichota bacterium]
WP_263358962.1	other	Acidicapsa ligni	143.5	150.9	WP_263358962.1 DmsE family decaheme c-type cytochrome [Acidicapsa ligni]
WP_472805265.1	other	Occallatibacter sp.	142.9	154.2	WP_472805265.1 DmsE family decaheme c-type cytochrome [Occallatibacter sp.]
QOY89434.1	other	Paludibaculum fermentans	142.5	163.4	QOY89434.1 DmsE family decaheme c-type cytochrome [Paludibaculum fermentans]
WP_194451096.1	other	Paludibaculum fermentans	142.5	163.4	WP_194451096.1 DmsE family decaheme c-type cytochrome [Paludibaculum fermentans]
WP_082125367.1	other	Silvibacterium bohemicum	141.6	157.3	WP_082125367.1 DmsE family decaheme c-type cytochrome [Silvibacterium bohemicum]
TET69623.1	other	Candidatus Zixiibacteriota bacterium	141.6	179.3	TET69623.1 MAG: DmsE family decaheme c-type cytochrome [Candidatus Zixiibacteriota bacterium]
WP_321474868.1	other	uncultured Paludibaculum sp.	141.4	161.5	WP_321474868.1 DmsE family decaheme c-type cytochrome [uncultured Paludibaculum sp.]
WP_103931037.1	other	Bryocella elongata	141.4	140.3	WP_103931037.1 DmsE family decaheme c-type cytochrome [Bryocella elongata]
SEF44517.1	other	Bryocella elongata	141.4	140.3	SEF44517.1 decaheme c-type cytochrome, DmsE family [Bryocella elongata]
WP_051669440.1	other	Bryobacter aggregatus	141.1	177.5	WP_051669440.1 DmsE family decaheme c-type cytochrome [Bryobacter aggregatus]
WP_348263179.1	other	Occallatibacter bavaricus	140.7	149.2	WP_348263179.1 DmsE family decaheme c-type cytochrome [Occallatibacter bavaricus]
XBH17953.1	other	Occallatibacter bavaricus	140.7	149.2	XBH17953.1 DmsE family decaheme c-type cytochrome [Occallatibacter bavaricus]
KAA6460204.1	other	Acidobacteria bacterium AB60	140.5	161.1	KAA6460204.1 DmsE family decaheme c-type cytochrome [Acidobacteria bacterium AB60]
XBH15270.1	other	Edaphobacter paludis	139.7	161.0	XBH15270.1 DmsE family decaheme c-type cytochrome [Edaphobacter paludis]
XBH11734.1	other	Edaphobacter paludis	139.7	161.0	XBH11734.1 DmsE family decaheme c-type cytochrome [Edaphobacter paludis]
WP_348269221.1	other	Edaphobacter paludis	139.7	161.0	WP_348269221.1 DmsE family decaheme c-type cytochrome [Edaphobacter paludis]
RPI28044.1	other	Acidobacteriota bacterium	138.1	145.8	RPI28044.1 MAG: DmsE family decaheme c-type cytochrome [Acidobacteriota bacterium]
WP_321477650.1	other	uncultured Paludibaculum sp.	137.9	161.9	WP_321477650.1 DmsE family decaheme c-type cytochrome [uncultured Paludibaculum sp.]
WP_472801709.1	other	Occallatibacter sp.	137.7	143.8	WP_472801709.1 DmsE family decaheme c-type cytochrome [Occallatibacter sp.]
WP_435045809.1	other	Paludibaculum fermentans	137.7	169.8	WP_435045809.1 DmsE family decaheme c-type cytochrome [Paludibaculum fermentans]
SFS18196.1	other	Granulicella pectinivorans	137.3	153.3	SFS18196.1 decaheme c-type cytochrome, DmsE family [Granulicella pectinivorans]
WP_089840859.1	other	Granulicella pectinivorans	137.3	153.3	WP_089840859.1 DmsE family decaheme c-type cytochrome [Granulicella pectinivorans]
QNI35066.1	other	Alloacidobacterium dinghuense	136.0	147.4	QNI35066.1 DmsE family decaheme c-type cytochrome [Alloacidobacterium dinghuense]
WP_251106351.1	other	Alloacidobacterium dinghuense	135.9	147.5	WP_251106351.1 DmsE family decaheme c-type cytochrome [Alloacidobacterium dinghuense]
WP_263368888.1	other	Edaphobacter bradus	135.8	151.7	WP_263368888.1 DmsE family decaheme c-type cytochrome [Edaphobacter bradus]
XQF65335.1	other	Telmatobacter bradus	135.8	166.3	XQF65335.1 DmsE family decaheme c-type cytochrome [Telmatobacter bradus]
WP_420237819.1	other	Telmatobacter bradus	135.8	166.3	WP_420237819.1 DmsE family decaheme c-type cytochrome [Telmatobacter bradus]
WP_053335109.1	other	Thermoanaerobaculum aquaticum	135.6	135.5	WP_053335109.1 DmsE family decaheme c-type cytochrome [Thermoanaerobaculum aquaticum]
WKU14717.1	other	Fervidibacter sacchari	135.1	142.5	WKU14717.1 DmsE family decaheme c-type cytochrome [Fervidibacter sacchari]
WP_259099033.1	other	Fervidibacter sacchari	135.1	142.5	WP_259099033.1 DmsE family decaheme c-type cytochrome [Fervidibacter sacchari]
WP_082661775.1	other	Occallatibacter gabretensis	134.9	146.8	WP_082661775.1 DmsE family decaheme c-type cytochrome [Occallatibacter gabretensis]
BGF25912.1	other	Terriglobales bacterium JemR1613	134.6	176.5	BGF25912.1 DmsE family decaheme c-type cytochrome [Terriglobales bacterium JemR1613]
WP_194451634.1	other	Paludibaculum fermentans	134.4	167.0	WP_194451634.1 DmsE family decaheme c-type cytochrome [Paludibaculum fermentans]
QOY89971.1	other	Paludibaculum fermentans	134.4	167.0	QOY89971.1 DmsE family decaheme c-type cytochrome [Paludibaculum fermentans]
WP_184221935.1	other	Granulicella aggregans	133.5	146.8	WP_184221935.1 DmsE family decaheme c-type cytochrome [Granulicella aggregans]
TAN22758.1	other	Acidobacteriota bacterium	132.4	178.2	TAN22758.1 MAG: DmsE family decaheme c-type cytochrome [Acidobacteriota bacterium]
RMF59714.1	other	Calditrichota bacterium	132.3	170.7	RMF59714.1 MAG: DmsE family decaheme c-type cytochrome [Calditrichota bacterium]
WP_260796119.1	other	Occallatibacter riparius	132.2	147.8	WP_260796119.1 DmsE family decaheme c-type cytochrome [Occallatibacter riparius]
UWZ86480.1	other	Occallatibacter riparius	132.2	147.8	UWZ86480.1 DmsE family decaheme c-type cytochrome [Occallatibacter riparius]
WP_050058580.1	other	Silvibacterium bohemicum	131.5	148.0	WP_050058580.1 DmsE family decaheme c-type cytochrome [Silvibacterium bohemicum]
WP_465268413.1	other	Occallatibacter sp.	130.8	145.9	WP_465268413.1 DmsE family decaheme c-type cytochrome [Occallatibacter sp.]
UCF37583.1	other	Acidobacteriota bacterium	130.6	132.9	UCF37583.1 MAG: DmsE family decaheme c-type cytochrome [Acidobacteriota bacterium]
WP_084080913.1	other	Edaphobacter aggregans	129.7	141.2	WP_084080913.1 DmsE family decaheme c-type cytochrome [Edaphobacter aggregans]
WP_263379439.1	other	Granulicella paludicola	128.5	127.7	WP_263379439.1 DmsE family decaheme c-type cytochrome [Granulicella paludicola]
RMG45347.1	other	Acidobacteriota bacterium	127.2	149.6	RMG45347.1 MAG: DmsE family decaheme c-type cytochrome [Acidobacteriota bacterium]
WP_239461758.1	other	Occallatibacter savannae	125.1	135.2	WP_239461758.1 DmsE family decaheme c-type cytochrome [Occallatibacter savannae]
SEM60797.1	other	Candidatus Frackibacter sp. WG12	124.4	130.2	SEM60797.1 decaheme c-type cytochrome, DmsE family [Candidatus Frackibacter sp. WG12]
SFL61138.1	other	Candidatus Frackibacter sp. WG13	124.4	130.2	SFL61138.1 decaheme c-type cytochrome, DmsE family [Candidatus Frackibacter sp. WG13]
SDC39913.1	other	Candidatus Frackibacter sp. WG11	124.4	130.2	SDC39913.1 decaheme c-type cytochrome, DmsE family [Candidatus Frackibacter sp. WG11]
WP_012680871.1	other	Acidobacterium	123.3	141.1	WP_012680871.1 MULTISPECIES: DmsE family decaheme c-type cytochrome [Acidobacterium]
QQS47782.1	other	Acidobacteriota bacterium	123.2	157.0	QQS47782.1 MAG: DmsE family decaheme c-type cytochrome [Acidobacteriota bacterium]
WP_236656863.1	other	Acidisarcina polymorpha	123.1	136.6	WP_236656863.1 DmsE family decaheme c-type cytochrome [Acidisarcina polymorpha]
GAB4255493.1	other	Acidobacteriota bacterium	121.3	115.5	GAB4255493.1 MAG: DmsE family decaheme c-type cytochrome [Acidobacteriota bacterium]
WP_263374528.1	other	Granulicella aggregans	120.8	124.7	WP_263374528.1 DmsE family decaheme c-type cytochrome [Granulicella aggregans]
SNS70933.1	other	Granulicella rosea	120.1	126.4	SNS70933.1 decaheme c-type cytochrome, DmsE family [Granulicella rosea]
WP_089407560.1	other	Granulicella rosea	120.1	126.4	WP_089407560.1 DmsE family decaheme c-type cytochrome [Granulicella rosea]
TAM56940.1	other	Acidobacteriota bacterium	118.8	115.1	TAM56940.1 MAG: DmsE family decaheme c-type cytochrome [Acidobacteriota bacterium]
SJZ93257.1	other	Selenihalanaerobacter shriftii	117.1	121.7	SJZ93257.1 decaheme c-type cytochrome, DmsE family [Selenihalanaerobacter shriftii]
RMG50552.1	other	Acidobacteriota bacterium	112.5	138.9	RMG50552.1 MAG: DmsE family decaheme c-type cytochrome [Acidobacteriota bacterium]
SDS43818.1	other	Opitutus sp. GAS368	103.5	102.3	SDS43818.1 decaheme c-type cytochrome, DmsE family [Opitutus sp. GAS368]
SYZ73035.1	other	Candidatus Zixiibacteriota bacterium	101.1	95.5	SYZ73035.1 putative Decaheme c-type cytochrome, DmsE family [Candidatus Zixiibacteriota bacterium]
STO14127.1	other	Flavobacterium hibernum	26.7	19.1	STO14127.1 decaheme c-type cytochrome, DmsE family [Flavobacterium hibernum]
APZ90920.1	other	Fuerstiella marisgermanici	22.8	17.6	APZ90920.1 decaheme c-type cytochrome, DmsE family [Fuerstiella marisgermanici]
STP85391.1	other	Edwardsiella ictaluri	22.5	0.0	STP85391.1 decaheme c-type cytochrome, DmsE family [Edwardsiella ictaluri]
SON54788.1	other	Hartmannibacter diazotrophicus	21.3	15.5	SON54788.1 decaheme c-type cytochrome, DmsE family [Hartmannibacter diazotrophicus]
SQI40369.1	other	Leminorella richardii	18.3	0.0	SQI40369.1 decaheme c-type cytochrome, DmsE family [Leminorella richardii]
VFS49634.1	other	Budvicia aquatica	17.6	0.0	VFS49634.1 decaheme c-type cytochrome, DmsE family [Budvicia aquatica]
APZ93756.1	other	Fuerstiella marisgermanici	16.8	0.0	APZ93756.1 decaheme c-type cytochrome, DmsE family [Fuerstiella marisgermanici]
VFS59248.1	other	Leminorella grimontii	15.3	0.0	VFS59248.1 decaheme c-type cytochrome, DmsE family [Leminorella grimontii]
CUJ83311.1	other	Shimia thalassica	15.2	28.0	CUJ83311.1 decaheme c-type cytochrome, DmsE family [Shimia thalassica]
APZ91369.1	other	Fuerstiella marisgermanici	0.0	18.0	APZ91369.1 decaheme c-type cytochrome, DmsE family [Fuerstiella marisgermanici]
SUI74271.1	Shewanella_DmsE	Shewanella algae	0.0	14.8	SUI74271.1 decaheme c-type cytochrome, DmsE family [Shewanella algae]
STC83103.1	other	Edwardsiella hoshinae	0.0	21.7	STC83103.1 decaheme c-type cytochrome, DmsE family [Edwardsiella hoshinae]
CTQ76646.1	other	Roseibium alexandrii	0.0	14.5	CTQ76646.1 decaheme c-type cytochrome, DmsE family [Roseibium alexandrii]
VEE61649.1	Shewanella_DmsE	Shewanella putrefaciens	0.0	20.8	VEE61649.1 decaheme c-type cytochrome, DmsE family [Shewanella putrefaciens]
CUH48517.1	other	Ruegeria atlantica	0.0	29.7	CUH48517.1 decaheme c-type cytochrome, DmsE family [Ruegeria atlantica]
QEW20692.1	other	Marinibacterium anthonyi	0.0	23.8	QEW20692.1 decaheme c-type cytochrome, DmsE family [Marinibacterium anthonyi]
ALO16082.1	other	Salinivirga cyanobacteriivorans	0.0	23.4	ALO16082.1 decaheme c-type cytochrome, DmsE family [Salinivirga cyanobacteriivorans]
CUH41605.1	other	Ruegeria atlantica	0.0	30.8	CUH41605.1 decaheme c-type cytochrome, DmsE family [Ruegeria atlantica]
CUH73858.1	other	Thalassovita autumnalis	0.0	17.7	CUH73858.1 decaheme c-type cytochrome, DmsE family [Thalassovita autumnalis]
VTS63668.1	other	Streptococcus dysgalactiae subsp. equisimilis	0.0	20.3	VTS63668.1 decaheme c-type cytochrome, DmsE family [Streptococcus dysgalactiae subsp. equisimilis]
CUH67365.1	other	Thalassovita autumnalis	0.0	17.7	CUH67365.1 decaheme c-type cytochrome, DmsE family [Thalassovita autumnalis]
